S.No.,Student Name,DOB (DD/MM/YYYY),Father Name,Mother Name,Gender,Caste,Minority Status,Person With Disability,Parent Annual Income (In Rs.),Email Id,Mobile No.,Aadhaar No. (in 12 digit),Village,City,Tehsil,District,State,Pin Code
1,BEAUTIKUMARI SHRI RAMDEVPRASAD,06/16/1997,RAMDEVPRASAD,RINKU DEVI,Female,General,NA,NA,95000,beautimodi143@gmail.com,9004515594,218705792002,JHARKHAND,MUMBAI,MUMBAI SUBURBAN,BORIVALI,MAHARASHTRA ,400066
2,ANJU KONAI,07/08/1994,ASTICK KONAI,JHARNA KONAI,Female,General,NA,NA,900000,anju.konai@gmail.com,9768421963,393087232891,MUMBAI,MUMBAI,MUMBAI SUBURBAN,MUMBAI,MAHARASHTRA ,400005
3,Juwairiah Ansari,04/07/1995,Irfan Ahmed,Parveen,Female,General,NA,NA,50000,juveriyaha@gmail.com,9892581610,741199957571,mumbai,MUMBAI,MUMBAI,MUMBAI ,MAHARASHTRA ,400008
4,Sharmeen Ansari ,09/16/1995,Mohammed Umer Ansari,Raees Fatma Ansari,Female,General,NA,NA,230000,sharumer09@gmail.com,8082634167,418314543399,Mumbai,Mumbai,Agripada,Byculla,MAHARASHTRA ,400011
5,Sayali Chandivade,01/30/1998,Sanjay Chandivade,Snehal Chandivade,Female,General,NA,NA,50000,sayalisc31.ss@gmail.com,8454936031,664064312662,mumbai,MUMBAI,Mumbai,Mumbai Suburban,MAHARASHTRA ,400080
6,Urmi,09/21/1997,Manish,Krina,Female,General,NA,NA,500000,urmichheda.21.uc@gmail.com,7506040285,856630307653,Kutch,Mumbai,Kurla,Mumbai suburban,MAHARASHTRA ,400080
7,Jacintha Albert Mary Coutinho ,12/18/1974,Albert ,Mary,Female,General,NA,NA,200000,rachucoutinho@yahoo.com,8070315888,631302589507,Funaspada,Waliv,Vasai East,Palghar,MAHARASHTRA ,401208
8,Monika Ramavtar Dixit,05/01/1993,Ramavtar Shreegopal Dixit,Suman Ramavtar Dixit,Female,General,NA,NA,100000,monikadixit0105@gmail.com,9833437204,971032971888,Worli,Mumbai,Worli,Mumbai,MAHARASHTRA ,400030
9,Jahnvi Doshi,04/29/1997,Jatin Doshi,Trupti Doshi,Female,General,NA,NA,500000,jahnvidoshi29@gmail.com,8828000495,662206104231,jamnagar,mumbai,borivali,mumbai,MAHARASHTRA ,400067
10,Melvina John D'souza ,01/05/1991,John D'souza ,Helen D'souza ,Female,General,NA,NA,240000,dsouzamelvina@gmail.com ,7030118589,629922010296,Chinchpada ,Kalyan ,East,Thane ,MAHARASHTRA ,421306
11,Delisa.Fernandes,08/19/1995,Anthony Fernandes,Hycintha Fernandes,Female,General,NA,NA,200000,delisa.fernandes08@gmail.com,9820908625,658713768403,Goa,Mumbai,Mumbai,Mumbai,MAHARASHTRA ,400012
12,Yashvi  Gada,06/10/1998,Navin Gada,Pushpa Gada,Female,General,NA,NA,200000,yashvigada1111@gmail.com ,9594124037,866580415801,Bhachau,Mumbai,Mumbai,Andheri,MAHARASHTRA ,400055
13,Pooja Gala,08/25/1998,Nilesh Gala,Neepa Gala,Female,General,NA,NA,400000,galapooja25@gmail.com,9167154426,291476839092,Kutch,Mumbai,Mumbai,Mumbai city,MAHARASHTRA ,400080
14,Sneh Gehi,12/21/1996,Vinay,Prerna,Female,General,Yes,NA,600000,snehgehi@gmail.com,9820654651,268631504635,Mumbai,Mumbai,Mumbai,Mumbai,MAHARASHTRA ,400016
15,Dianne Castern Gonsalves,09/21/1998,Castern Gonsalves,Genevieve Gonsalves,Female,General,NA,NA,912000,diannecgonsalves@gmail.com,9757011130,203186159455,Nil,Mumbai,Kurla,Mumbai Suburban,MAHARASHTRA ,400070
17,Gyanchandani Bhavika Devidas,06/11/1999,Shyam Gyanchandani,Komal Gyanchandani,Female,General,Yes,NA,50000,gyanchandani.06@gmail.com,9833813388,872474789604,Mumbai,Mumbai,Virar west,Palghar,MAHARASHTRA ,401303
18,Priyanka Hasija ,05/09/1998,Devidas Hasija,Kiran Hasija,Female,General,Yes,NA,600000,hasija.priyanka1998@gmail.com ,9819173211,505874249759,Thane,Thane,Thane,Thane,MAHARASHTRA ,400610
19,Jyoti navin jha,08/02/1998,Navin jha,Asha  jha,Female,General,NA,NA,90000,Jyotijha702@gmail.com,8655250368,808361293041,Bihar,Mumbai,Mumbai,Mumbai,MAHARASHTRA ,400071
20,Shraddha Jha,01/26/1994,Ashwinikumar Jha,Preeti Jha,Female,General,NA,NA,500000,shradhajha1037@gmail.com,8793228747,204648263894,None,Mumbai,Mumbai,Worli Naka,MAHARASHTRA ,400018
21,Pooja Kanojia,11/25/1997,Raju ,Dakshana,Female,General,NA,NA,100000,poojakanojia97@gmail.com,9136186109,664043033249,Gorakhpur,Mumbai,Malbar hill,Mumbai,MAHARASHTRA ,400006
22,Samreen  Khan,05/14/1997,Asif khan,shahnaz khan,Female,General,NA,NA,100000,samreenkhanx01@gmail.com,9699618071,590455446616,Gujarat,Mumbai,mumbai,maharashtra,MAHARASHTRA ,400003
23,Anjali Makwana ,03/30/1998,Samu Makwana ,Hemlata Makwana ,Female,General,NA,NA,50000,anjalimak30@gmail.com,8850837344,289431364581,Gujarat,Mumbai,Mumbai,Mumbai,MAHARASHTRA ,400036
24,Pooja Sanjay Mantri,12/05/1996,Sanjay Jalandar Mantri,Nirmala Sanjay Mantri,Female,General,NA,NA,3.5,poojim96@gmail.com,8828101011,211833267906,None,Mumbai,Mumbai,Worli Naka,MAHARASHTRA ,400018
25,Arshiya Maple,09/20/1998,Mohd.Ibrahim,Shaheen Maple,Female,General,NA,NA,200000,arshiyamaple8@gmail.com,7710855084,313596385204,None,Mumbai,Mumbai,Mumbai,MAHARASHTRA ,400008
26,Uzma Maple,09/20/1998,Mohd Ibrahim Maple,Shaheen Maple,Female,General,NA,NA,200000,uzmamaple80@gmail.com,9324795051,490352364470,Ratnagiri,Mumbai,Mumbai,Mumbai City,MAHARASHTRA ,400008
27,Sakshi Mehta,12/16/1998,Sanjay Mehta,Sonali Mehta,Female,General,NA,NA,400000,sakshimehta1612@gmail.com,8286468223,782941236034,Mumbai,Mumbai,Mumbai,Mumbai,MAHARASHTRA ,400027
28,HIRAL DEEPAK PANCHAL ,07/06/1997,DEEPAK NAVNIT PANCHAL ,DARSHANA DEEPAK PANCHAL ,Female,General,NA,NA,150000,hdp6797@gmail.com ,8369363168,930315696563,Mumbai ,Mumbai,Mumbai,Mumbai,MAHARASHTRA ,400004
29,Mubaraka Radhanpurwala ,06/30/1993,Juzar,Maria,Female,General,NA,NA,150000,mubborocks@gmail.com,9930068442,621218069155,Mumbai ,Mumbai,Mumbai,Mumbai,MAHARASHTRA ,400003
30,Maithili Raikar,05/10/1995,Rajesh,Babita,Female,General,NA,NA,500000,raikar.maithili@gmail.com,9870592105,886118568111,Goa,mumbai,mumbai,mumbai,MAHARASHTRA ,400002
31,Randive Harshada Rajaram,02/02/1996,Rajaram,Jayashree,Female,General,NA,NA,400000,shraddharanadive@gmail.com,9820506533,451388876547,mumbai,mumbai,mumbai,mumbai,MAHARASHTRA ,400008
32,Fatema Rangwala ,09/28/1997,Shakir Rangwala,Durriya Rangwala ,Female,General,NA,NA,500000,fatema525397@gmail.com ,9769862952,614827766801,Mumbai,Mumbai,Mumbai ,Mumbai,MAHARASHTRA ,400001
33,Preeti Rathour,11/29/1991,Dinesh Singh,Shikha Rathour,Female,General,NA,NA,120000,preetirthr533@gmail.com,9969551464,376536968750,Raigarh,Navi Mumbai,Raigarh,Raigarh,MAHARASHTRA ,410209
34,Heli Sadhani,01/07/1996,Shrenik Sadhani,Rupal Sadhani,Female,General,NA,NA,400004,sadhanihelly@yahoo.in,9619251630,479275985670,Mumbai,Mumbai,Mumbai,Mumbai,MAHARASHTRA ,400004
35,Shakshi Salecha,04/01/1998,Dinesh salecha,Indu salecha,Female,General,NA,NA,800000,sakshisalecha12@gmail.com,9930397728,611553240266,Bhinmal,Mumbai,Mumbai,Maharashtra ,MAHARASHTRA ,400008
36,Asawari Sarang,05/23/1998,Shailesh Sarang,Gauri Sarang,Female,General,NA,NA,180000,sarangasawari123@gmail.com,7506559259,428941215395,khar East,Mumbai,Andheri,Mumbai Suburban ,MAHARASHTRA ,400055
37,Dhara Niraj Shah,02/03/1997,Niraj Shah,Avina Shah,Female,General,NA,NA,300000,dharashah526@gmail.com,9004058571,766919984810,Palanpur,Mumbai,Mumbai,Mumbai city,MAHARASHTRA ,400003
38,Aafiya Shaikh Abdulsamad,04/13/1999,Abdul Samad Shaikh,Fausiya Shaikh,Female,General,NA,NA,100000,aafiyas46@gmail.com,9136372758,791011099801,Mumbai,Mumbai,Mumbai ,Mumbai,MAHARASHTRA ,400050
39,Arbaaz Iftikar Shaikh,11/22/1998,Iftikar Shaikh,Tasneem Shaikh,Male,General,NA,NA,80000,arbaa358383@gmail.com,9969893578,568825988374,Mumbai,Mumbai,Mumbai ,Mumbai,MAHARASHTRA ,400003
40,Bushra Shaikh,08/11/1998,Shakeel Shaikh,Zubaida Shaikh,Female,General,NA,NA,100000,bushrashaikh9869@gmail.com,9619123517,368355787903,Mumbai,Mumbai,Mumbai ,Mumbai,MAHARASHTRA ,400010
41,Salsabeel Shaikh,09/28/1996,AIAUDDIN SHAIKH,Waheeda Sultan,Female,General,NA,NA,200000,sabedshaikh2806@gmail.com,9769601512,368355787903,Mumbai,Mumbai,Mumbai ,Mumbai,MAHARASHTRA ,400008
42,Zubia Shaikh,04/06/1997,Hamid Shaikh,Nuzhat Shaikh,female,General,NA,NA,700000,zubia.shaikh24@gmail.com,9619335934,263875078084,Mumbai,Mumbai,Mumbai ,Mumbai,MAHARASHTRA ,400024
43,Aditi Anil Shastri,11/14/1997,Anil Shastri,Deepali Shastri,Female,General,NA,NA,500000,s.aditi167@gmail.com,9987027697,368745734288,Mumbai,Mumbai,Mumbai,Mumbai,MAHARASHTRA ,400004
44,Sakshi Vilas Shirgaonkar,10/23/1998,Vilas,Neeta,Female,SC,NA,NA,588649,sakshishirgaonkar940@gmail.com,7738306296,281500467580,Ratnagiri,Mumbai,Mumbai, Navi  Mumbai,MAHARASHTRA ,400708
45,Arnaaz.Zubin Shaikh,12/30/1995,Zubin Shroff,Dinaz Shroff,Female,General,NA,NA,500000,arnaazshroff12@gmail.com,7021331965,957503876639,Mumbai,Mumbai,Mumbai,Mumbai,MAHARASHTRA ,400034
46,SHIKHA HARENDRAPRATAP SINGH,02/09/1995,HARENDRAPRATAP SINGH,SUNITA SINGH,Female,General,NA,NA,200000,shikhasing1995902@gmail.com,9665666460,798401898096,Sativali,Mumbai,Waliv,PALGHAR,MAHARASHTRA ,401208
47,Minal Sipani ,09/28/1997,Vinod Sipani,Mamta Sipani,Female,General,NA,NA,500000,minal.sipani@gmail.com ,9320444558,220260574301,Bikaner,Mumbai,Mumbai ,Mumbai,MAHARASHTRA ,400002
48,Nikita Soni,11/21/1998,Jagdish,Rekha,Female,General,NA,NA,700000,ns1862903@gmail.com,9167400572,887162365947,Rajasthan,Mumbai,Mumbai,Mumbai,MAHARASHTRA ,400012
49,Surabhi Yadav,03/28/1994,ShriGopal Singh,Usha Yadav,Female,General,NA,NA,700000,surabhiyadav5@gmail.com,8655920508,380625805171,Nerul,Navi Mumbai,Thane,Thane,MAHARASHTRA ,400706
50,Ritika Makhija,11/12/1997,Rajesh Makhija,Shivai Makhija,Female,General,Yes,NA,1000000,ritikarajeshmakhija@gmail.com,9619333453,306567179194,Mumbai,Mumbai,Mumbai ,Mumbai,MAHARASHTRA ,400052
S.No.,Student Name,DOB (DD/MM/YYYY),Father Name,Mother Name,Gender,Caste,Minority Status,Person With Disability,Parent Annual Income (In Rs.),Email Id,Mobile No.,Aadhaar No. (in 12 digit),Village,City,Tehsil,District,State,Pin Code
1,Humaera.N.M. Achhwa,06/06/1986,Noor Mohammed,Rukhsana,Female,OBC,NA,NA,96000,rhrisehigh@yahoo.com,9892784986,223221312711,Gujrat/ratnagiri,Mumbai,none,Mumbai,MAHARASHTRA ,400003
2,ALIYA ALAM,04/07/2000,MANZOOR ALAM,SHEHNAZ ALAM,Female,General,NA,NA,100000,aliyaalam2000@gmail.com,9004805601,351590497323,MUMBAI,MUMBAI,none,Mumbai,MAHARASHTRA ,400011
3,Shraddha Pramod Anchewar,10/04/1998,Pramod Anchewar,Savita Anchewar,Female,General,NA,NA,100000,shraddhaanchewar6@gmail.com,7977816297,951234414423,Andrapradesh,Mumbai,No,Mumbai,MAHARASHTRA ,400008
4,Ansari Anusha Asif,05/09/2002,Asif Ansari,Siddiqa Ansari,Female,General,NA,NA,100000,ansarianusha96@gmail.com,8928702602,216051214211,Mumbai,Mumbai,none,Mumbai south,MAHARASHTRA ,400008
5,Ansari Atika,10/20/2000,Kausar Ansari,Shabina Ansari,Female,General,NA,NA,50000,attoansari20@gmail.com,9653155187,612567768589,Jharkhand,Mumbai,Byculla,Byculla,MAHARASHTRA ,400008
6,Ansari Mudassira Mohd. Ayub,09/04/2001,Mohd. Ayub,Shaheen Bano,Female,General,NA,NA,100000,muddasansari67@gmail.com,9082694384,970552640389,Mumbai,Mumbai,No,No,MAHARASHTRA ,400018
7,Ansari Shifa Mohd Altaf,05/13/2000,Ansari Mohd Altaf,Ansari Raisa Bano,Female,General,NA,NA,100000,96063173az@gmail.com,9987111247,571054547534,Mumbai,Mumbai,No,Mumbai,MAHARASHTRA ,400008
8,Umera baig,10/30/1997,Muzaffar Baig,Tahera Baig,Female,General,NA,NA,50000,umerabaig161017@gmail.com,7666831968,999002402015,Amravati,Mumbai,Murtizapur,Maharashtra,MAHARASHTRA ,400055
9,Hinal Darji,01/01/2002,Rakesh Darji,Nita Darji,Female,General,NA,NA,100000,hinaldarji11@gmail.com,8169648107,420512375972,Khedbhrama ,Mumbai,No,Mumbai,MAHARASHTRA ,400004
10,Darvesh Asiya Mohd Iqbal,10/19/2001,Darvesh Mohd Iqbal,Darvesh Irfana,Female,General,NA,NA,100000,darveshasiya@gmail.com,9967840497,757738870696,Mumbai,Mumbai,No,Mumbai,MAHARASHTRA ,400008
11,Varada Devendra Dhonde,08/24/1994,Devendra Dhonde,Devyani Dhonde,Female,General,NA,NA,125000,varada.dhonde24@gmail.com,9022909029,637583634099,Vasai,Vasai,Vasai,Palghar,MAHARASHTRA ,401208
12,Mellissa Fernandes,07/24/1996,Julio,Julie,Female,General,NA,NA,100000,mellifernandes24@gmail.com,9930776364,278101948212,Mumbai,Mumbai,Mumbai,Maharashtra,MAHARASHTRA ,400027
13,Ankita Mangilal Jain,03/17/1994,Mangilal Ramchand Jain,Panna Mangilal Jain,Female,General,NA,NA,400000,ankitamjain94@gmail.com,9930507577,650762206172,"Bankli, Rajasthan",Mumbai,Mumbai,Mumbai,MAHARASHTRA ,400005
14,Komaljeet shivkumar jaiswar,01/02/2002,SHIVKUMAR HARIRAM JAISWAR,KIRAN SHIVKUMAR JAISWAR,Female,SC,NA,NA,400000,Kamaljeet.jaiswar22@gmail.com,7718008522,423263855776,Mumbai,Uran,Uran,Raigad,MAHARASHTRA ,400704
15,Sadaf Mohammed Siddique jetpurwala ,09/05/1994,Mohammed Siddique jetpurwala ,Maimuna jetpurwala ,Female,General,NA,NA,120000,Sadafjetpurwala1994@gmail.com,8369840656,305507239419,None,Mumbai,None,None,MAHARASHTRA ,400003
16,Kajal Dhirendra Jha,08/03/2000,Dhirendra Jha,Sarita Jha,Female,General,NA,NA,300000,kajaljha520@gmail.com,9930581837,281054917693,No,Mumbai,Mumbai,Mumbai,MAHARASHTRA ,400001
17,Sharmin Kandawalla ,12/19/1993,Adil Kandawalla ,Shiraz Kandawalla ,Female,General,NA,NA,100000,sharminkandawalla@yahoo.co.in,9833874925,894807866528,Mumbai ,Mumbai ,No,Mumbai ,MAHARASHTRA ,400007
18,Sindhu Kashyap,09/09/1989,Kailash Nath,Kamla devi,Female,General,NA,NA,120000,sindhukashyap09@gmail.com,9987869662,880658015780,Geeta nagar,Mumbai,Mumbai,Mumbai,MAHARASHTRA ,400005
19,Shahin khan,05/26/1998,Nisar khan,Raisa Khan,Female,General,NA,NA,144000,nilofarkhan460@gmail.com,7021925041,622907131856,Lucknow,Mumbai,Dont know,Mumbai,MAHARASHTRA ,400005
20,Kajal pankaj makwana,05/04/1995,Pankaj chatur makwana,Usha pankaj makwana,Female,SC,NA,NA,15000,makwanakajal70@gmail.com,9892776475,849338131641,Gujarat,Mumbai,No,No,MAHARASHTRA ,400034
21,Krupa Makwana .,02/06/2001,Pankaj C Makwana ,Usha P Makwana ,Female,SC,NA,NA,15000,krupamakwana1@gmail.com,8828282706,517247101339,Gujarat ,Mumbai,Mumbai ,Mumbai,MAHARASHTRA ,400034
22,Sahima Memon,12/15/1996,Farook,Sabera,Female,General,NA,NA,180000,sahimamemon30@gmail.com,8369266805,407281086651,Gujarat- Rajkot,Mumbai,No,Mumbai,MAHARASHTRA ,400003
23,Saima Motorwala,06/02/2000,Ayub Abdulla Motorwala,Fehmida Ayub Motorwala,Female,General,NA,NA,3000000,saimamotorwala786@gmail.com,9022054565,987208095446,No,Mumbai,No,Mumbai,MAHARASHTRA ,400003
24,Multani Hafsa Bashir,10/24/2001,Multani Bashir,Multani Rashida ,Female,General,NA,NA,250000,multanihafsa@gmail.com,9004622041,218165801079,No,Mumbai,No,Mumbai,MAHARASHTRA ,400008
25,Rhea Nair,01/02/2000,Rajeev Nair,Poornima Vijayan,Female,General,NA,NA,250000,reese2000nair1@gmail.com,9619636007,361880977600,Chembur,Mumbai,Chembur,Mumbai,MAHARASHTRA ,400071
26,Arfiya Pawaskar,12/10/1998,Arif,Anisa,Female,General,NA,NA,400000,arfiyapawaskar12@gmail.com,9769747906,842267461220,Laanja,Mumbai,Same as above,Ratnagiri,MAHARASHTRA ,400009
27,Pillai Jenefer babu Anthony ,09/04/2001,Babu Anthony ,Ratna,Female,General,NA,NA,12000,Pillaijenifer491@gmail.com ,9372657527,668017937305,Trinaveli,Mumbai ,Kurla,Panvel,MAHARASHTRA ,400043
28,Krutika Pujare,11/10/2001,Umesh Pujare ,Snehal Pujare ,Female,OBC,NA,NA,80000,Pujare.krutika@gmail.com ,8108849395,798769032184,Devghad ,Mumbai ,Mumbai ,Mumbai ,MAHARASHTRA ,400006
29,Qureshi falak,07/15/1998,Mohd zubair,Shabnam,Female,General,NA,NA,100000,qfalak97@gmil.com,7039402720,269991364198,NA,Mumbai,NA,Mumbai,MAHARASHTRA ,400003
30,Sayyed Farheen,03/30/2001,Sayyed Muzaffar Ali,Sayyed Shabnam,Female,General,NA,NA,200000,farheensayyed107@gmail.com,7045268630,699924712473,Uttrakhand,Mumbai,No,Mumbai,MAHARASHTRA ,400017
31,Krupa Makwana .,02/06/2001,Pankaj C Makwana ,Usha Makwana ,Female,SC,NA,NA,15000,krupamakwana1@gmail.com,8828282706,517247101339,Gujarat ,Mumbai,Mumbai ,Mumbai ,MAHARASHTRA ,400034
32,Inshira Shaikh,12/18/2001,Shakil Shaikh,Nasreen Shaikh,Female,General,NA,NA,100000,shaikhinshira12@gmail.com,9769699642,408166835544,No,Mumbai,No,Mumbai,MAHARASHTRA ,400008
33,Taiyba Shaikh,10/10/2000,Nasiruddin Shaikh,Ashma Shaikh,Female,OBC,NA,NA,164000,taiybashaikh2000@gmail.com,8779664979,542551416489,Mumbai,Mumbai,Colaba ,Mumbai,MAHARASHTRA ,400005
34,Kiran M Shah,08/07/1988,Mansukhlal L Shah,Manjula M Shah,Female,General,NA,NA,500000,kiran.s28312@gmail.com,8879231263,805759762580,Bhachau kutch,Mumbai,Mumbai,Mumbai,MAHARASHTRA ,400005
35,Anjali vanjara,01/24/1999,Hemant vanjara,Deena vanjara,Female,SC,NA,NA,6000,deenavanjara@gmail.com ,7039493049,334133658727,Bhavnagar gujrat,Mumbai,No,Mumbai,MAHARASHTRA ,400009
S.No.,Student Name,DOB (DD/MM/YYYY),Father Name,Mother Name,Gender,Caste,Minority Status,Person With Disability,Parent Annual Income (In Rs.),Email Id,Mobile No.,Aadhaar No. (in 12 digit),Village,City,Tehsil,District,State,Pin Code
1,Mantasha Akhlaque Ansari,02/15/1998,Akhlaque Ansari,Tabassum Ansari,Female,General,NA,NA,250000,mantashaansari163@gmail.com,8655171418,421095804765,Mumbai,Mumbai,Mumbai,Mumbai,MAHARASHTRA ,400008
2,NIDA ANSARI,06/30/1997,MOHD. NASIR,SABEENA,Female,General,NA,NA,450000,nidaansari197@gmail.com,9773909359,212334894243,--,MUMBAI,--,MUMBAI,MAHARASHTRA ,400070
3,Asarieth Chippy Jyothi,05/11/1995,A.P. Jyothi,Bindu Jyothi ,Female,General,NA,NA,300000,chippyjyothicj36@gmail.com,8879454106,499576791010,Kurar Village ,Mumbai,Borivli,Thane,MAHARASHTRA ,400097
4,Huzefa Attaree,06/17/1992,Shabbir Attaree,Vazira Attaree,Male,General,NA,NA,300000,huzefaattaree52@gmail.com,9637870421,725087273047,Surat,Virar,Vasai,Palghar,MAHARASHTRA ,401305
5,Bhagirathi Arvind,08/11/1977,T.H.S. Eswaran,Lakshmi Eswaran,Female,General,NA,NA,300000,Bhagirathia@gmail.com,9820769548,876416373319,Mumbai,Navi Mumbai,Kharghar,Navi Mumbai,MAHARASHTRA ,410210
6,Komal Bhatia ,12/19/1994,ASHOK BHATIA ,Malti Bhatia ,Female,General,Yes,NA,72000,kmlbhatia2@gmail.com,8369468292,474396733991,Mumbai,Mumbai,Borivali,Mumbai ,MAHARASHTRA ,400064
7,Aakash Vinod Chauhan,01/17/1997,Vinod Bhogilal Chauhan ,Sangeeta Vinod Chauhan,Male,General,NA,NA,300000,aakashviru@gmail.com ,8767852066,203001968500,Idar,Mumbai,Mumbai,Mumbai city,MAHARASHTRA ,400004
8,Angel Chettiar,11/02/1995,John William ,Jacquline,Female,General,NA,NA,250000,angelchettiar123@gmail.com ,8652032922,914964266939,Goregaon,Mumbai Suburban ,Borivali,Mumbai,MAHARASHTRA ,400104
9,Fatema Chitalwala,08/19/1997,Badruddin,Sakina,Female,General,NA,NA,300000,fatemachitalwala19@gmail.com,9029428161,701347554536,Chital,Mumbai,Mumbai,Mumbai,MAHARASHTRA ,400010
10,Suman Dhanani,02/19/1996,Jagdish Dhanani,Laxmi Dhanani,Female,General,NA,NA,200000,sumanjagdishdhanani@gmail.com,9930117340,749962814835,None,Mumbai,Andheri,Mumbai Suburban ,MAHARASHTRA ,400052
11,Michelle Dias,02/03/1998,Sebastian Dias,Irine Dias,Female,General,NA,NA,100000,michelledias3298@gmail.com,8149253037,382849307340,Atoli nanbhat virar wear,Mumbai,Vasai,Palghar,MAHARASHTRA ,401203
12,Aditi Ghodekar,01/07/1995,Rajendra Ghodekar,Mandakini Ghodekar,Female,General,NA,NA,1000000,aditig4674@gmail.com,9699886787,614923114871,Mumbai,Mumbai,Parel,Mumbai,MAHARASHTRA ,400012
13,Karishma Santosh Gupta,12/29/1994,Santosh Ramnath Gupta,Manju Santosh Gupta,Female,General,NA,NA,250000,karishmaneha42@gmail.com,9372604981,553387337403,Mumbai,Mumbai,Mumbai,Mumbai,MAHARASHTRA ,400034
14,Pooja Gupta,12/30/1997,Ramesh Gupta,Kiran Gupta,Female,General,NA,NA,240000,pooja.gupta7027@gmail.com,7208296360,523045614864,Bandra,Mumbai,Andheri,Mumbai,MAHARASHTRA ,400050
15,Priyanka hassani,04/02/1996,Mahesh,Tanuja ,Female,General,Yes,NA,200000,Priyanka_hassani@hotmail.com ,8779443345,558211931146,Mumbai,Mumbai ,Mumbai district ,Mumbai,MAHARASHTRA ,400020
16,Divya Dineshkumar Jain,06/21/1995,Dineshkumar Jain,Rashila Jain,Female,General,NA,NA,240000,divyajain2195.dj@gmail.com,8879950862,730127284017,Bisalpur,Pali,Pali,Pali,RAJASTHAN ,306126
17,Twinkle Khanwani,03/17/1998,Suresh Khanwani,Vanita Khanwani,Female,General,Yes,NA,600000,twinklekhanwani12345@gmail.com,8888065666,368415827751,Ulhasnagar ,Ulhasnagar ,Ulhasnagar ,Thane,MAHARASHTRA ,421001
18,Abhilasha Khetan ,07/24/1992,Prakash Khetan,Seema Agarwal ,Female,General,NA,NA,3000000,Abhilasha.k.a@gmail.com,9619070013,257869997583,Mumbai,Mumbai,Mumbai,Mumbai,MAHARASHTRA ,400034
19,Dr. Jharna Kotwani,07/26/1991,Sunil,Vandana,Female,General,Yes,NA,800000,drjharna26@gmail.com,9833793093,685238483140,N/A,Mumbai,Mumbai,Mumbai,MAHARASHTRA ,400002
20,Ashvini Lotankar,01/01/1997,Pradeep,Pranita,Female,General,NA,NA,400000,ashwini.lotankar97@gmail.com,9029503196,731628884446,Mumbai,MUMBAI,Mumbai(Old custom),Mumbai,MAHARASHTRA ,400002
21,Nitika ramnavami mali,06/17/2019,Ramnavami mali,Vimlesh mali,Female,General,NA,NA,100000,nmnitika711@gmail.com,8983281203,879820340041,Nallasopara east,Mumbai,Vasai,Palghar,MAHARASHTRA ,401209
22,Zoshima Mendes,09/15/1974,Brigalds D'Souza,Maria D'Souza,Female,General,NA,NA,360000,zomend@gmail.com,9819393188,293241193154,Mumbai,Mumbai,Mumbai,Mumbai City,MAHARASHTRA ,400001
23,Dhruman Sanjay Merchant,10/01/1995,Sanjay Merchant,Aarti Merchant,Male,OBC,NA,NA,200000,dhrumanmerchant1@gmail.com,9920129232,946458106187,"Daman, Gujurat",Mumbai,Mumbai,Mumbai,MAHARASHTRA ,400004
24,Hitika Mirg,08/01/1995,Anil,Komal,Female,General,Yes,NA,1500000,Hitika_mirg@hotmail.com,9769711268,362560935509,NA,Mumbai,Andheri,Suburban,MAHARASHTRA ,400102
25,Swathi Nair,07/08/1997,Shivkumaran Nair,Valsala Nair,Female,General,NA,NA,300000,swatinair9710@gmail.com,9821882859,838094389176,"Venganoor, Thiruvananthapuram",Thane West,Thane,Thane,MAHARASHTRA ,400606
26,Amrita Punjabi,02/24/1996,Prakash Punjabi,Jaya Punjabi,Female,General,Yes,NA,500000,amritapunjabi19@gmail.com,8898520260,994616679767,Mumbai,Mumbai,Mumbai,Mumbai,MAHARASHTRA ,400074
27,Sumaiya Naz Qureshi,06/10/1996,Ahmad Jan Qureshi,Mumtaz Begum,Female,OBC,NA,NA,96000,sumaiyaq68@gmail.com,9702995818,600613666688,MUMBAI,MUMBAI,MUMBAI,MUMBAI,MAHARASHTRA ,400008
28,Theresa Rodrigues,09/06/1997,Ijidor,Valentine,Female,General,NA,NA,4000000,rodriguestheresa13@gmail.com,9920412856,503639574691,Malvan,Bhayander,Thane,Thane,MAHARASHTRA ,401101
29,Lipi Manoranjan Saha,11/06/2019,Manoranjan Saha,Usha Saha,Female,General,NA,NA,204000,lipisaha9282@gmail.com,9167169058,592852161063,Malad,Mumbai,Borivali ,Borivali ,MAHARASHTRA ,400095
30,Arin Yusuf Sayed,09/08/1997,Yusuf,Nafisa ,Female,General,NA,NA,350000,arinsayed8997@gmail.com,8779371890,611245537142,Sawantwadi ,Mumbai ,Mumbai ,Mumbai ,MAHARASHTRA ,400008
31,Jeel shah,07/29/1996,Devang,Preeti,Female,General,NA,NA,350000,jheel.shah296@gmail.com,9579530300,657258680639,Latur,MUMBAI,Mumbai suburbs,Kandivali,MAHARASHTRA ,400067
32,Maitri Shah,10/20/1995,Rajesh K Shah,Chhaya R Shah,Female,General,NA,NA,360000,maitrishah241@gmail.com,7021941663,941012465817,Killa- Pardi,Valsad,Pardi,Valsad,MAHARASHTRA ,396125
33,Sneha shah ,04/04/1989,Shailesh shah,Manisha shah ,Female,General,NA,NA,400000,onlysneha44@gmail.com ,9967933932,235955681862,Mumbai,Mumbai,Mumbai,Mumbai,MAHARASHTRA ,400020
34,VIDHI SHAH ,10/13/1995,PRASHANT SHAH ,SHAMA SHAH ,Female,General,NA,NA,1500000,vidhishah9363@gmail.com,9619590905,264418292169,Surat ,Mumbai ,Mumbai ,Mumbai ,MAHARASHTRA ,400026
35,Mehvish,11/12/1996,Nurruddin,Shabana,Female,General,NA,NA,150000,Mehvish653@gmail.com ,9969768439,882185239704,Mumbai,Mumbai,Mumbai,Maharashtra ,MAHARASHTRA ,400008
36,Mehvish shaikh ,11/12/1996,Nurruddin,Shabana,Female,General,NA,NA,150000,Mehvish653@gmail.com,9969768439,882185239704,Mumbai,Mumbai,Mumbai,Mumbai,MAHARASHTRA ,400008
37,Mehvish shaikh,11/12/1996,Nurruddin shaikh,Shabana shaikh,Female,General,NA,NA,150000,Mehvish653@gmail.com ,9969768439,882185239704,Mumbai ,Mumbai ,Mumbai ,Mumbai ,MAHARASHTRA ,400008
38,Madiya Sherewala,11/02/1995,Noor Mohamed,Hazra,Female,General,NA,NA,150000,maddysherewala@gmail.com,8691990185,220707382134,Jamnagar,Mumbai,Mumbai,Mumbai,MAHARASHTRA ,400018
39,Karishma Mahesh Singh,07/19/1990,Sunil Kumar ,Rita,Female,General,NA,NA,600000,karishmamaheshsingh@gmail.com,9867977727,849802965638,Lucknow ,Palghar,Palghar,Palghar,MAHARASHTRA ,401209
40,Priyal Solanki,05/30/1993,Subhash Solanki ,Madhu Solanki ,Female,General,NA,NA,600000,priyal_solanki@hotmail.com ,9870770001,290111109470,Rajasthan ,Mumbai ,Mumbai ,Mumbai ,MAHARASHTRA ,400004
41,Sonia ,08/13/2019,Jayesh,Asha,Female,General,NA,NA,500000,Krishisonigara@gmail.com,9619666109,777286684567,Pali - Rajasthan,Mumbai ,Mumbai ,Mumbai ,MAHARASHTRA ,400009
42,Bhoomika surana,05/08/1996,Suresh surana,Aruna surana,Female,General,NA,NA,500000,bhoomikasurana96@gmail.com,8369775720,211666961200,Rajasthan,Mumbai,Mumbai,Mumbai,MAHARASHTRA ,400033
43,Gayatri Tiwari,12/17/1994,Biseshar Tiwari,Manju Tiwari,Female,General,NA,NA,150000,Gayatri.btiwari@gmail.com,9619588903,396316207310,Bihar,Mumbai,Mumbai,Thane,MAHARASHTRA ,400605
44,Raani vatyatill,05/02/1996,Haridas Vatyatill,Shweta Vatyatill,Female,General,NA,NA,100000,rhea.vatyatill1996@gmail.com,8879021319,204571075406,Mumbai,Mumbai,Mumbai,Mumbai,MAHARASHTRA ,400037
45,Raani Haridas Vatyatill,05/02/1996,Haridas vatyatill,Shweta vatyatill,Female,General,NA,NA,100000,rhea.vatyatill1996@gmail.com,8879021319,204571075406,Mumbai,Mumbai,Maharashtra ,Mumbai,MAHARASHTRA ,400037
46,Girija Wadhwa,08/28/1996,Bharat Wadhwa,Shilpa Wadhwa,Female,General,Yes,NA,800000,girijawadhwa288@gmail.com,9821331145,604286028675,Mumbai,Mumbai,Mumbai,Mumbai,MAHARASHTRA ,400054
S.No.,Student Name,DOB (DD/MM/YYYY),Father Name,Mother Name,Gender,Caste,Minority Status,Person With Disability,Parent Annual Income (In Rs.),Email Id,Mobile No.,Aadhaar No. (in 12 digit),Village,City,Tehsil,District,State,Pin Code
1,Ansari Mantasha,11/28/2000,Mohammed Mubin,Shabnam Bano,Female,General,NA,NA,100000,ansarimantasha7021@gmail.com,9833376888,509849021336,Mumbai,Mumbai,Byculla,Mumbai,MAHARASHTRA ,400008
2,Ansari Rabeea ,06/22/1999,Iqbal Ansari ,Saleha Ansari ,Female,General,NA,NA,150000,Ansarirabeea22@gmail.com,8657835582,924165432940,None ,Mumbai,Mumbai,Mumbai,MAHARASHTRA ,400008
3,Shivani,12/14/1999,Anand,Aditi,Female,OBC,NA,NA,300000,chavanshiv92@gmail.com,9372072526,409023972013,Mumbai,Mumbai,Maharashtra,Mumbai,MAHARASHTRA ,400012
4,Meghna,08/26/1995,Balkrishna,Sujata,Female,General,NA,NA,75000,meghnachelmel2935@gmail.com,9619884867,347973225673,Hyderabad,Hyderabad,Telangana,Telangana,MAHARASHTRA ,400008
5,Larissa Sylvester Dbritto ,01/21/2001,Sylvester ,Olinda ,Female,General,NA,NA,30000,Dbrittolarissa21@gmail.com ,8806379745,652973166450,Bhati ,Mumbai ,Sopara,Palghar,MAHARASHTRA ,401203
6,Maryedna jeron Dsouza ,05/28/2000,Jeron Dsouza ,Milagrin Dsouza ,Female,General,NA,NA,100000,Maryednadouza253@gamil.com,7045299343,229668128393,Kankavli,Mumbai city ,Satara ,Mumbai,MAHARASHTRA ,400001
7,Amruta Dilip Gosavi ,05/18/2000,Dilip Gosavi,Shweta Gosavi,Female,ST,NA,NA,150000,amrutagosavi199@gmail.com,9769461026,278158363623,Sindhudurg,Mumbai ,Mumbai ,Mumbai ,MAHARASHTRA ,400014
8,Simran jaiswal,02/12/2000,Sunil jaiswal,Pramila jaiswal,Female,General,NA,NA,100000,Simjai12220000@gmail.com,8767591086,691461374475,Allahabad,Mumbai,Mumbai,Maharashtra,MAHARASHTRA ,400018
9,Alfiya Khan ,06/27/1999,Ashraf ali ,Saira bi,Female,General,NA,NA,100000,Khanalfiya2799@gmail.com,7400363152,734467833963,Khalila baad ,Mumbai ,Maharashtra ,Mumbai ,MAHARASHTRA ,400010
10,Asma khan,02/06/2001,Farooq khan,Shaheen Khan,Female,General,NA,NA,100000,asmak6457@gmail.com,7021839807,896216780264,No village,Mumbai,No tehsil,Nagpada,MAHARASHTRA ,400008
11,Jheel Kothari ,09/25/1999,Harish Kothari,Mamta Kothari ,Female,General,NA,NA,500000,Jheekothari52@gmail.com,9920728879,808776481320,Rajasthan ,Mumbai,Mumbai,Mumbai,MAHARASHTRA ,400005
12,Jhanvi Mehta,03/20/2001,Kailash mehta,Manju mehta,Female,General,NA,NA,500000,jhanvimehta320@gmail.com,8369552853,377973118871,Bishangarh,Mumbai,Mumbai,Mumbai,MAHARASHTRA ,400012
13,Parsani Manisha,12/03/1996,Nanik Parsani,Sarawati,Female,General,NA,NA,500000,Manishaparsani326@gmail.com,9769736345,989367872510,colaba market,Mumbai, ----,Mumbai,MAHARASHTRA ,400005
14,Pawar Manavi,10/23/2000,Santosh,Sonal,Female,General,NA,NA,150000,mp942507@gmail.com,9820461570,865689001810,virar,Mumbai, -----,Palghar,MAHARASHTRA ,400050
15,Qureshi Mussarat,12/02/1993,Mohd. Anis,Zulekha,Female,General,NA,NA,100000,qmusarrat72@gmail.com,9819064764,207525675159,Ghatkopar west,Mumbai, -----,Mumbai,MAHARASHTRA ,400086
16,Qureshi Saba,02/15/2001,Mohd. Aslam Qureshi,Saira Qureshi,Female,General,NA,NA,150000,qureshisaba74@gmail.com,8655951514,348069648624,Barielly,mumbai, ----,mumbai,MAHARASHTRA ,400003
17,Sumaiya Qureshi,05/12/1991,Asif Qureshi,Shagufta Qureshi,Female,General,NA,NA,96000,sumaiyaq1205@gmail.com,7506457858,409855896737,Mumbai,Mumbai,Andheri,Thane,MAHARASHTRA ,400051
18,Archana Rajak,07/24/1997,Nanku Rajak,Ramkumari Rajak,Female,General,NA,NA,175000,archurajak24@gmail.com,9082210598,283801902628,Lucknow,Mumbai,Mumbai,Mumbai,MAHARASHTRA ,400006
19,Janvi raval,09/03/2008,Hemant,Beena,Female,General,NA,NA,150000,janviraval199820@gmail.com,9702210885,979777089742,Gujrat,Ahmedabad,Himmatnagar,Idar,MAHARASHTRA ,400083
20,Ruparel Shivangi,11/12/1994,Arun,Kalpana,Female,General,NA,NA,120000,shivangi.ruparel@gmail.com,9920165369,433365506298,Mumbai,Mumbai,Mumbai,mumbai,MAHARASHTRA ,400004
21,Salvi Kaushik,04/30/1998,Ramjibhai,Gangaben,Male,General,NA,NA,350000,kaushiksalvi34@gmail.com,8655090629,805601286353,Malad,Mumbai,Borivali,Mumbai,MAHARASHTRA ,400097
22,Ria shah,09/07/1997,Vishal Shah,Vandana Shah,Female,General,NA,NA,90000,ria.shh008@gmail.com,8169311362,446796800552,Rajashthan,Mumbai,Jalore,Mumbai,MAHARASHTRA ,400002
23,Iqra shaikh,05/04/2001,Abdul sabir shaikh,Atiya khatoon shaikh,Female,General,NA,NA,120000,Shaikh.iqra2001@gmail.com,8108050717,550998112999,Uttarpradesh,Mumbai,Kurla,Mumbai suburban,MAHARASHTRA ,400079
24,Sania sumra ,08/18/2000,Mohammed yusuf sumra,Sherbano sumra,Female,General,NA,NA,95000,Sumrasania@gmail.com,7208441636,723101185489,Kutch(Gujarat) ,Mumbai,Kurla,Mumbai city ,MAHARASHTRA ,400009
25,Vishakha singh tomar,03/29/2000,Awadhesh singh tomar,Guddi tomar,Female,General,NA,NA,30000,Vishakhatomar68@gmail.com,9326444262,902093083735,Gwalior,Mumbai,Thane,Dombival,MAHARASHTRA ,421204
26,Uppar Priti,06/13/2000,Hanumanta,laxmi,Female,General,NA,NA,100000,upparpriti@gmail.com,9324287647,461025991642,karnataka,Mumbai,worli,mumbai,MAHARASHTRA ,400018
27,Anshu yadav,05/20/1998,Ramesh yadav,Usha yadav,Female,General,NA,NA,10000,anshuyadav991@gmail.com,9004192994,745655350917,Banaras,Mumbai,Fhulpur,Azamghar,MAHARASHTRA ,400006
28,Chetan Yadav,02/03/2001,Dinesh Yadav,Jagruti Yadav,Male,General,NA,NA,180000,yadav7chetan@gmail.com,7715996096,887084806975,Bhagoba nagar,Thane ,Thane ,Thane ,MAHARASHTRA ,400605
29,Asha jaigadi,05/18/1992,Janga Jaigadi ,Parvati Jaigadi,Female,General,NA,NA,80000,ashajaigadi64@gmail.com,8369155412,375538266030,Nepal,MUMBAI,Girgaon,Mumbai,MAHARASHTRA ,400004
