userno,USERNAME,SEMESTER,ROLLNO,HSC_CERTIFICATE_NAME,STUDNAME,STUDFIRSTNAME,FATHERNAME,MOTHERNAME,STUDLASTNAME,EMAILID,STUDENTMOBILE,DATE_OF_BIRTH,SEX,ADMDATE,DEGREE,COLLEGE,SUB_GROUP_NAME,AMOUNT,COLLEGE_NAME,APPROVE_STATUS,12TH_STREAMNAME,12TH_MATHSMARKS,12TH_OUT_OF_MARKS,12TH_OBTAINED_MARKS,12TH_PERCENTAGE,12TH_ATTEMPTS,12TH_BOARD_NAME,12TH_YEAR_OF_PASSING,10TH_OUT_OF_MARKS,10TH_OBTAINED_MARKS,10TH_PERCENTAGE,10TH_BOARD_NAME,10TH_YEAR_OF_PASSING,UG_QUALIFICATION_1,UG_OUT_OF_MARKS_1,UG_OBTAINED_MARKS_1,UG_PERCENTAGE_1,UG_BOARD_NAME_1,UG_YEAR_OF_PASSING_1,UG_QUALIFICATION_2,UG_OUT_OF_MARKS_2,UG_OBTAINED_MARKS_2,UG_PERCENTAGE_2,UG_BOARD_NAME_2,UG_YEAR_OF_PASSING_2,AGE,LOCAL_ADDRESS,PERMANENT_ADDRESS,LOCAL_PINCODE,PERMANENT_PINCODE,ADMISSION_CATEGORY,CASTE_CATEGORY,NATIONALITY,AADHAAR NO,FATHERS OCCUPATION,MOTHER'S OCCUPATION,FATHER MOBILE,MOTHER MOBILE,FATHERS EMAIL ID,MOTHERS EMAIL ID,STATE,CITY,DISTRICT,FAMILY ANNUAL INCOME,HANDICAP DESCRIPTION,RELIGION,BLOOD GROUP,PLACE OF BIRTH,MOTHER TONGUE,AUTO_CANCEL,IN-HOUSE,PAYTYPENAME,DOCNAME
0,'2020210310001,1,BFED001,SHASHIKANT,SHASHIKANT,,SHASHIKANT,,,kantshashil169@gmail.com,8860473393,07/13/1990 00:00:00,M,01/20/2021 00:00:00,B. Ed,BT,B.ED Bachelors of Education,47120,Bombay Teachers' Training College,-,,,,,,,,,,,,,,,,,,,,,,,,,,32,,,,,,,Indian,,,,,,,jinichandran456@gmail.com,,,,62000,NO,Hindu,O+,,,-,IN-HOUSE,GENERAL- Unaided,
0,'2020210310002,1,BFED033,PANDEY AARTI SOMNATH KUSUM,PANDEY AARTI SOMNATH KUSUM,AARTKI,SOMNATH,KUSUM,PANDEY,aartipandey0706@gmail.com,8451957461,07/07/1995 00:00:00,F,04/03/2021 00:00:00,B. Ed,BT,B.ED Bachelors of Education,47120,Bombay Teachers' Training College,-,,,,,,,,,,,,,,,,,,,,,,,,,,27,,,,,,,Indian,,Govt. Service,Govt. Service,,,naren14pawar.2009@gmail.com,snehapawar456@gmail.com,,,,600000,NO,Hindu,O+,,,-,IN-HOUSE,GENERAL- Unaided,
0,'2020210310003,1,BFED027,MANSURI AAYESHA MAZHAR SAMEERA,MANSURI AAYESHA MAZHAR SAMEERA,AAYESHA,MAZHAR,SAMEERA,MANSURI,mansuriaayesha615@gmail.com,8779366329,09/16/1999 00:00:00,F,05/03/2021 00:00:00,B. Ed,BT,B.ED Bachelors of Education,47120,Bombay Teachers' Training College,-,,,,,,,,,,,,,,,,,,,,,,,,,,23,,,,,,,Indian,,Business,Business,,,kshitiz4055@gmail.com,kshitiz4055@gmail.com,,,,1500000,NO,Muslim,B+,,,-,IN-HOUSE,GENERAL- Unaided,
0,'2020210310004,1,BFED015,ADITI KRISHNAN IYER,ADITI KRISHNAN IYER,ADITI,KRISHNAN,USHA,IYER,iyeraditi10@gmail.com,9930853694,10/03/1997 00:00:00,F,02/15/2021 00:00:00,B. Ed,BT,B.ED Bachelors of Education,47120,Bombay Teachers' Training College,-,,,,,,,,,,,,,,,,,,,,,,,,,,25,,,,,,,Indian,,Pvt. Service,Pvt. Service,,,megowda66@gmail.com,pushpagowda317@gmail.com,,,,1200000,NO,Hindu,O+,,,-,IN-HOUSE,GENERAL- Unaided,
0,'2020210310005,1,BFED023,ADITI PRAKASH KELSHEKAR,ADITI PRAKASH KELSHEKAR,ADITI,PRAKASH,SONAL,KELSHEKAR,aditikelshekar@gmail.com,9870164466,09/11/1995 00:00:00,F,01/17/2021 00:00:00,B. Ed,BT,B.ED Bachelors of Education,47120,Bombay Teachers' Training College,-,,,,,,,,,,,,,,,,,,,,,,,,,,27,,,,,,,Indian,,Business,Business,,,ashm6672@gmail.com,amahato754@gmail.com,,,,600000,NO,Hindu,B+,,,-,IN-HOUSE,GENERAL- Unaided,
0,'2020210310006,1,BFED002,AKHIL CHANDRASEKAR SANDHYA,AKHIL CHANDRASEKAR SANDHYA,AKHIL,CHANDRASEKAR,SANDHYA,,tutiakhil@gmail.com,9833919564,10/01/2000 00:00:00,M,02/17/2021 00:00:00,B. Ed,BT,B.ED Bachelors of Education,47120,Bombay Teachers' Training College,-,,,,,,,,,,,,,,,,,,,,,,,,,,22,,,,,,,Indian,,Pvt. Service,Pvt. Service,,,sureshshivalkar@yahoo.co.in,,,,,1000000,NO,Hindu,AB+,,,-,IN-HOUSE,GENERAL- Unaided,
0,'2020210310007,1,BFED031,AMBICA MOTWANI PRITAM MOTWANI MOTWANI,AMBICA MOTWANI PRITAM MOTWANI MOTWANI,AMBICA,PREETAM,JAYA,MOTWANI,motwaniambica15@gmail.com,9967473036,01/15/1997 00:00:00,F,01/18/2021 00:00:00,B. Ed,BT,B.ED Bachelors of Education,47120,Bombay Teachers' Training College,-,,,,,,,,,,,,,,,,,,,,,,,,,,25,,,,,,,Indian,,Business,Business,,,panickersuresh1234@gmail.com,panickerusha1234@gmail.com,,,,200000,NO,Hindu,O-,,,-,IN-HOUSE,GENERAL- Unaided,
0,'2020210310008,1,BFED010,ANUPAMAA VINOD BIJLANI,ANUPAMAA VINOD BIJLANI,ANUPAMA,VINOD,PRIYA,BILLANI,anubijlani@gmail.com,7208371590,09/19/1996 00:00:00,F,01/18/2021 00:00:00,B. Ed,BT,B.ED Bachelors of Education,47120,Bombay Teachers' Training College,-,,,,,,,,,,,,,,,,,,,,,,,,,,26,,,,,,,Indian,,,,,,hanuman.kadam@sgs.com,,,,,1000000,NO,Hindu,O+,,,-,IN-HOUSE,GENERAL- Unaided,
0,'2020210310009,1,BFED042,APURVA AJAY SINGH,APURVA AJAY SINGH,APURVA,AJAY,BABITA,SINGH,apurvasingh659@gmail.com,7488376750,02/05/1997 00:00:00,F,01/20/2021 00:00:00,B. Ed,BT,B.ED Bachelors of Education,47120,Bombay Teachers' Training College,-,,,,,,,,,,,,,,,,,,,,,,,,,,25,,,,,,,Indian,,Business,Business,,,shricp@yahoo.co.in,sandykool123@gmail.com,,,,500000,NO,Hindu,B+,,,-,IN-HOUSE,GENERAL- Unaided,
0,'2020210310010,1,BFED008,ASFIYA AFZAL BAGDADI,ASFIYA AFZAL BAGDADI,ASFIYA,AFZAL,SHAHIN,BAGDADI,asfiyab@gmail.com,9372975258,01/16/2021 00:00:00,F,01/16/2021 00:00:00,B. Ed,BT,B.ED Bachelors of Education,47120,Bombay Teachers' Training College,-,,,,,,,,,,,,,,,,,,,,,,,,,,1,,,,,,,Indian,,,,,,,,,,,50000,NO,Muslim,A+,,,-,IN-HOUSE,GENERAL- Unaided,
0,'2020210310011,1,BFED005,ANSARI ASIRA ASAD,ANSARI ASIRA ASAD,ASIRA,ASAD,FEROZEFATIMA,ANSARI,asiraansari2218@gmail.com,9699008035,06/22/1999 00:00:00,F,02/17/2021 00:00:00,B. Ed,BT,B.ED Bachelors of Education,47120,Bombay Teachers' Training College,-,,,,,,,,,,,,,,,,,,,,,,,,,,23,,,,,,,Indian,,Govt. Service,Govt. Service,,,jaisonwrly@gmail.com,allinjaison31@gmail.com,,,,850000,NO,Muslim,B+,,,-,IN-HOUSE,GENERAL- Unaided,
0,'2020210310012,1,BFED034,AVANTI SUNIL PANDIT,AVANTI SUNIL PANDIT,AVANTI,SUNIL,SHOBHANA,PANDIT,avantipandit1979@gmail.com,7021046020,04/14/1979 00:00:00,F,01/16/2021 00:00:00,B. Ed,BT,B.ED Bachelors of Education,47120,Bombay Teachers' Training College,-,,,,,,,,,,,,,,,,,,,,,,,,,,43,,,,,,,Indian,,,,,,,,,,,600000,NO,Hindu,AB+,,,-,IN-HOUSE,GENERAL- Unaided,
0,'2020210310013,1,BFED025,AZMINA AHMED KHOJA,AZMINA AHMED KHOJA,AZMINA,AHMED,NASEEM,KHOJA,azminakhoja24@gmail.com,8169894271,04/24/1999 00:00:00,F,01/18/2021 00:00:00,B. Ed,BT,B.ED Bachelors of Education,47120,Bombay Teachers' Training College,-,,,,,,,,,,,,,,,,,,,,,,,,,,23,,,,,,,Indian,,Pvt. Service,Pvt. Service,,,narasimhan12@gmail.com,kausalya1967@gmail.com,,,,3000000,NO,Muslim,A+,,,-,IN-HOUSE,GENERAL- Unaided,
0,'2020210310014,1,BFED048,DAMINI RAVINDRA VENGURLEKAR,DAMINI RAVINDRA VENGURLEKAR,DAMINI,RAVINDRA,SANDHYA,VENGURLEKAR,damini.vengurlekar12@gmail.com,9833320894,06/17/1998 00:00:00,F,01/15/2021 00:00:00,B. Ed,BT,B.ED Bachelors of Education,47120,Bombay Teachers' Training College,-,,,,,,,,,,,,,,,,,,,,,,,,,,24,,,,,,,Indian,,Business,Business,,,lourdes@amartindia.com,altheafernandes73@gmail.com,,,,1000000,NO,Hindu,AB+,,,-,IN-HOUSE,GENERAL- Unaided,
0,'2020210310015,1,BFED049,DHRUMI JOOBIN VORA,DHRUMI JOOBIN VORA,DHRUMI,JOOBIN,RITA,VORA,vyasdhrumi@gmail.com,9664554990,11/13/1999 00:00:00,F,01/20/2021 00:00:00,B. Ed,BT,B.ED Bachelors of Education,47120,Bombay Teachers' Training College,-,,,,,,,,,,,,,,,,,,,,,,,,,,23,,,,,,,Indian,,Business,Business,,,chirag2808jain@gmail.com,jainbabita2076@gmail.com,,,,300000,NO,Hindu,B+,,,-,IN-HOUSE,GENERAL- Unaided,
0,'2020210310016,1,BFED012,DINAZ NOSHIR IRANI,DINAZ NOSHIR IRANI,DINAZ,NOSHIR,HOMAI,DINAZ,iranidinaz21@gmail.com,9167455674,09/27/1996 00:00:00,F,01/15/2021 00:00:00,B. Ed,BT,B.ED Bachelors of Education,47120,Bombay Teachers' Training College,-,,,,,,,,,,,,,,,,,,,,,,,,,,26,,,,,,,Indian,,,,,,,,,,,150000,NO,Parsi,B+,,,-,IN-HOUSE,GENERAL- Unaided,
0,'2020210310017,1,BFED028,MISHRA DRISHTANT SUBHASH,MISHRA DRISHTANT SUBHASH,DRISHTANT,SUBHASH,SUNITA,MISHRA,drishtant18mishra@gmail.com,7039403881,05/01/1997 00:00:00,M,01/18/2021 00:00:00,B. Ed,BT,B.ED Bachelors of Education,47120,Bombay Teachers' Training College,-,,,,,,,,,,,,,,,,,,,,,,,,,,25,,,,,,,Indian,,Pvt. Service,Pvt. Service,,,,niknim1996@gmail.com,,,,2000000,NO,Hindu,B+,,,-,IN-HOUSE,GENERAL- Unaided,
0,'2020210310018,1,BFED021,JETPURWALA FATEMA MUSTAFA MUNIRA,JETPURWALA FATEMA MUSTAFA MUNIRA,FATEMA,MUSTAFA,MUNIRA,JETPURWALA,fatemajet25@gmail.com,9833234852,10/25/1999 00:00:00,F,02/15/2021 00:00:00,B. Ed,BT,B.ED Bachelors of Education,47120,Bombay Teachers' Training College,-,,,,,,,,,,,,,,,,,,,,,,,,,,23,,,,,,,Indian,,Govt. Service,Govt. Service,,,rachelj672@gmail.com,rachelj672@gmail.com,,,,1500000,NO,Muslim,A+,,,-,IN-HOUSE,GENERAL- Unaided,
0,'2020210310019,1,BFED040,GAZAL DEEPAK SHARMA,GAZAL DEEPAK SHARMA,GAZAL,DEEPAK,KARISHMA,SHARMA,gazals129@gmail.com,8779590630,02/15/1999 00:00:00,F,01/16/2021 00:00:00,B. Ed,BT,B.ED Bachelors of Education,47120,Bombay Teachers' Training College,-,,,,,,,,,,,,,,,,,,,,,,,,,,23,,,,,,,Indian,,Business,Business,,,maheshsomaya@gmail.com,richasomaya@gmail.com,,,,360000,NO,Hindu,A+,,,-,IN-HOUSE,GENERAL- Unaided,
0,'2020210310020,1,BFED024,KHATWANI GINNI SUNIL ANISHA,KHATWANI GINNI SUNIL ANISHA,GINNI,SUNIL,ANISHA,KHATWANI,ginnikhatwani7@gmail.com,9820544788,07/12/1997 00:00:00,F,02/16/2021 00:00:00,B. Ed,BT,B.ED Bachelors of Education,47120,Bombay Teachers' Training College,-,,,,,,,,,,,,,,,,,,,,,,,,,,25,,,,,,,Indian,,,,,,,varshakalvitkar@gmail.com,,,,200000,NO,Hindu,O+,,,-,IN-HOUSE,GENERAL- Unaided,
0,'2020210310021,1,BFED006,ANSARI HAFSA SAEED AHMED ZARINA,ANSARI HAFSA SAEED AHMED ZARINA,HAFSA,SAEED AHMED,ZARINA,ANSARI,hafsa4979@gmail.com,8291131177,09/20/1997 00:00:00,F,02/16/2021 00:00:00,B. Ed,BT,B.ED Bachelors of Education,47120,Bombay Teachers' Training College,-,,,,,,,,,,,,,,,,,,,,,,,,,,25,,,,,,,Indian,,Business,Business,,,ganeshtc.1213@gmail.com,motabijal29@gmail.com,,,,1000000,NO,Muslim,B-,,,-,IN-HOUSE,GENERAL- Unaided,
0,'2020210310022,1,BFED007,HAMID RAZA M ABRAR ALAM ANSARI,HAMID RAZA M ABRAR ALAM ANSARI,HAMID RAZA,M ABRAR ALAM,ISHRAT JAHAN,ANSARI,hamidraza02@gmail.com,9594914432,05/13/1995 00:00:00,M,01/15/2021 00:00:00,B. Ed,BT,B.ED Bachelors of Education,47120,Bombay Teachers' Training College,-,,,,,,,,,,,,,,,,,,,,,,,,,,27,,,,,,,Indian,,Pvt. Service,Pvt. Service,,,,,,,,180000,NO,Muslim,B+,,,-,IN-HOUSE,GENERAL- Unaided,
0,'2020210310023,1,BFED039,HAMZA ABDUL SAMAD SHAIKH,HAMZA ABDUL SAMAD SHAIKH,HAMZA,ABDUL SAMAD,NISHAT,SHAIKH,hamzashaikh2504@gmail.com,9167992628,04/25/1996 00:00:00,M,01/21/2021 00:00:00,B. Ed,BT,B.ED Bachelors of Education,47120,Bombay Teachers' Training College,-,,,,,,,,,,,,,,,,,,,,,,,,,,26,,,,,,,Indian,,Business,Business,,,sumerchandagarwal34@gmail.com,rekeshagarwal50@gmail.com,,,,200000,NO,Muslim,AB+,,,-,IN-HOUSE,GENERAL- Unaided,
0,'2020210310024,1,BFED003,HARSHAVARDHAN RAGHUNANDAN,HARSHAVARDHAN RAGHUNANDAN,HARSHVARDHAN,RAGHUNANDAN,BHUVANESHWARI,,harshvardhan.r314@gmail.com,9611193360,04/19/1990 00:00:00,M,01/16/2021 00:00:00,B. Ed,BT,B.ED Bachelors of Education,47120,Bombay Teachers' Training College,-,,,,,,,,,,,,,,,,,,,,,,,,,,32,,,,,,,Indian,,Business,Business,,,waghaliasgar52@gmail.com,waghateka123@gmail.com,,,,300000,NO,Hindu,AB+,,,-,IN-HOUSE,GENERAL- Unaided,
0,'2020210310025,1,BFED019,JAFFIN JAMES,JAFFIN JAMES,JAFFIN,,MOLLY,JAMES,jaffinjames29@gmail.com,9014629923,07/10/1995 00:00:00,M,01/16/2021 00:00:00,B. Ed,BT,B.ED Bachelors of Education,47120,Bombay Teachers' Training College,-,,,,,,,,,,,,,,,,,,,,,,,,,,27,,,,,,,Indian,,,,,,,,,,,2000000,NO,Christian,B+,,,-,IN-HOUSE,GENERAL- Unaided,
0,'2020210310026,1,BFED035,RATHI JAISHREE MANMOHAN KRISHNA,RATHI JAISHREE MANMOHAN KRISHNA,JAISHREE,MANMOHAN,KRISHNA,RATHI,jaishreerathi97@gmail.com,8850872142,05/26/1997 00:00:00,F,04/03/2021 00:00:00,B. Ed,BT,B.ED Bachelors of Education,47120,Bombay Teachers' Training College,-,,,,,,,,,,,,,,,,,,,,,,,,,,25,,,,,,,Indian,,Pvt. Service,Pvt. Service,,,firozmunnianam@gmail.com,shaikhsultana585@gmail.com,,,,150000,NO,Hindu,A+,,,-,IN-HOUSE,GENERAL- Unaided,
0,'2020210310027,1,BFED020,JANET JAMES,JANET JAMES,JANET,,MOLLY,JAMES,janetjames7399@gmail.com,9324094043,07/03/1999 00:00:00,F,02/16/2021 00:00:00,B. Ed,BT,B.ED Bachelors of Education,47120,Bombay Teachers' Training College,-,,,,,,,,,,,,,,,,,,,,,,,,,,23,,,,,,,Indian,,,,,,amit_achhra@rediffmail.com,,,,,1000000,NO,Christian,A+,,,-,IN-HOUSE,GENERAL- Unaided,
0,'2020210310028,1,BFED013,JESSICA DAVID GHATYA,JESSICA DAVID GHATYA,JESSICA,DAVID,MONICA,GHATYA,jessicaghatya@gmail.com,9082028138,08/28/1990 00:00:00,F,02/17/2021 00:00:00,B. Ed,BT,B.ED Bachelors of Education,47120,Bombay Teachers' Training College,-,,,,,,,,,,,,,,,,,,,,,,,,,,32,,,,,,,Indian,,Others,Others,,,madhurmathur9@gmail.com,adityamathur0512@gmail.com,,,,250000,NO,Christian,AB+,,,-,IN-HOUSE,GENERAL- Unaided,
0,'2020210310029,1,BFED016,JAIN KINJAL FATEHLAL,JAIN KINJAL FATEHLAL,KINJAL,FATEHLAL,BHARTI,JAIN,jiankits07@gmail.com,9167941073,06/15/1999 00:00:00,F,02/17/2021 00:00:00,B. Ed,BT,B.ED Bachelors of Education,47120,Bombay Teachers' Training College,-,,,,,,,,,,,,,,,,,,,,,,,,,,23,,,,,,,Indian,,Others,Others,,,,Madhuripote2@gmail.com,,,,80000,NO,Jains,B+,,,-,IN-HOUSE,GENERAL- Unaided,
0,'2020210310030,1,BFED026,KOTADIA KOMAL PRAKASH VAISHALI,KOTADIA KOMAL PRAKASH VAISHALI,KOMAL,PRAKASH,VAISHALI,KOTADIA,komalkotadia99@gmail.com,8828210499,04/21/1999 00:00:00,F,04/03/2021 00:00:00,B. Ed,BT,B.ED Bachelors of Education,47120,Bombay Teachers' Training College,-,,,,,,,,,,,,,,,,,,,,,,,,,,23,,,,,,,Indian,,Business,Business,,,ronakdoshi2002@gmail.com,reshmadoshi28@gmail.com,,,,4000000,NO,Hindu,B+,,,-,IN-HOUSE,GENERAL- Unaided,
0,'2020210310031,1,BFED032,KRISHA JAY PANCHAL,KRISHA JAY PANCHAL,KRISHA,JAY,NITA,PANCHAL,kjpanchal2602@gmail.com,9820500063,02/26/1999 00:00:00,F,01/21/2021 00:00:00,B. Ed,BT,B.ED Bachelors of Education,47120,Bombay Teachers' Training College,-,,,,,,,,,,,,,,,,,,,,,,,,,,23,,,,,,,Indian,,Business,Business,,,madanpura@hotmail.com,hinaasad25@hotmail.com,,,,500000,NO,Hindu,B+,,,-,IN-HOUSE,GENERAL- Unaided,
0,'2020210310032,1,BFED036,KRUPA SAMUEL SAMPATI,KRUPA SAMUEL SAMPATI,KRUPA,SAMUEL,CELESTIAL,SAMPATI,krupasampati2@gmail.com,8657078413,09/22/1998 00:00:00,F,01/18/2021 00:00:00,B. Ed,BT,B.ED Bachelors of Education,47120,Bombay Teachers' Training College,-,,,,,,,,,,,,,,,,,,,,,,,,,,24,,,,,,,Indian,,Others,Others,,,,,,,,180000,NO,Hindu,B+,,,-,IN-HOUSE,GENERAL- Unaided,
0,'2020210310033,1,BFED004,NAGARAJ SRINIVAS AMBAT,NAGARAJ SRINIVAS AMBAT,NAGARAJ,SRINIVAS,TULSI,AMBAT,nagrajambat1998@gmail.com,9594355123,02/22/1998 00:00:00,M,01/16/2021 00:00:00,B. Ed,BT,B.ED Bachelors of Education,47120,Bombay Teachers' Training College,-,,,,,,,,,,,,,,,,,,,,,,,,,,24,,,,,,,Indian,,Business,Business,,,,,,,,90000,NO,Hindu,O+,,,-,IN-HOUSE,GENERAL- Unaided,
0,'2020210310034,1,BFED022,OOMAIMA ISMAIL KASU,OOMAIMA ISMAIL KASU,OOMAIMA,ISMAIL,KULSUM,KASU,oomaimakasu308@gmail.com,9920529365,03/01/1998 00:00:00,F,01/18/2021 00:00:00,B. Ed,BT,B.ED Bachelors of Education,47120,Bombay Teachers' Training College,-,,,,,,,,,,,,,,,,,,,,,,,,,,24,,,,,,,Indian,,Business,Business,,,Himanshusharma17082001@gmail.com,Himanshusharma17082001@gmail.com,,,,100000,NO,Muslim,O+,,,-,IN-HOUSE,GENERAL- Unaided,
0,'2020210310035,1,BFED017,POOJA HEMANT JAIN,POOJA HEMANT JAIN,POOJA,HEMANT,VIMLA,JAIN,poojahjain21@gmail.com,9757151282,07/01/1991 00:00:00,F,01/18/2021 00:00:00,B. Ed,BT,B.ED Bachelors of Education,47120,Bombay Teachers' Training College,-,,,,,,,,,,,,,,,,,,,,,,,,,,31,,,,,,,Indian,,,,,,dineshmnair@yahoo.com,deepa.dinu@gmail.com,,,,2500000,NO,Jains,B+,,,-,IN-HOUSE,GENERAL- Unaided,
0,'2020210310036,1,BFED041,PRACHI BHAVANIDAS SHINDE,PRACHI BHAVANIDAS SHINDE,PRACHI,BHAVANIDAS,ANITA,SHINDE,pbshinde1998@gmail.com,7507821281,05/09/1998 00:00:00,F,01/18/2021 00:00:00,B. Ed,BT,B.ED Bachelors of Education,47120,Bombay Teachers' Training College,-,,,,,,,,,,,,,,,,,,,,,,,,,,24,,,,,,,Indian,,,,,,,supriya_karambar@yahoo.in,,,,300000,NO,Hindu,A+,,,-,IN-HOUSE,GENERAL- Unaided,
0,'2020210310037,1,BFED037,PRATIKSHA RAVINDRANATH SAWANT,PRATIKSHA RAVINDRANATH SAWANT,PRATIKSHA,RAVINDRANATH,UJWALA,SAWANT,sawantpratiksha1311@gmail.com,9702385835,11/13/1999 00:00:00,F,01/18/2021 00:00:00,B. Ed,BT,B.ED Bachelors of Education,47120,Bombay Teachers' Training College,-,,,,,,,,,,,,,,,,,,,,,,,,,,23,,,,,,,Indian,,Business,Business,,,macg6307@gmail.com,sunitagl1980@gmail.com,,,,1000000,NO,Hindu,O+,,,-,IN-HOUSE,GENERAL- Unaided,
0,'2020210310038,1,BFED043,PRIYA ARUNKUMAR SINGH,PRIYA ARUNKUMAR SINGH,PRIYA,ARUNKUMAR,ASHA,SINGH,priyasingh1105@gmail.com,7021042038,11/05/1996 00:00:00,F,01/21/2021 00:00:00,B. Ed,BT,B.ED Bachelors of Education,47120,Bombay Teachers' Training College,-,,,,,,,,,,,,,,,,,,,,,,,,,,26,,,,,,,Indian,,,,,,,,,,,96000,NO,Hindu,A+,,,-,IN-HOUSE,GENERAL- Unaided,
0,'2020210310039,1,BFED045,PRIYA KAMLESH TALREJA,PRIYA KAMLESH TALREJA,PRIYA,KAMLESH,MANISHA,TALREJA,priyatalreja630@gmail.com,7715098545,05/25/1999 00:00:00,F,01/21/2021 00:00:00,B. Ed,BT,B.ED Bachelors of Education,47120,Bombay Teachers' Training College,-,,,,,,,,,,,,,,,,,,,,,,,,,,23,,,,,,,Indian,,Pvt. Service,Pvt. Service,,,,sari_90jedhe@rediffmail.com,,,,240000,NO,Hindu,O+,,,-,IN-HOUSE,GENERAL- Unaided,
0,'2020210310040,1,BFED018,JAIN PRIYAL DEEPAK ALPA,JAIN PRIYAL DEEPAK ALPA,PRIYAL,DEEPAK,ALPA,JAIN,priyaldj@gmail.com,9870334534,09/20/1998 00:00:00,F,03/04/2021 12:00:00,B. Ed,BT,B.ED Bachelors of Education,47120,Bombay Teachers' Training College,-,,,,,,,,,,,,,,,,,,,,,,,,,,24,,,,,,,Indian,,Business,Business,,,umeshganda@ymail.com,,,,,545000,NO,Hindu,O+,,,-,IN-HOUSE,GENERAL- Unaided,
0,'2020210310041,1,BFED050,PRIYANKA PREMCHANDRA YADAV,PRIYANKA PREMCHANDRA YADAV,PRIYANKA,PREMCHANDRA,URMILA,YADAV,priyankapy456@gmail.com,9768160311,02/18/1993 00:00:00,F,01/20/2021 00:00:00,B. Ed,BT,B.ED Bachelors of Education,47120,Bombay Teachers' Training College,-,,,,,,,,,,,,,,,,,,,,,,,,,,29,,,,,,,Indian,,Business,Business,,,chandru.chhatwani@gmail.com,shoma.chhatwani@gmail.com,,,,1200000,NO,Hindu,B+,,,-,IN-HOUSE,GENERAL- Unaided,
0,'2020210310042,1,BFED029,MISHRA RAJESH RAVISHANKAR PREMA,MISHRA RAJESH RAVISHANKAR PREMA,RAJESH,RAVISHANKAR,PREMA,MISHRA,rajeshmishra038@gmail.com,9594194364,07/27/1991 00:00:00,M,02/17/2021 00:00:00,B. Ed,BT,B.ED Bachelors of Education,47120,Bombay Teachers' Training College,-,,,,,,,,,,,,,,,,,,,,,,,,,,31,,,,,,,Indian,,Others,Others,,,ameethlakhani@yahoo.co.in,nishthalakhani14@gmail.com,,,,650000,NO,Hindu,O+,,,-,IN-HOUSE,GENERAL- Unaided,
0,'2020210310043,1,BFED014,RESHMA SURESH GOREGAONKAR,RESHMA SURESH GOREGAONKAR,RESHMA,SURESH,KAMAL,GOREGAONKAR,nema.kamal@gmail.com,8879804469,07/05/1989 00:00:00,F,01/18/2021 00:00:00,B. Ed,BT,B.ED Bachelors of Education,47120,Bombay Teachers' Training College,-,,,,,,,,,,,,,,,,,,,,,,,,,,33,,,,,,,Indian,,Business,Business,,,alwaysbein43ashish@gmail.com,,,,,250000,NO,Hindu,O+,,,-,IN-HOUSE,GENERAL- Unaided,
0,'2020210310044,1,BFED009,BHATIJA SALONI THAKUR BHAVANA,BHATIJA SALONI THAKUR BHAVANA,SALONI,THAKUR,BHAVANA,BHATIJA,salonibhatija@gmail.com,9967738204,09/05/1999 00:00:00,F,12/21/2020 00:00:00,B. Ed,BT,B.ED Bachelors of Education,47120,Bombay Teachers' Training College,-,,,,,,,,,,,,,,,,,,,,,,,,,,23,,,,,,,Indian,,Govt. Service,Govt. Service,,,skhambe4@gmail.com,,,,,480000,NO,Hindu,B+,,,-,IN-HOUSE,GENERAL- Unaided,
0,'2020210310045,1,BFED046,THADANI SALONI NITESH DEEPIKA,THADANI SALONI NITESH DEEPIKA,SALONI,NITESH,DEEPIKA,THADANI,salonidec14@gmail.com,8879367214,12/14/1999 00:00:00,F,02/17/2021 00:00:00,B. Ed,BT,B.ED Bachelors of Education,47120,Bombay Teachers' Training College,-,,,,,,,,,,,,,,,,,,,,,,,,,,23,,,,,,,Indian,,Govt. Service,Govt. Service,,,,,,,,500000,NO,Hindu,O+,,,-,IN-HOUSE,GENERAL- Unaided,
0,'2020210310046,1,BFED047,TUSCANO SHAMIN PIUS GORITTE,TUSCANO SHAMIN PIUS GORITTE,SHAMIN,PIUS,GORITTE,TUSCANO,shamintuscano7@gmail.com,7709706210,10/13/1997 00:00:00,F,02/16/2021 00:00:00,B. Ed,BT,B.ED Bachelors of Education,47120,Bombay Teachers' Training College,-,,,,,,,,,,,,,,,,,,,,,,,,,,25,,,,,,,Indian,,Govt. Service,Govt. Service,,,sukumaran196605@gmail.com,,,,,500000,NO,Hindu,O+,,,-,IN-HOUSE,GENERAL- Unaided,
0,'2020210310047,1,BFED030,MISHRA SHWETA RAJESH ABHA,MISHRA SHWETA RAJESH ABHA,SHWETA,RAJESH,ABHA,MISHRA,shwetamishra401@gmail.com,8779088921,01/31/1995 00:00:00,F,12/02/2021 00:00:00,B. Ed,BT,B.ED Bachelors of Education,47120,Bombay Teachers' Training College,-,,,,,,,,,,,,,,,,,,,,,,,,,,27,,,,,,,Indian,,Govt. Service,Govt. Service,,,khumangroup@gmail.com,khumangroup@gmail.com,,,,300000,NO,Hindu,O+,,,-,IN-HOUSE,GENERAL- Unaided,
0,'2020210310048,1,BFED044,SUBHADRA KUMARI ANIRUDH SINGH,SUBHADRA KUMARI ANIRUDH SINGH,SUBHADRA KUMARI,ANIRUDH,MAHIMA,SINGH,singhsubhadra10@gmail.com,9892643049,10/02/1998 00:00:00,F,01/16/2021 00:00:00,B. Ed,BT,B.ED Bachelors of Education,47120,Bombay Teachers' Training College,-,,,,,,,,,,,,,,,,,,,,,,,,,,24,,,,,,,Indian,,,,,,,,,,,600000,NO,Hindu,B+,,,-,IN-HOUSE,GENERAL- Unaided,
0,'2020210310049,1,BFED011,SUCHI RAJESH DEDHIA,SUCHI RAJESH DEDHIA,SUCHI,RAJESH,BHARTI,DEDHIA,suchidedhia99@gmail.com,9969407127,10/05/1999 00:00:00,F,01/20/2021 00:00:00,B. Ed,BT,B.ED Bachelors of Education,47120,Bombay Teachers' Training College,-,,,,,,,,,,,,,,,,,,,,,,,,,,23,,,,,,,Indian,,Pvt. Service,Pvt. Service,,,visionindia_97@yahoo.com,rashmisirsalewala@gmail.com,,,,1000000,NO,Jains,B+,,,-,IN-HOUSE,GENERAL- Unaided,
0,'2020210310050,1,BFED038,SHAH VIDHI HITESH RUPAL,SHAH VIDHI HITESH RUPAL,VIDHI,HITESH,RUPAL,SHAH,vhshah95@gmail.com,9833888455,03/05/1994 00:00:00,F,04/03/2021 00:00:00,B. Ed,BT,B.ED Bachelors of Education,47120,Bombay Teachers' Training College,-,,,,,,,,,,,,,,,,,,,,,,,,,,28,,,,,,,Indian,,Business,Business,,,jainishapatel19@gmail.com,,,,,500000,NO,Hindu,O+,,,-,IN-HOUSE,GENERAL- Unaided,
