שם המוסד,מען למשלוח דואר,מייל ,טלפון,פקס',ענפים
"קרוס קאונטרי בע""מ","מושב חגור, משק 93",Cr.country@gmail.com,054-4510583 הדס  050-8860859  מיקי,03-6197703,"מכונית, אופנוע וטרקטורון, קארט"
"מוטו יאנג בע""מ",מושב גינתון 32,daniohana53@walla.com,"052-8887159,  08-9158564",,"מכונית, אופנוע וטרקטורון"
"יובל מלמד בע""מ",קבוץ שפיים,adar@sparco.co.il,058-6777399,,"מכונית, קארט, אופנוע וטרקטורון"
מרוצים עפר שורץ,"גזית 2, כפר יונה",Merutzim.israel@gmail.com,054-7799549,,"מכונית, קארט, אופנוע וטרקטורון"
אר.פי.אם אופנועים,"ברוך הירש 26, בני ברק",2goldy@gmail.com,"03-6199101, 050-5566070",03-6199110,אופנוע וטרקטורון
התאחדות לספורט המוטורי בישראל,"מכון וינגייט, נתניה",office@imsf.co.il,09-7778551,09-7778551,אופנוע וטרקטורון
"פרודרייב בע""מ","ת""ד 21503 ת""א",info@prodrive.co.il,"03-5464438, 0548940184",,הכשרה עיונית למכונית. מוסמכים להכשרה מעשית למכונית ולקארט
הדרכה ספורטיבית יואב שניר אבגר,"אמנון ותמר 10, גנות הדר",yoavavgar@gmail.com,054-4291195,,"מכונית, אופנוע וטרקטורון, קארט"
 RSS - רן שמולוביץ,"השעורה 1, בית דגן",Like2drive@gmail.com,050-7269999,,מכונית
