district,employer,expert,adress,authority,phone,profession,opinion,cell_phone,payment,notes,languages
بئر السبع والجنوب,معهد ميماديم,آفي سويسا,هعتسمئوت 85 أشدود,أشدود,08-8659837,العلاج النفسي,نعم,052-2294588,500 ش.ج.,علاج نفسي فردي وزوجي للبالغين والأطفال، مختص خبير في كتابة التقارير ووجهات النظر في مجال القدرة الوالدية، التبنّي والتشخيصات النفسية.,
القدس، تل أبيب والمركز,,أفيفا حاييم,آشير 12 موديعين-مكابيم -ريعوت,,08-9713230,العمل الاجتماعي,نعم,053-7592724,500 ش.ج.,معالجة شؤون الأسر ضمن إجراءات الطلاق والأطفال في خطر، وجهات نظر في مجال العائلات في صراع عائلي,
الشمال,,أفيفا يهلومي,شئريت هبليطا 21,حيفا,04-8342311,العمل الاجتماعي,نعم,054-7869126,250 ش.ج.,لا توجد خبرة في التشخيص,
الشمال,معهد نوف,أفيف نوف,لبونا 7,حيفا,077-8355533,العلاج النفسي,نعم,052-8403465,5000 شيكل مقابل إعطاء وجهة نظر تتضمّن تشخيصًا نفسيّا كاملا وتقييمات ثنائيّة. إذا كان الحديث عن إجراء تقييم سريريّ أو علاج بهدف تصحيح العلاقة بين الأطفال ووالديهم: 400 شيكل جديد لكلّ جلسة,وجهة نظر بخصوص القدرة الوالديّة، وجهة نظر بخصوص خطورة الوالدين، تقييم فيما يتعلّق بالتوصيات والعلاج المناسب في حالات الخلاف بين الوالدين، توصيات بخصوص أوقات الإقامة، قرارات بخصوص إطار خارج المنزل أو إطار للاستشفاء، آراء بخصوص الحالة النفسيّة للأطفال,العبرية والإنجليزية
بئر السبع والجنوب، تل أبيب والمركز,,أڤراهام برنشطاين,متسادا 93,أشدود,,العمل الاجتماعي,نعم,052-4317043,380 ش.ج.,إرشاد للأهل، العائلة - مواضيع مختلفة، الطلاق - الحضانة وتقسيم أوقات المكوث,
قُطري، بئر السبع والجنوب، القدس، الشمال، تل أبيب والمركز,,آدم درنل,كهيلات ريجا 11,تل أبيب - يافا,03-6440221,طب نفسي,نعم,053-7345592,"1,500ش.ج.",الوصاية، الطب النفسي للبالغين، البريد الإلكتروني: office@darnelladam.com,
بئر السبع والجنوب,,أهارون ألين فليشمان,فولفسون 34/2,بئر السبع,08-6235632,طب نفسي,نعم,052-5782223,"لوجهة النظر 2,000 ش.ج، للقدرة الوالدية 500 ش.ج للساعة",مختص بالأطفال والشبيبة,
تل أبيب والمركز، الشمال,,أوريت فريدمان,همرفا 15 بنيامينا,,,العمل الاجتماعي,نعم,052-9465647,400-500 ش.ج.,علاج ورعاية فردية، زوجية وعائلية، التنكّر الوالدي والتنسيق الوالدي,
تل أبيب والمركز، الشمال,معهد شاليم,أورانيت برغر,حوففي تسيون,تل أبيب - يافا,,العلاج النفسي,نعم,052-6240400,"3,500 ش.ج",خبرة في التشخيص والمثول أمام المحاكم في إطار ملفات الحضانة، القدرة الوالدية والتبنّي. كذلك، خبرة غنية في إطار مكاتب الرفاه الاجتماعي، وبضمن ذلك في قضايا الإخراج من المنزل. خبرة في معالجة وتشخيص الأطفال، المراهقين والشبيبة. في مجال العلاج، خبرة غنية في العلاج النفسي، بالدمج مع العلاج السلوكي الإدراكي.,الانجليزية
قُطري,,إيال عاشور ,زرفوفل 8 , حيفا,,طب نفسي ,نعم,050-9062608,"4,500 ش.ج",طبيب نفسي استشاري للخدمة العسكرية المُثلى، طبيب نفسي في عيادة علم المناعة وطبيب نفسي في الخدمة الاحتياطية في معسكر سجن ومعسكر المجندين الجدد. دكتوراة في الطب النفسي البيولوجي، متخصص في علم تشريح الحالات المرضية,الانجليزية
تل أبيب والمركز,,إيال فرشبياك,جادة غان رافي 13,يفني,,العمل الاجتماعي,نعم,052-2644896,450 ش.ج.,وجهات نظر في موضوع الوصاية، مركز اتصال خصوصي,
بئر السبع والجنوب,,إيلانا إلياسي,كيبوتس جافيم,جافيم,,العلاج النفسي,نعم,054-6755191,400 ش.ج.,تشخيصات نفسية، تقييم الخطورة,
بئر السبع والجنوب، تل أبيب والمركز,,إيناس عدين,مفو هرخبي 4/1,القدس,02-5662143,طب نفسي,نعم,054-6873131,"5,000-15,000 ش.ج.",معالجة عائلية، علاج الاعتداءات الجنسية,الإسبانية، الروسية 
الشمال,,ألون أورن,حفيفا رايخ 35، حيفا,,,العمل الاجتماعي,نعم,052-8313727,450 ش.ج.,رعائة عائلية وزوجية، العنف العائلي، تنسيق والدي، تنكّر والدي، مختصة في رعاية العائلات من مجتمع الميم,
القدس,,إيليا ألكسندر,هحالوتس 30,القدس,02-6512105,العمل الاجتماعي,,,350 ش.ج.,,
تل أبيب والمركز,,أريئيل موسكوبيتش,شبيجل 3,بيتح تكفا,,العمل الاجتماعي,نعم,052-3428870,300 ش.ج.,رعاية زوجية وعائلية، معالجة زوجية وعائلية مؤهلة، تنسيق والدي، معالجة نفسية,
الشمال,,أتيا حيوت,شارع عميكام يسرائيل 3، ,حيفا,04-8362287,العلاج النفسي,نعم,054-4986523,,أخصائية نفسية سريرية، معالجة نفسية ومردة، معالجة وتجري تقييمات تفاعل بين الوالد-الطفل، فحص القدرة الوالدية، تشخيصات نفسية في العائلات المركبة، تعمل مع البالغين، أبناء الشبيبة والأطفال,
قُطري,,د. بنيامين بيلي,جدعون 7,تل أبيب - يافا,,العمل الاجتماعي,نعم,052-8838477,450 ش.ج.,تقييم الخطورة - العنف العائلي (داخل العائلة)، تنسيق والدية في صراعات الطلاق عالية الحدّة، التنكّر الوالدي وتجديد علاقة الأهل بالطفل ,
تل أبيب والمركز,,د. باتيه شبير,أهفات أدام 30,كفار يونا,,العمل الاجتماعي,نعم,052-2427397,500 ش.ج.,"تخصص في الصحة وإعادة التأهيل,معالجة الصدمة. إعطاء رأي حول الوصاية للجيل الثالث, إعطاء رأي حول الحالات الصحّيّة وإعادة التأهيل ",العبرية والإنجليزية 
بئر السبع والجنوب، القدس، تل أبيب والمركز,,جبريئيل ويل,إليعيزر هجدول 8,القدس,08-9941586,العلاج النفسي,نعم,050-6267622,450 ش.ج.,تقييم القدرة الوالدية، تشخيصات نفسية، تنسيق الوالدية,
قُطري,مركز ديكل,جيلات يارون,شارع بودنهايمر 4 تل أبيب,,03-6053626,طب نفسي,نعم,052-3537190,,طب نفسي للبالغين، طب نفسي قضائي، علاج نفسي,
تل أبيب والمركز، الشمال، القدس,معهد شاليم,جال سيلع,كيرن كييمت 24 ,جفعتايم,معهد شاليم،هاتف: 9642623-03  فاكس: 9667916-03,العلاج النفسي,نعم,050-5226108,"600 ش.ج للساعة، 6,000 ش.ج لوجهة النظر",تشخيصات نفسية ,
الشمال,,جاليت فطشنيك,حفاتسيلت 11، كفار فراديم,,04-9880211,العمل الاجتماعي,نعم,053-8058463,600 ش.ج.,رعاية عائلية، فردية وزوجية، حالات الإدمان,
قُطري,,عبد القادر عنامة,"مركز ""خطوة آمنة""، كيبوتس إيال",إيال,,العلاج النفسي,نعم,054-5749318,370 ش.ج.,أخصائي نفسي تربوي، تشخيص نفسي، علاج نفسي للأطفال والبالغين,العربية
قُطري,,جرتسيئيلا كرمون,هشفلا 5,رمات هشارون,073-3746832,طب نفسي,نعم,,"5,000 ش.ج.",وجهات نظر في مجال الأطفال وأبناء الشبيبة، القدرة الوالدية,
"تل أبيب والمركز, القدس",,دفورا ألموج,هسحلاف 25، ص.ب. 1505,مكابيم - رعوت,08-9264564,العمل الاجتماعي,نعم,054-4718242,500 ش.ج.,عمل اجتماعي للإجراءات القضائية في الماضي، خبرة في مجال الاعتداءات الجنسية، وسيطة ومقدمة رعاية عائلية,
تل أبيب والمركز,,دافيد سنيش,تسيهتالي 2، شقة رقم 26,تل أبيب - يافا,,العلاج النفسي,نعم,054-3154449,450 ش.ج.,"الأطفال والبالغين, رعاية فردية, إرشادات للأهل",
تل أبيب والمركز,مركز ديكل,دورون مازا,شارع شتريت 6,تل أبيب - يافا,,طب نفسي,نعم,050-8464654,"في الساعة 1000 ش.ج، 5,500-10,000 + ضريبة القيمة المضافة للرأي حسب القضية","مجالات الخبرة: الطب النفسي للشيخوخة، القدرة على تقديم وصية، الوصاية تتم بشكل مستقل ومن خلال ""مركز ديكل"".",العبرية والإنجليزية والإيطالية.
الشمال,,دوريت كنعان,هإيروس 83، حي بيني جولان,روش بينا,04-6935214,العلاج النفسي,نعم,050-7733839,300 ش.ج.,"رعاية الفردية للشبيبة والبالغين, رعاية زوجية",
تل أبيب والمركز,,ديانا إلداد,إشحار 10,جديرا,,العلاج النفسي,نعم,054-4776067,"400 ش.ج للعلاج، 1,800 ش.ج لوجهة النظر",أخصائية نفسية تطورية، رعاية للأطفال، أبناء الشبيبة والعائلة، إرشادات للأهل، رعاية المسنين، وجهات نظر في مجال الديناميكية العائلية,
تل أبيب والمركز,,داليا أريئيل,هار نافو 20,كفار سابا,09-7663441,العمل الاجتماعي,نعم,054-4512286,450 ش.ج.,رعاية زوجية، مرشدة مؤهلة للرعاية الزوجية والعائلية، معالجة نفسية، مؤهلة لمعالجة التنسيق الوالدي والتنكّر الوالدي، إرشادات للأهل بعد الطلاق,
قُطري,,دان شارون,شاكيد 26 نافي سفيون,أور يهودا,03-6344666,العمل الاجتماعي,نعم,054-6960086,"500 ش.ج, 10,000-15,000 لوجهة النظر",عامل اجتماعي معالج نفسي، معالج ومرشد في مجال الرعاية العائلية/ الزوجية، وجهات نظر في موضوع الاعتداء الجنسي والاعتداءات المسببة للصدمة لدى الأطفال والبالغين، وجهات نظر في مجال الحضانة والتبنّي,
قُطري,,دانا كلاين,بار كوخفا  40,رمات جان,,العمل الاجتماعي,,052-3920936,450 ش.ج.,"مجالات الخبرة: ارشاد الاهل(الوالدين) بما في ذلك تربية الأطفال من ذوي المحدودية ، التجهيز للطلاق ، الحضانة وتوزيع أوقات الإقامة ، العلاج الفردي للشباب (المراهقين)(بما في ذلك علاج الإصابات الجنسية) ، والوصاية. سيتم إجراء استطلاع الرأي في عيادة خاصة. الموقع الإلكتروني: https://danaklein.co.il, البريد الإلكتروني:DANAKLEIN.KLEIN@GMAIL.COM",
قُطري,معهد شينوي,دانيئيل جوتليب,معهد شينوي - كيبوتس جليل يام,جليل يام,09-9551973,العلاج النفسي,نعم,,600 ش.ج.,وجهات نظر في موضوع القدرة الوالدية، ملفات التبنّي، معاهدة لاهاي، معالج عائلي,
بئر السبع والجنوب,معهد أدار,دافنا أدار,يعليم 30/11,بئر السبع,08-6518469,طب نفسي,نعم,050-6591755,"10,000-15,000  ش.ج.",طب نفسي للأطفال والمراهقين,
قُطري,,درور أوتاس-شبيغل,"ألون 7, سفيون",أشدود,,العمل الاجتماعي,نعم,054-2330057,"350 ش.ج للساعة، 6,000 ش.ج لوجهة النظر",وجهات نظر في مجال الخطورة الجنسية، تقييم مستوى الخطورة للعنف البريد الإلكتروني: drorsp@gmail.com,
قُطري,,هادار لينس,تساهل 33,بيتح تكفا,,العلاج النفسي,نعم,050-7773455,450 ش.ج.,تشخيصات وقدرة والدية، وجهات نظر في مجال العائلة,
الشمال,,هادار شولشطاين-إلروم,كيبوتس جازيت,,,العمل الاجتماعي,نعم,054-9773745,"4000  ش.ج للساعة، 4,000 ش.ج لوجهة النظر",وجهات نظر في مجال الاعتداءات الجنسية ,
تل أبيب والمركز,,هادارا بار,إيهود 24,تل أبيب - يافا,03-6494656,العلاج النفسي,نعم,054-6863336,600 ش.ج.,علاج نفسي فردي، رعاية زوجية، تنسيق والدي، وساطة في العائلة,
تل أبيب والمركز، الشمال,,هيرمان فركش,عر أتسيل 14,الخضيرة,04-6211962,طب نفسي,نعم,052-2694982,"4,000 ش.ج.",مدير قسم وحقوقي. بالغون فقط، وجهات نظر في الطب النفسي,
قُطري,معهد شاليم,فكتوريا نوس,هنيتسانيم 3,بيتح تكفا,معهد شاليم،هاتف: 9642623-03  فاكس: 9667916-03,علاج نفسي,نعم,050-5226108,"600 ش.ج للساعة، 6,000 ش.ج لوجهة النظر",يتم التوجيه من خلال معهد شاليم. علاج نفسي تطوري، تشخيصات تطوّرية، مشخصة ومقدّمة وجهات نظر في ملفات الحضانة وملفات التبنّي,
تل أبيب والمركز,,د. حافا شفارتس,شاحال 4,كفار سابا,09-7657871,العمل الاجتماعي,نعم,054-3394811,300 ش.ج.,رعاية زوجية وعائلية، إرشادات للأهل، تشخيصات القدرات الوالدية، التنسيق الوالدي، وساطة في الطلاق، التجهيز للطلاق والمشاركة في الوالدية، رفض العلاقة ومعالجة التأقلم مع الطلاق,
قُطري,مؤسّسة أفيكيم (قنوات),حاييم فينكلمان ,عمرامي 11 ,كفار سابا,09-3004390,أخصائي نفسي سريري,نعم,052-5353850,"450 ش.ج للساعة، 14,000 ش.ج لوجهة النظر",التشخيص النفسيّ، الخطورة، القدرة، الاغتراب الوالديّ، توصيات بشأن أوقات الإقامة، تقديم توصيات مؤقّتة ومخطّطات علاجيّة.,
الشمال,,حانا مان,ترومبلدور 16,كريات شمونه,,العلاج النفسي,نعم,050-8434463,"وجهة نظر: 3,500-5,000 ش.ج",رعاية فردية، مع التركيز على الصدمات، وجهات نظر في مجال القدرات الوالدية، ملفات الحضانة والتبنّي,الانجليزية
قُطري، بئر السبع والجنوب، الشمال، القدس، تل أبيب والمركز,,حانا سيمكين,,,,العمل الاجتماعي,نعم,054-5391179,400 ش.ج.,إرشادات للأهل، معالجة حالات رفض العلاقة والتنكّر الوالدي، رعاية فردية,
الشمال,,حانا كمينير,موريا 113 أ,حيفا,,العلاج النفسي,نعم,050-6242503,"400 ش.ج للعلاج، 15,000 ش.ج لوجهة النظر",رعاية فردية وتنموية، القدرة الوالدية والحضانة,
تل أبيب والمركز,,طوفا ميلو,ترمبيلدور 9 هرتسليا,,09-9551818,العلاج النفسي,نعم,050-8666949,"وجهة نظر: 5,000 ش.ج",رعاية عائلية وزوجية، رعاية فردية، علاج للأطفال، وجهات نظر في مجال العائلة والأطفال، القدرة الوالدية، الخطورة في مجال العنف والناجين من المحرقة النازية,
تل أبيب والمركز,,تالي بورلا,"شز""ر زلمن 7",هود هشارون,,العمل الاجتماعي,نعم,052-6222786 ,550 ش.ج.,صاحبة خبرة واسعة في العمل مع الاسر  التي فيها احد الوالدين او الطفل مع احتياجيات خاصة(من ذوي المحدودية)(التوحد، الإعاقة او الاضطرابات النفسية),
قُطري,بيت طالي,تالي فيشنا,موشي ديان 14,بيتح تكفا,"03-6423304, 03-6423304",طب نفسي,نعم,,"1,500 ش.ج.",وجهات نظر في مجال القدرات الوالدية,
الشمال,مركز ديكل,تاليا أونجر,عورباني 7,زخرون يعكوف,,,نعم,054-4322706,"5,500  ش.ج.",خبرة في مجال القدرات الوالدية، التبنّي. يتم التقييم من خلال معهد ديكل أو بصورة خصوصية.,الانجليزية
قُطري,مركز ديكل,يائير فرومر,شارع بودنهايمر 4 ,تل أبيب - يافا,03-6053626,العلاج النفسي,نعم,054-2257922,450-500 ش.ج.,أخصائي نفسي سريري، تشخيصات نفسية ووجهات نظر في عدد من المواضيع (الأطفال والبالغين),
قُطري,معهد شاليم,يائير فرومر,أورلوزروف 164,تل أبيب - يافا,03-6053626,العلاج النفسي,نعم,054-2257922,"600 ش.ج للساعة، 6,000 ش.ج لوجهة النظر",وجهات نظر في موضوع القدرة الوالدية، الحضانة، التبنّي، الهجرة، التنكّر الوالدي، الإخراج لإطار خارج المنزل,
قُطري,معهد رجفيم,يجئال كونيجسفالد,تسالون 9,كفر تافور,076-5407169,العلاج النفسي,نعم,052-3562710,"15,000-5,000 ش.ج",مختص في تقييم القدرات الأبوية بما في ذلك تقديم آراء للمحكمة، حضانة الأطفال، التبني، الاغتراب الوالدي، تنسيب الأطفال خارج المنزل، وتشخيصات نفسية، وعلاج نفسي فردي للبالغين والشبان والأطفال، وإرشاد الأهل.,
قُطري,معهد رجفيم,يجئال كونيجسفالد,هملأخاه 21,عفولة,076-5407169,العلاج النفسي,نعم,052-3562711,"15,000-5,000 ش.ج",مختص في تقييم القدرات الأبوية بما في ذلك تقديم آراء المحكمة، حضانة الأطفال، التبني، الاغتراب الوالدي، تنسيب الأطفال خارج المنزل، وتشخيصات نفسية، وعلاج نفسي فردي للبالغين والشبان والأطفال، وإرشاد الأهل.,
قُطري,معهد رجفيم,يجئال كونيجسفالد,طريق هبونيه 8، بيت شماي,برديس حانا كركور,076-5407169,العلاج النفسي,نعم,052-3562712,"15,000-5,000 ش.ج",مختص في تقييم القدرات الأبوية بما في ذلك تقديم آراء المحكمة، حضانة الأطفال، التبني، الاغتراب الوالدي، تنسيب الأطفال خارج المنزل، وتشخيصات نفسية، وعلاج نفسي فردي للبالغين والشبان والأطفال، وإرشاد الأهل.,
قُطري,,يهودا أبراموفيتش,هوبرمان 20 ,تل أبيب - يافا,,طب نفسي,نعم,050-6261561,"6,000 ش.ج.",وجهات نظر في الطب النفسي، طب نفسي قضائي، علاج نفسي,
قُطري,,يهودا غال,زفيتان 22,تل موند,,العلاج النفسي,نعم,054-4400247,400 ش.ج.,رعاية الأطفال والمراهقين، رعاية عائلية، إرشادات للأهل,
قُطري,,يهوديت كيدم فريدمان,سديروت هناسي 44,هود هشارون,09-7722104,العمل الاجتماعي,نعم,052-5517198,400 ش.ج.,إعادة تأهيل البالغين ذوي الاحتياجات الخاصة والمسنين، تقديم وجهات نظر في موضوع طرق معالجة ذوي الاحتياجات الخاصة الوصاية ودعم القرارات.,
تل أبيب والمركز,,يوفال ميلاميد,شارع هناحال 5,كفر أزار,,طب نفسي,نعم,050-6267960,"6,000 ش.ج.",وجهات نظر في مجال الوصاية والوصايا. البريد الإلكتروني: melamed3@netvision.net.il,
قُطري,معهد شاليم,يوسي تسوك,يعكوف فريمان 20,ريشون لتسيون,03-9642623,العلاج النفسي,نعم,054-4454924,350 ش.ج.,"رعاية زوجية عائلية, رعاية فردية, القدرة الوالدية",
قُطري,,يوسيف هطاف,هجدود هعفري 6,القدس,02-5632932,الطب النفسي، العلاج النفسي,نعم,052-6608752,"450 ش.ج للعلاج، 5,000 ش.ج لوجهة النظر","طب نفسي للأطفال والمراهقين, طب نفسي للبالغين",
قُطري,,يوسف ناشف,نافيه شالوم (واحة السلام),,02-9998887,العلاج النفسي,نعم,052-2636927,,أخصائي نفسي سريري، للأطفال والشبيبة,
قُطري,بيت طالي,ييلينا بروتينسكي,موشي ديان 14,بيتح تكفا,"03-6423304, 03-5322335",طب نفسي,نعم,,يتعلق بنوع الخدمة,تقييمات نفسية,
قُطري,بيت طالي,يانيڤ أيال,موشي ديان 14,بيتح تكفا,"03-6423304, 03-5322335",العلاج النفسي,نعم,,يتعلق بنوع الخدمة,تشخيصات نفسية,
قُطري,مركز ديكل,ياعيل دلياهو,شارع بودنهايمر 4 تل أبيب,تل أبيب - يافا,03-6053626,طب نفسي,نعم,050-7334190,600 ش.ج.,تشخيصات طب نفسي للبالغين,
القدس,,يعكوف سيجال,هاري 14، القدس,,02-5634120,العلاج النفسي,نعم,050-6404035,500 ش.ج.,"العمل مع الأطفال وعائلاتهم في سن الطفولة المبكرة, التشخيص للأطفال وأبناء الشبيبة يشمل  الأطفال ذوي الاحتياجات الخاصة, الرعاية العائلية, تنسيق الوالدية، إرشادات للأهل",
تل أبيب والمركز,,يرحميئيل بربر,برودتكسي 43,تل أبيب - يافا,,طب نفسي,نعم,052-2500687,"7,000 ش.ج.","بالغون, طب نفسي للمسنين, العلاج النفسي للمسنين, وصايا",
الشمال,"مركز ""حوف هجليل""",ليئا سيجال,موشاف ريجبا، بريد متنقل الجليل الغربي,,04-9922091,العلاج النفسي,نعم,054-5627078,300 ش.ج.,وجهات نظر في مجال القدرات الوالدية، رعاية فردية وعائلية، إرشادات للأهل,
قُطري,مركز ديعا,ليلي جرشينزون,ليف هعير (قلب المدينة) 14,موديعين,08-9707980,العلاج النفسي,نعم,050-5122251,500 ش.ج.,وجهات نظر في مجال القدرات الوالدية، الاعتداءات الجنسية، تقييم الخطورة، ملفات الهجرة والتبنّي,
قُطري,,مادلين فلدشطاين ,ناحال لاخيش 36 ,أشدود,,طب نفسي ,نعم,050-6848722,,وجهات نظر في الطب النفسي، الطب النفسي للمسنين,
قُطري,,مور فوربين ,شارع معانيت 1, معانيت ,,طب نفسي,نعم,052-6955338,"6,000 ش.ج.",وجهات نظر في الطب النفسي للبالغين، طب نفسي للمسنين,
قُطري,,ميجال شيستيتسكي,شلومو دوجا 40,القدس,02-6451622,طب نفسي,نعم,050-6253757,"6,000 ش.ج، 16,000 ش.ج لوجهة النظر",طب نفسي للأطفال والشبيبة,"الانجليزية، البرتغالية, الاسبانية"
قُطري,,د. ميخائيل يانكو,مفتساع كاديش 7 ,ريشون لتسيون,,طب نفسي,نعم,050-3945914,"400 ش.ج للعلاج، 4,000 ش.ج لوجهة النظر",وجهات نظر في مجال الأطفال وأبناء الشبيبة,
الشمال، تل أبيب والمركز,,معيان بورشطاين,بن طال 10,يوكنعام عيليت,04-9592440,العمل الاجتماعي,نعم,050-6221447,300 ش.ج.,رعاية فردية للأطفال والشبيبة، إرشادات للأهل,
قُطري,معهد شاليم,مردخاي شيري,يعكوف فريمان 20,ريشون لتسيون,03-9642623,العلاج النفسي,نعم,052-3204773,350 ش.ج.,"رعاية زوجية عائلية, رعاية فردية, القدرة الوالدية، علاج نفسي",
تل أبيب والمركز,,مريام فسكين,هار حزون 18,كفار سابا,09-7666202,طب نفسي,نعم,052-8767299,"6,000 ش.ج.",طب نفسي للأطفال والمراهقين,
,,"مركز ""حوف هجليل""",موشاف ريجبا,ريجبا,04-9922091,علاج نفسي، عمل اجتماعي,نعم,,350 ش.ج.,"رعاية زوجية عائلية, رعاية فردية, إرشادات للأهل، القدرة الوالدية",
قُطري,,نادر إغبارية,عين التينة,أم الفحم,04-6110903,العمل الاجتماعي,نعم,052-3434731,300 ش.ج. للساعة,وجهات نظر في مجال العائلات في صراع، حالات الإدمان، إعادة تأهيل السجناء، الشيخوخة,العربية
القدس، تل أبيب والمركز,,ناتالا بن دانيئيل,هراف كوك 8,القدس,,طب نفسي,نعم,050-6262054,"15,000-25,000 ش.ج.","علاج نفسي للأطفال والشبيبة, علاج نفسي للطفولة المبكرة, تتحدث الروسية",الروسية
القدس,,نيكول ميري طايف ,مشكانوت 5، القدس ,القدس,,العلاج النفسي ,نعم,052-9504106,"300 ش.ج للساعة، 10,000 ش.ج لوجهة النظر",محللة نفسية، علاج نفسي قضائي في مجال علم الإجرام، علم الضحايا، مختصة بالأطفال والشبيبة ,
"تل أبيب والمركز, القدس",,نير شاعر,نحلات دوليف 27 بيت شيمش,,,العمل الاجتماعي,نعم,052-6382539,250 ش.ج.,تشخيصات في مجال الأطفال، الشبيبة والشيخوخة,
قُطري,,نمير سعيد,جادة هتسيونوت 121,حيفا,04-8101582,العلاج النفسي,نعم,052-5060002,400 ش.ج.,تشخيص نفسي، رعاية زوجية، فردية للمراهقين والبالغين، وجهات نظر في مجال القدرات الوالدية,العربية
بئر السبع والجنوب,,نعما شوفال,كيبوتس نير عام (بالقرب من سداروت),كيبوتس نير عام,,العمل الاجتماعي,نعم,053-6285205 , 400 ش.ج للساعة,مقدمة رعاية عائلية وزوجية مؤهلة، مختصة في علاج حالات التنكّر الوالدي وصعوبات العلاقة بني الأهل والطفل بعد الانفصال والطلاق، اختصاص في العلاج الجنسي، التنسيق الوالدي، البريد الإلكتروني naamashoval90@gmail.com ,
قُطري,,نوعمي كوهن,تسفي فيكسلر 3,جفعات شموئيل,03-5320684,العلاج النفسي,نعم,050-9951502,350 ش.ج.,وجهات نظر للمحكمة في مجالات القدرات الوالدية، وجهات نظر للمحكمة في مجال التبنّي، أخصائية نفسية للأطفال,
الشمال,,نوعمي سوفير جرسون,بني بريت 4 ب,حيفا,04-8246280,الطب,نعم,054-6483717,"750 ش.ج للساعة، 5,250 ش.ج لوجهة النظر",طبيبة أطفال، إعاقة تطوّرية، مختصة في مجال الأعصاب للأطفال وتطوّر الطفل، خبرة كبيرة في مجال الإهمال والتنكيل بالاطفال,
القدس، تل أبيب والمركز، بئر السبع والجنوب,مركز ديعا,سيلفانا هكيار,زلتسان أران 7، أشدود,,,العلاج النفسي,نعم,054-6838498,500 ش.ج.,تشخيص وعلاج الأطفال والبالغين، تشخيصات نفسية,
الشمال,,عدينا سباح , موشاف كناف 13 هضبة الجولان ,,,العمل الاجتماعي ,نعم,050-5737342,500 ش.ج للساعة، 8000 ش.ج لوجهة النظر ,مقدمة رعاية عائلية، مخاطر المس ,
تل أبيب والمركز، الشمال,,عدنا تسيبريس,يافي نوف 103,حيفا,04-8379932,العمل الاجتماعي,,052-3245703,300 ش.ج.,"مقدمة رعاية زوجية وعائلية. وجهات نظر حول ""الأداء الوالدي"".",
القدس، تل أبيب والمركز,,عوز جليك ,كول تسوفاييخ 9 كدوميم,,,العلاج النفسي,نعم,053-7267918,"450 ش,ج لساعة العلاج",معالجة العائلات الموجودة في حالة من الصراع المتقدّم، التنسيق الوالدي، تجديد العلاقة بين الأهل والاطفال (التنكّر الوالدي) ,
الشمال، تل أبيب والمركز,,عوفر بشري,أهارون 19,كريات موتسكين,04-8710684,العلاج النفسي,نعم,052-2611748,400 ش.ج.,مختص في العلاج بالتنويم المغناطيسي، علاج بالـ C.B.T، مختص بالبالغين والأطفال,
قُطري,,عليزا ساسون,هشاكيد 3,موتسا عيليت ,,العلاج النفسي,نعم,052-6375331,480 ش.ج بإضافة ض.ق.م,خبرة في وجهات النظر في مواضيع الحضانة، التنكّر الوالدي، الاعتداء الجنسي، اختصاص في العلاج، التنسيق الوالدي، التشخيص في كل الأجيال,
قُطري,,عنبال بار أون,هركمل 10 طبعون,,04-9530368,العمل الاجتماعي,نعم,054-2467746,450 ش.ج.,رعاية الأطفال والمراهقين، إرشادات للأهل ورعاية عائلية، علاج التنكّر الوالدي، رفض العلاقة، تجديد العلاقة ورعاية عائلية للتنكّر الوالدي,
بئر السبع والجنوب,معهد ميماديم,عنات تروباي,شارع هعتسمئوت 85 أشدود,أشدود,08-8659837,العلاج النفسي,نعم,050-7770293,400 ش.ج.,تقدّم الرعاية للأطفال والشبيبة، إرشادات للأهل,
بئر السبع والجنوب,معهد ميماديم,فابلو ندريتشيني,شارع هعتسمئوت 85 أشدود,أشدود,08-8659837,العلاج النفسي,نعم,054-7916315,400 ش.ج.,أخصائي نفسي سريري، يعالد الأطفال والشبيبة، تشخيصات نفسية,
تل أبيب والمركز,,بيتر سيلفان,جلوسكين 17 ب,رحوفوت,,طب نفسي,نعم,050-5232265,"8,000-10,000 ش.ج.",مختص في الطب النفسي القضائي وعلم الإجرام، وجهات نظر سريرية,
الشمال,,بنينا بليتس,ليلاخ 2,كريات بيالك,04-8765744,العمل الاجتماعي,نعم,054-4527822,300 ش.ج.,عاملة اجتماعية للإجراءات القضائية سابقا، معالجة نفسية، مقدّمة رعاية عائلية وزوجية، إرشادات للأهل,
القدس,,بنينا فرنكل,بيت هدبوس 22,القدس,02-6515118,العمل الاجتماعي,نعم,052-4267346,300 ش.ج.,رعاية فردية للبالغين والمراهقين,
الشمال,,تسفي جيل,هنديف 6,حيفا,04-8340664,العلاج النفسي,نعم,054-2098207,400 ش.ج.,العائلة - مواضيع مختلفة، الطلاق - الحضانة وتقسيم أوقات المكوث، الأهلية القضائية والوصاية,
تل أبيب والمركز,,تسيبي سولودور,,ريشون لتسيون,,العمل الاجتماعي,,054-2098207,300 ش.ج.,رعاية فردية للبالغين والمراهقين,
قُطري,مركز ديكل,كيرن بار,شارع بودنهايمر 4 تل أبيب,,03-6053626,العلاج النفسي,نعم,,350 ش.ج.,تقارير فقط، رعاية عائلية، إرشادات للأهل، التنسيق الوالدي,
الشمال,,ريفكا تسيماح مفطاح,مجموعة كنيرت,كنيرت (مجموعة),04-6759449,العلاج النفسي,نعم,050-7924036,350 ش.ج.,,
الشمال,,رفيتال كيرشبيرغ,هبرديس ص.ب. 115 موشاف موليدت,,,العمل الاجتماعي,نعم,052-3756070,400 ش.ج.,"رعاية زوجية, فردية وعائلية، تنسيق الوالدية، علاج الإدمان",
قُطري,مركز ديكل,روني عميت,بودنهايمر 4 تل أبيب,,03-6053626,العلاج النفسي,نعم,050-7334190,450-500 ش.ج.,علاج نفسي سريري للأطفال والعائلة، تشخيصات للأطفال والعائلة: القدرة الوالدية، التنكّر الوالدي، إرشادات للأهل,
تل أبيب والمركز,,رونيت كوهين زمورة,أوري تسفي جرينبرغ 4,تل أبيب - يافا,03-6994196,العمل الاجتماعي,نعم,052-2303707,450 ش.ج.,مقدّمة رعاية زوجية وعائلية مؤهلة، تنسيق والدي، معالجة نفسية,
القدس,,روعي إلدور,شوفان 2,القدس,,العلاج النفسي,نعم,050-6253786,500 ش.ج.,علاج الأطفال، البالغين والعائلة. وجهات نظر في مجال القدرة الوالدية، التنكّر الوالدي والعائلة.,
تل أبيب والمركز,,روت روزين تسفي,شارع هزيتيم 43 جفعات شموئيل,,,العلاج النفسي,نعم,050-64446377,450-550 ش.ج.,تشخيص وعلاج للأطفال في خطر، معالجة التنكّر الوالدي، الهجرة، العائلات ضمن إجراءات الطلاق في حالات الصراع المتقدّم,
تل أبيب والمركز، الشمال,,راحيل ليف فيزل,زفيتان 30 موشاف رموت,,,العمل الاجتماعي,نعم,052-8795849,450 ش.ج.,مختصة في مجال الاعتداء والتنكيل بالأطفال، الاعتداء الجنسي، العنف العائلي (داخل العائلة) الصدمة والنمو والرعاية الجماعية,
الشمال,,رينات يام,كيبوتس مرحافيا,,,العلاج النفسي,نعم,052-3638063,"7,000-10,000 ش.ج لوجهة النظر",فحوص للقدرة الوالدية، فحوص للخطورة الجنسية (الأطفال والرّضع)، العنف الجسدي والعاطفي، معالجة نفسية للأطفال، الشبيبة والبالغين,
القدس، تل أبيب والمركز، الشمال,,رفائيل إيدلمان,أفراهام فريرا 9,القدس,,طب نفسي,نعم,050-6253776,6000 ش.ج.,وجهات نظر في الطب النفسي,
,,,,,,,,,,,
قُطري,,رافي بيلر,شارع توران، ص.ب. 215 موشاف شافي تسيون,,077-5502456,العمل الاجتماعي,نعم,050-5466591,500 ش.ج.,"رعاية فردية, عائلية وزوجية, العنف الأسري (في العائلة), الإدمان على المخدرات, التنكّر الوالدي",
قُطري,,شولميت غينتسبورغ,"""معهد إيشيوت""، يتسحاك إلحنان 16",رمات هشارون,09-9506202,العلاج النفسي,,,380 ش.ج.,,
بئر السبع والجنوب,,شيرلي باخار معرافي,نورداو 10 ,نس تسيونا,,العمل الاجتماعي,نعم,054-8198290,400-500 ش.ج.,معالجة حالات الصدمة والهلع، رعاية الأطفال على طيف التوحد، رعاية الأطفال والشبيبة، التنسيق الوالدي، التنكّر الوالدي وجهات نظر في مجال الطلاق والقدرات الوالدية,
تل أبيب والمركز,,شلوميت بن موشي ,شارع عيمك حورون 9 ب ,كفار سابا ,,العلاج النفسي,نعم,052-3875428  ,400 ش.ج. ,وجهات نظر نفسية عصبية، وجهات نظر قضائية تقييم الخطورة، وجهات نظر في مجال العنف، وعلم النفس التأهيلي,
قُطري,,شلومو أريئيل,يحزكئيل 6 رمات غان,,,العلاج النفسي,نعم,054-7404051,400 ش.ج.,رعاية عائلية، رعاية فردية، رعاية حسّاسة للثقافة ورعاية اندماجية من خلال الألعاب. وجهات نظر في مجال القدرة الوالدية. التنكّر الوالدي، التبنّي، الحضانة، العنف والإهمال.,
قُطري,,شلومو نوي,فايتسمان 14 تل أبيب,,03-6993637,طب نفسي,نعم,052-6666500,"8,500 ش.ج.",إعداد وجهات نظر في الطب النفسي للبالغين,
قُطري,مركز ديعا,شماي كركوم,ليف هعير (قلب المدينة) 14 موديعين,,08-9707980,العلاج النفسي,نعم,054-4913002,450 ش.ج.,أخصائي نفسي سريري، تربوي وقضائي القدرة الوالدية، تقييم الخطورة، رعاية الأطفال والبالغين,
تل أبيب والمركز,معهد بساجوت,شاني ميراف بركافي,جادة الملك شاؤول 8,تل أبيب - يافا,03-5288171,العمل الاجتماعي,نعم,,350 ش.ج.,رعاية فردية بطريقة C.B.T,
قُطري,,شفيق مصالحة,ص.ب. 246,القدس,02-6767892,العلاج النفسي,نعم,050-6524704,500 ش.ج.,القدرة الوالدية، رعاية الأطفال، الشبيبة والبالغين,العربية
قُطري,,توفيق ناصر ,المختار 1، عرابة ,الشمال,,العلاج النفسي,نعم,052-2379405,"650 ش.ج للساعة، 5,000 ش.ج لوجهة النظر",أخصائي نفسي سريري، تطوّري وتربوي، تشخيص حالات العسر  التعليمي والتوحّد، القدرة الوالدية، فحص تشخيص نفسي للأطفال والبالغين,
تل أبيب والمركز,معهد بساجوت,تامي عيسار,جادة الملك شاؤول 8,تل أبيب - يافا,03-5288171,العمل الاجتماعي,نعم,050-6662555,350 ش.ج.,رعاية فردية بطريقة C.B.T,
قُطري,,شاني كورين ,الزقاق البولندي 7 ,تل أبيب - يافا,,العلاج النفسي,نعم,054-7647878,"600 ش.ج للساعة، 6,000 ش.ج لوجهة النظر",رعاية نفسية ديناميكية للأطفال والشبيبة، تشخيصات نفسسية للأطفال والشبيبة,
قُطري,,إستيل اهاف,شارع هملآخا ,بنيامينا – جفعات عادا,,عاملة اجتماعية,نعم,050-6622188,"400 ش.ج للساعة، 10,000 ش.ج لوجهة النظر",تنسيق والدي، إنكار والدي وإرشاد للوالدين,
