שם בעל היתר,טלפון ,פקס,כתובת,מייל,מייל נוסף,תוקף היתר עד ליום
"א.מ.א. אייר מייל אקספרס בע""מ",  03-9300633,08-9400442,"רח' אלי הורביץ 12, רחובות 7608801",shlomi@ame.co.il,anat@ame.co.il,01/03/2027
אבו סאלח וסאם,052-733489,,רח' הגליל 15 ת.ד 2144 סכנין 3081000,wesam.abosaleh@hotmail.co.il,,23/01/2033
אדיב סלאמה ס.א. חקירות,04-9804253,04-6804253,ת.ד 25 רח' 130 ירכא 2496700,adibs79@gmail.com,,22/01/2032
"או.פי.אס.אי. (שינוע בינלאומי) UPS בע""מ ",03-5770101,03-6184048,"סייפן 1 נתב""ג 7010000",ewecare@ups.co.il  ,  Ilann@ups.co.il  ,10/01/2027
"אוריין ש.מ. בע""מ",08-9181593,08-9181593,רח' המלאכה 8 לוד 7152014,Maya.Castro@ORIAN.com,Guy.Yaish@ORIAN.com,06/29/2027
"איכות בלדרות בע""מ",03-570051   ,03-5781551,רח' לחי 27 בני-ברק  5120042,EICHUT@WALLA.CO.IL,benzvi.doron@gmail.com,07/20/2025
איתן שליחויות,050-5737118,02-6793820,רח' שמחה דיניץ 19 ירושלים 9371676,eitan4352@gmail.com,,09/09/2027
"אליל אקספרס דואר בע""מ",1700-503460,09-9796815,שדרות הארץ 5 א.ת. כוכב יאיר 4486400,office1.sgo@gmail.com,Galit@segaloz.co.il,09/02/2029
"אמרון - שירותים מיוחדים לעורכי-דין בע""מ",  03-5600788 ,03-5661638,רח' עמק איילון 10 תל-אביב 6706335,golan@emron.co.il,Ron@emron.co.il,10/23/2027
"באזזר שירותים בע""מ", 03-3004100, 03-3004101,רח' אימבר 14 פתח-תקוה 4951148, udi.sharon@buzzr.biz , yaron.lipka@buzzr.biz perah.machlof@buzzr.biz,01/27/2025
"במהירות הכל משלוחים והובלות בע""מ",03-6870075,03-5379428,"רח' חומה ומגדל 6, תל-אביב 6777106",office@crolog.co.il,tzachi@crolog.co.il,10/31/2027
"בן ישי שירותי משלוחים והובלות בע""מ",03-7168113,03-5604098,רח' לבונטין 6 תל אביב 65111,benishaym@bezeqint.net,benishay2004@bezeqint.net,6/12/2031
"בר בי.טו.די. בע""מ",03-9426078,03-9698045,רח' הכשרת היישוב 23 ראשון-לציון 7565232,inbaro@bar-ltd.co.il,ayala@bar-ltd.co.il amirm@bar-ltd.co.il,07/15/2029
"בר כל הארץ הום דליברי בע""מ",0732131968,,"ההכשר הישוב 23, ראשון לציון 7565232",M@bar-ltd.co.il,ayala@bar-ltd.co.il,05/24/2030
ברקוביץ איגור ב.י.ס אקספרס,08-9919599,08-6168400,רח' חטיבת ציון 6/24 אשדוד 7724806,office@haimfrank.co.il,,01/30/2030
"גלובל קורייר אקספרס בע""מ",074-7555500,074-47555429,רח' דוד חכמי 6 6777806,mor@gcx.co.il,irit@krief.co.il,09/22/2027
"די אייץ' אל (ישראל) בע""מ DHL",03-5573890  ,03-5573899,"רח' החרמון 5, קריית שדה התעופה 7019900",nissim.sarfati@dhl.com,liat.mizrachi@dhl.com,12/03/2027
"דלוברי בע""מ",03-3817000,,רח' הרצל 97 ראשון לציון 7526706,info@delawvery.com,,03/23/2031
דפוס בארי,08-9938222,08-9949499,"ד""נ נגב - קיבוץ בארי 8513500",headoffice@beeriprint.co.il,oshrat@beeriprint.co.il,11/27/2032
"דפוס בארי טכנולוגיות מתקדמות בע""מ",08-9938222,08-9949499,ד.נ. הנגב - קיבוץ בארי 8513500,webmaster@beeriprint.co.il,,28/06/2033
"הוריקן שליחויות בע""מ",02-5666227,02-5633625,"רח' אבן שפורט 10, ירושלים",david@hurrican.co.il ,,02/04/2028
המריץ שליחויות את פלאש לוגיסטיקה ש.ר. HFD,052-8352044,03-9343884,רח' המפעילים 9 פתח-תקווה 4951379,cs@hfd.co.il,Yaniv@Hfd.co.il Kobi@HFD.co.il,11/10/2027
"זיגזג  שירותי דיוור ולוגיסטיקה בע""מ",03-7522334,03-7522339,"יושבים בפועל: רח' חומה ומגדל 12 תל-אביב 6777112. כתובת למשלוח דואר: ת.ד 1734 ר""ג 5211701",office@zigzag.co.il,tsameret@zig-zag.co.il,01/04/2028
"חפוז שרותי שליחים בע""מ",04-8678792 ,04-8674946,רח' אופיר 16 חיפה 3223559,ofek@hafoz.co.il,Eli.Ruash@il.gt.com,02/11/2024
"טיקה לאסט מייל בע""מ",055-5630804,08-6274917,רח' הארבעה 28 תל-אביב 6473925,support@dtdc.co.il,eyal@dtdc.co.il,17/2/2032
"ישגב ההובלות ושליחויות בע""מ", 03-7918600,03-7918629,"רח וולפסון 46 ת""א 6604206",finance@isgav.co.il,gal@isgav.co.il,10/24/2027
"כוכב משלוחים מהירים בע""מ",,,רח' גיבורי ישראל 5 נתניה 4250405,Roman (SFD) <roman@stardeliv.co.il>,info@stardeliv.co.il,07/16/2031
"כץ משלוח בינעירוני מהיר בע""מ",08-9449999,08-9449997, א.ת. דרומי קיבוץ גבעת ברנר 6094800,dror@katzd.co.il,gita@katzd.co.il,05/18/2026
"מ.ג.ע.ר. בע""מ",03-9546000,03-9605770,"מנחם בגין 5, בית דגן 50200",information@mgar.co.il,eyal@mgar.co.il,06/24/2029
מאך 1,03-6299370,03-6294997,"בן יהודה 32 ת""א 63805",david@mach1.co.il ,ady@mach1.co.il,09/10/2027
"מגוון שליחויות ואמינות בע""מ",03-5623939,03-5626655,רח' לינקולן 14 תל-אביב 6713406,yacov@migvan2u.co.il,,11/16/2032
"מיילוג בע""מ",  03-9426067,,"הכשרת הישוב 10 רשל""צ 7565232",ofir.raviel@mailogs.com,,07/15/2028
מינוופים - רן סער, 04-8724226,04-8724220,רח' ברנר 28/1 חיפה 3254622,r.saar333@gmail.com,,11/16/2024
"מסוף העברת מסמכי מחשבים בע""מ",03-6312566,03-5594965,רח הרוקמים 40 ת.ד 666 חולון 5811901,ilan@masof.com,zaki@masof.com,07/14/2025
"מסר ב.א.ב. בע""מ",03-6873140,03-5376034,רח' חרוץ 6 תל-אביב 6706023,yigal@messerbab.co.il,,12/10/2023
"נורוק אקספרס בע""מ",077-5017018 ,077-5017016,רח' הדקל 19 נווה ימין 4492000,noroc.express@gmail.com,,04/08/2027
"ניסים א. שליחויות והסעות בע""מ",02-6250350,02-6252553,רח' אוסישקין 44 ירושלים 9246318,NissimA@nissim.co.il,bili@nissim.co.il,01/03/2027
נעמי אדלרמן - נוי שירותי משרד,04-6272752  ,04-6272751/2,רח' יהלום 13 ג' פרדס חנה 3702689,nomika144@walla.co.il,nomika144@walla.co.il,02/25/2028
"סאאא שירותי שילוח בינלאומי בע""מ",077-2102145,077-2233166,שמואל הנציב 30 - נתניה,expsoffice@gmail.com,,22/03/2033
עבדיאן רן - שירותי בלדרות,03-9336388   ,03-9336388,רח' משה דיין 94 תל-אביב 6732031,ranshipping@gmail.com,,06/15/2026
"פדקס אקספרס ישראל אינטרנשיונאל בע""מ",1700700339,077-8969736,"דרך חטיבה 8, ת.ד. 61 נתב""ג 7015001",callfedex@fdx.co.il,ruth.bar@fedex.com ran.aran@fedex.com,09/10/2029
"פמיליה אי פי אס בע""מ",09-7459964,09-7458897,רח' הדקל 20 נווה ימין 4492000,familiaips.info@gmail.com, elena@fm-ips.com      natali@fm-ips.com,12/19/2027
"פרפקט ע.נ שירותים והשקעות בע""מ",04-6180993,153-545422813,רח' תל ג'ת - ג'ת 3009100,bdran.perfect@gmail.com,bdran.perfect@gmail.com,08/30/2028
"צ'יטה שליחויות בע""מ",02-6515575,02-6515574,משה דיין 14 פתח-תקווה 4951814,ravit@chita-il.com,yanivh@chita-il.com,09/01/2029
"צוות הוריקן בע""מ",03-7306666 ,03-7306699   ,"לה גארדיה 55 ת""א  67221117",office@h-t.co.il,Uri@h-t.co.il,12/21/2027
"קנגרו,שרותי דיוור בע""מ",03-7616688,03-5615136,"רח' המסגר 55, תל-אביב 6721707",kang@kang.co.il,ziv@kang.co.il,07/14/2025
"רצ פלוס בע""מ",03-6889898 ,03-6873454,רח' החרש 10 תל-אביב 6761305,office@ratz.co.il,asaf@ratz.co.il,11/13/2027
שוורץ אברהם מרדכי - ישירות,08-8000900,077-2700024,רח' הצבועי 17 אשדוד 7757117,2@yeshirot.com,moti@yeshirot.com,06/30/2030
שי אללוף - חוק וסדר שירותי עזר משפטיים ,077-3393830 ,077-3393834,רח' שוחט 23 אזור 5801216,law.a.order@gmail.com,lirazga@gmail.com,10/24/2027
"שירן דיוור והפצה בע""מ", 077-5325161,09-8333222 ,רח' שלמה המלך 48 נתניה4226832,menashe333222@walla.com,yafitsheleg@walla.co.il,01/04/2028
"תדהר שליחויות בע""מ",03-5601717,03-5605939,"רח' אלנבי 113 ק""ק תל-אביב 6581706",tidhar@bezeqint.net,,01/21/2027
