Family,District,Role,City,Mail,Regional
שמעון אהרון,ירושלים,מנהל.ת בחירות,אבו גוש,shimonah@iachifa.gov.il,ישראל קדוש
סבע חורי,צפון,מנהל.ת בחירות,אבו סנאן,huri.sabi@zafon.health.gov.il,סיאח חמוד
מור כהן חדד,מרכז,מנהל.ת בחירות,אבן יהודה,mori_h6@walla.com,סיגלית טייב
מוחמד סרואן,חיפה,מנהל.ת בחירות,אום אל-פחם,chamadas@court.gov.il,טל סבג
רינתי איפרגן,דרום,מנהל.ת בחירות,אופקים,ifarganr@mot.gov.il,שרה אברהם
שמעון בוחבוט,תל אביב,מנהל.ת בחירות,אור יהודה,shimonbu@iplan.gov.il,הרצל צדקי
ענת שרה חי,חיפה,מנהל.ת בחירות,אור עקיבא,Anathai13@gmail.com,אנגאם גהשאן
ורדה לוינזון בורוכוב,יהודה ושומרון,מנהל.ת בחירות,אורנית,veredbole@gmail.com,חמזי חאמד
שרה חמודה,תל אביב,מנהל.ת בחירות,אזור,saraha@moin.gov.il,הרצל צדקי
אורית  שכטר,דרום,מנהל.ת בחירות,אילת,oritsh@court.gov.il,שרה אברהם
מוחמד סלים,צפון,מנהל.ת בחירות,אכסאל,msaleemlaw@gmail.com,לאה מרקו
פאולינה בלינדר,צפון,מנהל.ת בחירות,אל-בטוף,Paulinab@court.gov.il,רויטל טויבי
יצחק אביטן,דרום,מנהל.ת בחירות,אל קסום,Elkasoum2023@gmail.com,ערן בן ישי
סרין מסארווה,חיפה,מנהל.ת בחירות,אלונה,serenemassarwa@gmail.com,אנגאם גהשאן
ורד סויד,מרכז,מנהל.ת בחירות,אליכין,swidvered@gmail.com,סיגלית טייב
משה אדרי,מרכז,מנהל.ת בחירות,אלעד,moshe.edri11@gmail.com,קרין לוי
דורון צדוק,יהודה ושומרון,מנהל.ת בחירות,אלפי מנשה ,doronzd@gmail.com,חמזי חאמד
מיכאל יהושע דדוש,יהודה ושומרון,מנהל.ת בחירות,אלקנה,yehoshuada@moin.gov.il,חמזי חאמד 
טארק קסיס,צפון,מנהל.ת בחירות,אעבלין,tarik.kassis@gmail.com,בלאל חאג'
סיגל כהן ,יהודה ושומרון,מנהל.ת בחירות,אפרת,sigalco@moin.gov.il,חמזי חאמד
אייל אביטל,יהודה ושומרון,מנהל.ת בחירות,אריאל,eyalav@education.gov.il,אפרת כהן
אליהו  יפרח,דרום,מנהל.ת בחירות,אשדוד,eli10760@gmail.com,שרה אברהם
משה סבתו,דרום,מנהל.ת בחירות,אשכול,moshe.sabato@gmail.com,ערן בן ישי
אייל חיון,דרום,מנהל.ת בחירות,אשקלון,eyalh1967@gmail.com,שרה אברהם
פרג' מנסור,חיפה,מנהל.ת בחירות,באקה אל-גרביה,rkmf62@gmail.com,טל סבג
דן  איש שלום,דרום,מנהל.ת בחירות,באר טוביה,dani@sviva.gov.il,ערן בן ישי
אייל לוי,מרכז,מנהל.ת בחירות,באר יעקב,eyal2806@gmail.com,קרין לוי
ניר יפרח,דרום,מנהל.ת בחירות,באר שבע,nir.img@gmail.com,שרה אברהם
יצחק סויסה,צפון,מנהל.ת בחירות,בוסתאן אל-מרג',yitzikswi@ies.gov.il,לאה מרקו
סאלם חטיב,צפון,מנהל.ת בחירות,בועיינה-נוג'ידאת,salem@archives.gov.il,סיאח חמוד
עימאד שחידם,צפון,מנהל.ת בחירות,בוקעאתא,Emads@eca.gov.il,סיאח חמוד
רמה  אטיאס,צפון,מנהל.ת בחירות,ביר אל-מכסור,ramaati@court.gov.il,בלאל חאג'
חמזי חאמד,יהודה ושומרון,מנהל.ת בחירות,בית אל,hamzeha@moin.gov.il,חמזי חאמד
,יהודה ושומרון,מנהל.ת בחירות,בית אריה,,חמזי חאמד
מוהנא פארס,צפון,מנהל.ת בחירות,בית ג'ן,mofa15261@gmail.com,משה אורנשטיין
ניסים  אפרגן,מרכז,מנהל.ת בחירות,בית דגן,nisimaf@piba.gov.il,קרין לוי
רחל  פרץ,צפון,מנהל.ת בחירות,בית שאן,rachelpe@iplan.gov.il,לאה מרקו
צוריאל פורת,ירושלים,מנהל.ת בחירות,בית שמש,Zuri@dat.gov.il,ישראל קדוש
דוד בן שושן ,יהודה ושומרון,מנהל.ת בחירות,ביתר עילית,davidbs@moin.gov.il,אפרת כהן
אדיר חרמון,תל אביב,מנהל.ת בחירות,בני ברק,bneibrak2023@gmail.com,הרצל צדקי
יעקב אליאך,מרכז,מנהל.ת בחירות,"בני עי""ש",62yakov@gmail.com,מיטל ברבי
סיגל זנטי,דרום,מנהל.ת בחירות,בני שמעון,sigalznati@gmail.com,ערן בן ישי
עמיר אבו רוקן,חיפה,מנהל.ת בחירות,בנימינה-גבעת עדה,amir.roken@gmail.com,אנגאם גהשאן
סאמי גרה,חיפה,מנהל.ת בחירות,"בסמ""ה",samigara57@gmail.com,טל סבג
שי טולידנו,צפון,מנהל.ת בחירות,בסמת טבעון,Shytl1608@gmail.com,בלאל חאג'
מוחמד דיאב,צפון,מנהל.ת בחירות,בענה,mohamd18@walla.com,משה אורנשטיין
רונן זהבי,מרכז,מנהל.ת בחירות,ברנר,ronenz@sviva.gov.il,עידית סודרי
ליאור קלצקין,תל אביב,מנהל.ת בחירות,בת ים,liorkla66@gmail.com,הרצל צדקי
אפי פירסט,צפון,מנהל.ת בחירות,ג'דיידה-מכר,efi.fir@gmail.com,משה אורנשטיין
לימור כהן,צפון,מנהל.ת בחירות,ג'ולס,limorco76@gmail.com,סיאח חמוד
אבירם אברמוביץ,מרכז,מנהל.ת בחירות,ג'לג'וליה,aviramab@walla.com,מיטל ברבי
מהנא עיסמי,חיפה,מנהל.ת בחירות,ג'סר א-זרקא,esamim9@gmail.com,אנגאם גהשאן
זוהיר  סלאמה,צפון,מנהל.ת בחירות,ג'ש (גוש חלב),zoohier_rrw@walla.com,רויטל טויבי
עבד אלפתאח יונס,חיפה,מנהל.ת בחירות,ג'ת,Abedunis4@gmail.com,טל סבג
גליה כהן,יהודה ושומרון,מנהל.ת בחירות,גבעת זאב,galiaco@moin.gov.il,חמזי חאמד
מיטל נוימן,מרכז,מנהל.ת בחירות,גבעת שמואל,meitalnoyman@gmail.com,קרין לוי
אריאל אונגר,תל אביב,מנהל.ת בחירות,גבעתיים,famungar@gmail.com,רוית קלפנר 
דוד ויצמן,מרכז,מנהל.ת בחירות,גדרה,davidw@mops.gov.il,קרין לוי
משה נסים,מרכז,מנהל.ת בחירות,גדרות,HY6209069@GMAIL.COM,עידית סודרי
מילה שפיר,צפון,מנהל.ת בחירות,גולן,Milaklsh1@gmail.com,רויטל טויבי
מלי  סירוטה,יהודה ושומרון,מנהל.ת בחירות,גוש עציון,malibe@moin.gov.il,אפרת כהן
רועי טל,מרכז,מנהל.ת בחירות,גזר,roy@sviva.gov.il,עידית סודרי
שולמית לובטון,מרכז,מנהל.ת בחירות,גן יבנה,shulamitlo3@gmail.com,מיטל ברבי
ימימה שוורץ קניגסבוך,מרכז,מנהל.ת בחירות,גן רווה,jemimas@tourism.gov.il,עידית סודרי
צדיק בכור אוסלו,מרכז,מנהל.ת בחירות,גני תקווה,tzadikoslo@gmail.com,מיטל ברבי
יעקב  בכר,חיפה,מנהל.ת בחירות,דאלית אל-כרמל,jakovb@court.gov.il,הוניידה חורי
אחמד אגבריה,צפון,מנהל.ת בחירות,דבוריה,ahmadi@ies.gov.il,לאה מרקו
הנו אמיר,צפון,מנהל.ת בחירות,דייר אל-אסד,amirhino1950@gmail.com,משה אורנשטיין
מאג'ד חג'אג'רה,צפון,מנהל.ת בחירות,דייר חנא,majedh@sviva.gov.il,סיאח חמוד
אמנון מנחם,דרום,מנהל.ת בחירות,דימונה,amnonme@iachifa.gov.il,שרה אברהם
יהודית פמיני,מרכז,מנהל.ת בחירות,דרום השרון,b2023ds@GMAIL.COM,עידית סודרי
יוסי שטרית,צפון,מנהל.ת בחירות,הגלבוע,yosish@piba.gov.il,לאה מרקו
,צפון,מנהל.ת בחירות,הגליל העליון,,רויטל טויבי
אירינה פנחסוב,צפון,מנהל.ת בחירות,הגליל התחתון,erinape445@gmail.com,לאה מרקו
גילאת בניאד נרקיס,מרכז,מנהל.ת בחירות,הוד השרון,hodhasharonelection@gmail.com,קרין לוי
אילן ג'אן,דרום,מנהל.ת בחירות,הערבה התיכונה,jan@land.gov.il,ערן בן ישי
יניב  זוהר,יהודה ושומרון,מנהל.ת בחירות,הר אדר,yanivzo@education.gov.il,חמזי חאמד 
אילון חורי,יהודה ושומרון,מנהל.ת בחירות,הר חברון,elonhouri@gmail.com,אפרת כהן
איתן כהן,תל אביב,מנהל.ת בחירות,הרצליה,herzliyaelection@gmail.com,רוית קלפנר 
שוקרי עבוד,חיפה,מנהל.ת בחירות,זבולון,Aboudshokry@gmail.com,הוניידה חורי
איתי בן-חיים,חיפה,מנהל.ת בחירות,זכרון יעקב,itai.bha@gmail.com,אנגאם גהשאן
עדי סולומון,מרכז,מנהל.ת בחירות,זמר,ADYSOLOMON@GMAIL.COM,סיגלית טייב
עבד אללטיף מסאלחה,צפון,מנהל.ת בחירות,זרזיר,M.abed105@gmail.com,בלאל חאג'
יורם יוסף,דרום,מנהל.ת בחירות,חבל אילות,yoramyosf71@gmail.com,ערן בן ישי
אורלי  אוחיון,מרכז,מנהל.ת בחירות,חבל יבנה,orliohayon@gmail.com,עידית סודרי
אופיר מלכה,מרכז,מנהל.ת בחירות,חבל מודיעין,ofirm555@gmail.com,עידית סודרי
בשארה עבסאוי,חיפה,מנהל.ת בחירות,חדרה,bshara.ab@gmail.com,טל סבג
שלום בוחבוט,תל אביב,מנהל.ת בחירות,חולון,shalomb@mse.gov.il,הרצל צדקי
מיכל קלרמן,דרום,מנהל.ת בחירות,חוף אשקלון,micou73@gmail ,ערן בן ישי
חליל אבו יוסף,חיפה,מנהל.ת בחירות,חוף הכרמל,khjoseph07@gmail.com,אנגאם גהשאן
דוד סלבין,מרכז,מנהל.ת בחירות,חוף השרון,dfs_65@hotmail.com,עידית סודרי
משה פריד,דרום,מנהל.ת בחירות,חורה,mosmosf@gmail.com,רפאל מזור
חאמד חמדאן,צפון,מנהל.ת בחירות,חורפיש,hamedh2309@gmail.com,משה אורנשטיין
חגי בטיטו,חיפה,מנהל.ת בחירות,חיפה,hagai9.9@gmail.com,הוניידה חורי
אילן עוזר,צפון,מנהל.ת בחירות,חצור הגלילית,Ilanozer26@gmail.com,רויטל טויבי
שימי מלכה,חיפה,מנהל.ת בחירות,חריש,shimi.malca@labor.gov.il,טל סבג
שירי שחף - אופק,צפון,מנהל.ת בחירות,טבריה,shiriofek@gmail.com,בלאל חאג'
חמאדה מלחם,צפון,מנהל.ת בחירות,טובא-זנגריה,Hamadahm@moch.gov.il,רויטל טויבי
סבטלנה כגן,צפון,מנהל.ת בחירות,טורעאן,Svetakagan13@gmail.com,בלאל חאג'
שלומי רון,מרכז,מנהל.ת בחירות,טייבה,shlomiro@iachifa.gov.il,סיגלית טייב
יעקב אריאלי,מרכז,מנהל.ת בחירות,טירה,kobia@mops.gov.il,סיגלית טייב
אלכסיי אלטמן,חיפה,מנהל.ת בחירות,טירת כרמל,alexeialt@iachifa.gov.il,הוניידה חורי
חוסיין נעאמנה,צפון,מנהל.ת בחירות,טמרה,n.husein83@gmail.com,בלאל חאג'
בלאל עואד,צפון,מנהל.ת בחירות,יאנוח-ג'ת,bilal@mof.gov.il,בלאל חאג'
אליהו  מלכה,צפון,מנהל.ת בחירות,יבנאל,elimal66@gmail.com,בלאל חאג'
אופיר רביע,מרכז,מנהל.ת בחירות,יבנה,yavne2023@gmail.com,מיטל ברבי
אורן תמיר,מרכז,מנהל.ת בחירות,יהוד-מונוסון,otamir2023@gmail.com,מיטל ברבי
עליזה  שעיבי,צפון,מנהל.ת בחירות,יסוד המעלה,alizash@moin.gov.il,רויטל טויבי
ערין מאהלי,צפון,מנהל.ת בחירות,יפיע,arin1303@gmail.com,לאה מרקו
שרה קיקוזאשוילי,צפון,מנהל.ת בחירות,יקנעם עילית,saritk47@gmail.com,לאה מרקו
ליהי סולומון,דרום,מנהל.ת בחירות,ירוחם,lihiso@education.gov.il,יפעת משאלה
יפעת שי,ירושלים,מנהל.ת בחירות,ירושלים,yifatsh@moin.gov.il,ישראל קדוש
גיא בן חיים,צפון,מנהל.ת בחירות,ירכא,guyben66@gmail.com,בלאל חאג'
שאול טרבלסי,צפון,מנהל.ת בחירות,כאבול,shaul.t.adv@gmail.com,בלאל חאג'
יוסף חסנין,צפון,מנהל.ת בחירות,כאוכב אבו אל-היג'א,yousefha@moin.gov.il,רויטל טויבי
יבגני גלייזר,מרכז,מנהל.ת בחירות,כוכב יאיר,eugeneg@moc.gov.il,סיגלית טייב
אבשלום שלומוב,דרום,מנהל.ת בחירות,כסיפה,shalom.avshalom@gmail.com,רפאל מזור
אמין זינאלדין,צפון,מנהל.ת בחירות,כסרא-סמיע,A.min@hotmail.com,סיאח חמוד
סאפי ביראני,צפון,מנהל.ת בחירות,כעביה-טבאש-חג'אג'רה,safib@cbs.gov.il,בלאל חאג'
רבקה אברהם,מרכז,מנהל.ת בחירות,כפר ברא,ravraham2@gmail.com,מיטל ברבי
אוקסנה וונחולסקי,צפון,מנהל.ת בחירות,כפר ורדים,oxana.von@gmail.com,משה אורנשטיין
ספוואן עלי  ,צפון,מנהל.ת בחירות,כפר יאסיף,sfwanal@education.gov.il,משה אורנשטיין
אלון גליקמן,מרכז,מנהל.ת בחירות,כפר יונה,along@molsa.gov.il,סיגלית טייב
פואד חלחל,צפון,מנהל.ת בחירות,כפר כמא,fuadha@moin.gov.il,סיאח חמוד
מונדר אשקר,צפון,מנהל.ת בחירות,כפר כנא,monder_ashkar@yahoo.com,סיאח חמוד
בועז חי,צפון,מנהל.ת בחירות,כפר מנדא,boazhai14@gmail.com,בלאל חאג'
אסף חיון,מרכז,מנהל.ת בחירות,כפר סבא,assafhayoun@gmail.com,קרין לוי
פרלה דוידוביץ' עמר,מרכז,מנהל.ת בחירות,כפר קאסם,perlada2023@gmail.com,סיגלית טייב
ג'ואד אגבריה,חיפה,מנהל.ת בחירות,כפר קרע,jawadeg2@gmail.com,טל סבג
גלית ברניסקין,תל אביב,מנהל.ת בחירות,כפר שמריהו,galit.baraniskin@gmail.com,רוית קלפנר 
בני טמים,צפון,מנהל.ת בחירות,כפר תבור,Benit@moch.gov.il,סיאח חמוד
עימאד עראידה,צפון,מנהל.ת בחירות,כרמיאל,emad.ar2712@gmail.com,משה אורנשטיין
עמי יפרח,מרכז,מנהל.ת בחירות,לב השרון,amiifrah@yahoo.com,עידית סודרי
אפרת הררי,דרום,מנהל.ת בחירות,להבים,efrathava@hotmail.com,יפעת משאלה
הילה חאיק,מרכז,מנהל.ת בחירות,לוד,haikhila@gmail.com,מיטל ברבי
אורן  וינברג,דרום,מנהל.ת בחירות,לכיש,oveinberg@knesset.gov.il,ערן בן ישי
רועי אינדיק,דרום,מנהל.ת בחירות,לקיה,Roei.indik@mail.huji.ac.il,רפאל מזור
איריס דדון,צפון,מנהל.ת בחירות,מבואות החרמון,irisda@court.gov.il,רויטל טויבי
ריבי קלינמן,ירושלים,מנהל.ת בחירות,מבשרת ציון,Rivikl@moin.gov.il,ישראל קדוש
לואי נאסר,צפון,מנהל.ת בחירות,מג'ד אל-כרום,loaain@gmail.com,משה אורנשטיין
עאטף חיראלדין,צפון,מנהל.ת בחירות,מג'דל שמס,atefkh@moin.gov.il,סיאח חמוד
נביל קראקרה,צפון,מנהל.ת בחירות,מגאר,nabilk@eca.gov.il,בלאל חאג'
סיגל בן עוז,צפון,מנהל.ת בחירות,מגדל,sigalb@tourism.gov.il,בלאל חאג'
רואה מוסא,צפון,מנהל.ת בחירות,מגדל העמק,electionmh2023@gmail.com,לאה מרקו
מיכל אפל,צפון,מנהל.ת בחירות,מגידו,michal.apel@zafon.health.gov.il,לאה מרקו
שרון מאיר,יהודה ושומרון,מנהל.ת בחירות,מגילות ים המלח,smeir2107@gmail.com,אפרת כהן
שרה ארגמן לוי,מרכז,מנהל.ת בחירות,מודיעין-מכבים-רעות,sara2104@walla.com,קרין לוי
אריאל קורח,יהודה ושומרון,מנהל.ת בחירות,מודיעין עילית,arielkorach100@gmail.com,אפרת כהן
עדי גרישפון,מרכז,מנהל.ת בחירות,מזכרת בתיה,adim1603@gmail.com,מיטל ברבי
מייסרה סובח,צפון,מנהל.ת בחירות,מזרעה,Maisaraso@taxes.gov.il ,משה אורנשטיין
ישי רובין,צפון,מנהל.ת בחירות,מטה אשר,yishair@moch.gov.il,רויטל טויבי
עידו צ'פניק,יהודה ושומרון,מנהל.ת בחירות,מטה בנימין,idoch@moin.gov.il,אפרת כהן
איתמר  בן אבי,ירושלים,מנהל.ת בחירות,מטה יהודה,Itamar_el@walla.co.il,ישראל קדוש
מאיר נאור,צפון,מנהל.ת בחירות,מטולה,meirn@moag.gov.il,רויטל טויבי
מאיה צור,דרום,מנהל.ת בחירות,מיתר,mayabar@justice.gov.il,יפעת משאלה
הרצל שושן,חיפה,מנהל.ת בחירות,מנשה,herzels@fta.gov.il,טל סבג
סלמא לאלא,צפון,מנהל.ת בחירות,מסעדה,Lalasa@mot.gov.il,סיאח חמוד
חסן אבו ריש,צפון,מנהל.ת בחירות,מעיליא,hasana@molsa.gov.il,משה אורנשטיין
רחלי  מונסה,יהודה ושומרון,מנהל.ת בחירות,מעלה אדומים,rachelim63@gmail.com,אפרת כהן
חיה עזו יחזקאל,יהודה ושומרון,מנהל.ת בחירות,מעלה אפרים,azohaya@gmail.com,חמזי חאמד
מאור בבלי,צפון,מנהל.ת בחירות,מעלה יוסף,maorbavli@gmail.com,רויטל טויבי
עאדל נאסר,חיפה,מנהל.ת בחירות,מעלה עירון,nasser.adel@hotmail.com,טל סבג
כמאל סעד,צפון,מנהל.ת בחירות,מעלות-תרשיחא,kamalsa@moin.gov.il,משה אורנשטיין
נטע סגיר גמליאל,דרום,מנהל.ת בחירות,מצפה רמון,Mizpens@gmail.com,יפעת משאלה
משה פרינטה,צפון,מנהל.ת בחירות,מרום הגליל,moshep2212@gmail.com,רויטל טויבי
יגאל בוסקילה,דרום,מנהל.ת בחירות,מרחבים,igalb@moag.gov.il,ערן בן ישי
טארק מערוף,צפון,מנהל.ת בחירות,משגב,terekma@hotmail.com,רויטל טויבי
גלית סייג,צפון,מנהל.ת בחירות,משהד,galits2609@gmail.com,לאה מרקו
אברהם לחיאני,צפון,מנהל.ת בחירות,נהריה,avrahamla60@gmail.com,משה אורנשטיין
עומרי  שועה,דרום,מנהל.ת בחירות,נווה מדבר,omrishua@gmail.com,ערן בן ישי
רועי יצחק,צפון,מנהל.ת בחירות,נוף הגליל,roiyi@moin.gov.il,סיאח חמוד
לילך ברנר,מרכז,מנהל.ת בחירות,נחל שורק,Lilach113@gmail.com,עידית סודרי
נסר ח'יר,צפון,מנהל.ת בחירות,נחף,nasrkheir@gmail.com,משה אורנשטיין
שי נחום,מרכז,מנהל.ת בחירות,נס ציונה,snbbehirot@gmail.com,מיטל ברבי
מוניר הנו,צפון,מנהל.ת בחירות,נצרת,monerh@nioi.gov.il,לאה מרקו
חנה  ויסמן,חיפה,מנהל.ת בחירות,נשר,hanava@moin.gov.il,הוניידה חורי
אודליה פינטו,דרום,מנהל.ת בחירות,נתיבות,Odeliapinto@gmail.com,שרה אברהם
עידן נתיב,מרכז,מנהל.ת בחירות,נתניה,inativ4@gmail.com,סיגלית טייב
ניצן גונן,צפון,מנהל.ת בחירות,סאג'ור,NITZANGO@COURT.GOV.IL,משה אורנשטיין
אושרי שמרלינג,מרכז,מנהל.ת בחירות,סביון,oshri.shmerling@gmail.com,קרין לוי
מופיד עראידה,צפון,מנהל.ת בחירות,סח'נין,mofeed231997@gmail.com,סיאח חמוד
נזאר חטיב,צפון,מנהל.ת בחירות,ע'ג'ר,nezarkh@moin.gov.il,סיאח חמוד
אורית  פיניש,דרום,מנהל.ת בחירות,עומר,oritph@eca.gov.il,יפעת משאלה
נואל חוטבא,צפון,מנהל.ת בחירות,עיילבון,nawal304@gmail.com,בלאל חאג'
דליה מונטיצלו,צפון,מנהל.ת בחירות,עילוט,dalia@moh.gov.il,סיאח חמוד
פאני כרסנטי,צפון,מנהל.ת בחירות,עין מאהל,fannyk@moh.gov.il ,סיאח חמוד
מזיד פארס,צפון,מנהל.ת בחירות,עין קנייא,meziadf@land.gov.il,סיאח חמוד
ג'מאל טריף,צפון,מנהל.ת בחירות,עכו,jamaltarif@gmail.com,בלאל חאג'
,יהודה ושומרון,מנהל.ת בחירות,עמנואל,,חמזי חאמד
איתמר  שועלי,צפון,מנהל.ת בחירות,עמק הירדן,itamarsh@iachifa.gov.il,לאה מרקו
עינב דואב,צפון,מנהל.ת בחירות,עמק המעיינות,einavduev@hotmail.com,לאה מרקו
רמי קויש,מרכז,מנהל.ת בחירות,עמק חפר,ramyft@012.net.il,עידית סודרי
רלוקה ביאנקה לייבוביץ צור ונג,צפון,מנהל.ת בחירות,עמק יזרעאל,rachelle@iachifa.gov.il,לאה מרקו
עיזלאדין  דאהר,חיפה,מנהל.ת בחירות,עספיא,ezdaher@gmail.com,הוניידה חורי
חגית עמית,צפון,מנהל.ת בחירות,עפולה,hagitam@iplan.gov.il,סיאח חמוד
עבד אלחכים פדילה,צפון,מנהל.ת בחירות,עראבה,abdallf@gmail.com,סיאח חמוד
עמי חמץ,יהודה ושומרון,מנהל.ת בחירות,ערבות הירדן,Amih@tourism.gov.il,אפרת כהן
דוד עובדיה,דרום,מנהל.ת בחירות,ערד,duduov73@gmail.com,שרה אברהם
וסים  והבי,חיפה,מנהל.ת בחירות,ערערה,wasemwahaby@gmail.com,טל סבג
גיורא מוסטקי,דרום,מנהל.ת בחירות,ערערה-בנגב,gio31@zahav.net.il,רפאל מזור
עטא עיסמי,חיפה,מנהל.ת בחירות,פוריידיס,attaae@gmail.com,אנגאם גהשאן
אוסאמה סעד,צפון,מנהל.ת בחירות,פסוטה,osama1275@gmail.com,משה אורנשטיין
מסעוד סיף,צפון,מנהל.ת בחירות,פקיעין (בוקייעה),msaud.sayfe@gmail.com,משה אורנשטיין
מיכל אליאש,חיפה,מנהל.ת בחירות,פרדס חנה-כרכור,MICHALC2@JUSTICE.GOV.IL,אנגאם גהשאן
ליאור כהן,מרכז,מנהל.ת בחירות,פרדסיה,liorcn7@gmail.com,סיגלית טייב
זהבה אפרתי,מרכז,מנהל.ת בחירות,פתח תקווה,zehava.efrati@pth.health.gov.il,מיטל ברבי
רוני עיד,צפון,מנהל.ת בחירות,צפת,ronnye@tourism.gov.il,רויטל טויבי
דוד רוטנברג,יהודה ושומרון,מנהל.ת בחירות,קדומים,davidrot@justice.gov.il,חמזי חאמד
יהודה תמר,מרכז,מנהל.ת בחירות,קדימה-צורן,yehudat@knesset.gov.il,סיגלית טייב
אברהם הדר,מרכז,מנהל.ת בחירות,קלנסווה,avih10@gmail.com,סיגלית טייב
אריה עידו,צפון,מנהל.ת בחירות,קצרין,ARIELD@COURT.GOV.IL,רויטל טויבי
אורי חלילי,תל אביב,מנהל.ת בחירות,קרית אונו,Orihaliliori@gmail.com,הרצל צדקי
עודד יעקב,יהודה ושומרון,מנהל.ת בחירות,קרית ארבע,odedyaakov1@gmail.com,חמזי חאמד
עופר שפר,חיפה,מנהל.ת בחירות,קרית אתא,ofersc@piba.gov.il,הוניידה חורי
אליהו  תמיר,חיפה,מנהל.ת בחירות,קרית ביאליק,mailto:Eli.tamir6018@gmail.com,הוניידה חורי
חביאר מרקובס,דרום,מנהל.ת בחירות,קרית גת,jaedma1955@hotmail.com,שרה אברהם
דוד אברהם,חיפה,מנהל.ת בחירות,קרית טבעון,avraham1980@gmail.com,הוניידה חורי
גבע ביאדגו,חיפה,מנהל.ת בחירות,קרית ים,gbiadgo@gmail.com,הוניידה חורי
אורלי  זרביב,ירושלים,מנהל.ת בחירות,קרית יערים,orlizar@moin.gov.il,ישראל קדוש
נורה אבו רקיה,חיפה,מנהל.ת בחירות,קרית מוצקין,Nora.abo82@gmail.com,הוניידה חורי
אמיר פרץ,דרום,מנהל.ת בחירות,קרית מלאכי,Amirpe123@gmail.com,שרה אברהם
שירלי רייסין ששון,מרכז,מנהל.ת בחירות,קרית עקרון,shirlyra@piba.gov.il,קרין לוי
איתמר  דוד,צפון,מנהל.ת בחירות,קרית שמונה,itamar1503@gmail.com,רויטל טויבי
נתן פערלמאן,יהודה ושומרון,מנהל.ת בחירות,קרני שומרון,nosson.perlman@mail.huji.ac.il,חמזי חאמד
שריף עליאן,צפון,מנהל.ת בחירות,ראמה,sharife@cbs.gov.il,משה אורנשטיין
גיא בן נון,מרכז,מנהל.ת בחירות,ראש העין,guy.img@gmail.com,קרין לוי
שלום לטמן,צפון,מנהל.ת בחירות,ראש פינה,shaloml@hotmail.com,רויטל טויבי
אסתר הראלי,מרכז,מנהל.ת בחירות,ראשון לציון,esteriha@moin.gov.il,קרין לוי
אברהם אוטמזגין,דרום,מנהל.ת בחירות,רהט,avi1279@gmail.com,שרה אברהם
גנאדי אטין,מרכז,מנהל.ת בחירות,רחובות,etingena@gmail.com,מיטל ברבי
שרה אליהו,צפון,מנהל.ת בחירות,ריינה,sarael@moin.gov.il,לאה מרקו
מרק ויין,חיפה,מנהל.ת בחירות,רכסים,markva@moin.gov.il,הוניידה חורי
דניאל שר,מרכז,מנהל.ת בחירות,רמלה,ramlaelectmanager2023@gmail.com,מיטל ברבי
ירוחם כהן,תל אביב,מנהל.ת בחירות,רמת גן,yerocham123@gmail.com,רוית קלפנר 
אילן בוחניק גלבורד,תל אביב,סגנ.ית מנהל.ת בחירות,רמת גן,Ilanbo@taxes.gov.il,רוית קלפנר 
אהד ליפשיץ,תל אביב,מנהל.ת בחירות,רמת השרון,ohadlif1@gmail.com,רוית קלפנר 
איילת טרייבר,צפון,מנהל.ת בחירות,רמת ישי,ayeletbar4171@walla.co.il,לאה מרקו
רותם גבע,דרום,מנהל.ת בחירות,רמת נגב,rotemg@land.gov.il,ערן בן ישי
אילת גופמן,מרכז,מנהל.ת בחירות,רעננה,eilatg@justice.gov.il,סיגלית טייב
עדי פרץ,צפון,מנהל.ת בחירות,שבלי - אום אל-גנם,aduda1414@gmail.com ,לאה מרקו
אילן ישורון,דרום,מנהל.ת בחירות,שגב-שלום,ilany1891@gmail.com,רפאל מזור
מיטל קדוש,מרכז,מנהל.ת בחירות,שדות דן,meitals@pmo.gov.il,עידית סודרי
דנה ברק,דרום,מנהל.ת בחירות,שדות נגב,danaba@bmc.gov.il,ערן בן ישי
דב גלברט,דרום,מנהל.ת בחירות,שדרות,dovgelbert@gmail.com,שרה אברהם
איריס נחמני שוחט,מרכז,מנהל.ת בחירות,שוהם,irisna@moin.gov.il,קרין לוי
ליאור שחר,יהודה ושומרון,מנהל.ת בחירות,שומרון,liorsh@moin.gov.il,אפרת כהן
מרינה גך,צפון,מנהל.ת בחירות,שלומי,marinag@cbs.gov.il,בלאל חאג'
אשרף  חוטבא,צפון,מנהל.ת בחירות,שעב,HOTBAAS@HOTMAIL.CO.IL,רויטל טויבי
דורית אתי מנדלסון,דרום,מנהל.ת בחירות,שער הנגב,DORITME39@GMAIL.COM,ערן בן ישי
אליהו יוסף אילוז,דרום,מנהל.ת בחירות,שפיר,eli7310@gmail.com,ערן בן ישי
אלכסנדר ביאלסקי,צפון,מנהל.ת בחירות,שפרעם,ojin81@gmail.com,בלאל חאג'
,תל אביב,מנהל.ת בחירות,תל אביב - יפו,,רוית קלפנר 
עומר שהם,דרום,מנהל.ת בחירות,תל שבע,omer8252@gmail.com,רפאל מזור
מישל דיין,דרום,מנהל.ת בחירות,תמר,misheld@bmc.gov.il,ערן בן ישי
משה פורת,חיפה,סגנ.ית מנהל.ת בחירות,אום אל-פחם,MOSHEP@JUSTICE.GOV.IL,טל סבג
מירי יולזרי,תל אביב,סגנ.ית מנהל.ת בחירות,אור יהודה,miriyo@taxes.gov.il,הרצל צדקי
אמיר דבור,חיפה,סגנ.ית מנהל.ת בחירות,אור עקיבא,amirdabur@gmail.com,אנגאם גהשאן
טל עזרן,דרום,סגנ.ית מנהל.ת בחירות,אל קסום,Elkasoum2023@gmail.com,ערן בן ישי
בני צדוק,מרכז,סגנ.ית מנהל.ת בחירות,אלעד,benny.zadok@innovationisrael.org.il,קרין לוי
תטייר מהרי,דרום,סגנ.ית מנהל.ת בחירות,אשדוד,tatimahari@gmail.com,שרה אברהם
אברהם יפרח,דרום,סגנ.ית מנהל.ת בחירות,אשכול,Avii@moag.gov.il,ערן בן ישי
סיגל הרוש,דרום,סגנ.ית מנהל.ת בחירות,אשקלון,sigalha2@piba.gov.il,שרה אברהם
מירי ניסים,חיפה,סגנ.ית מנהל.ת בחירות,באקה אל-גרביה,6222492@gmail.com,טל סבג
שירה בנישתי,דרום,סגנ.ית מנהל.ת בחירות,באר טוביה,shirabenishti123@gmail.com,ערן בן ישי
אלעד עמר,דרום,סגנ.ית מנהל.ת בחירות,באר שבע,eladoosh3@gmail.com,שרה אברהם
מוריה בנין,ירושלים,סגנ.ית מנהל.ת בחירות,בית שמש,marahaza@gmail.com,ישראל קדוש
ענת   סמנטוב,יהודה ושומרון,סגנ.ית מנהל.ת בחירות,ביתר עילית,anatst72@gmail.com,אפרת כהן
שגיא ששון,תל אביב,סגנ.ית מנהל.ת בחירות,בני ברק,sagisll@walla.co.il,הרצל צדקי
דבורה לאה המרא טייטר,תל אביב,סגנ.ית מנהל.ת בחירות,בת ים,Deborah@iplan.gov.il,הרצל צדקי
לירן כהן,תל אביב,סגנ.ית מנהל.ת בחירות,גבעתיים,lirancohenbill@gmail.com,רוית קלפנר 
רון קורן,צפון,סגנ.ית מנהל.ת בחירות,גולן,ronkoren123@gmail.com,רויטל טויבי
מרים סולומון,יהודה ושומרון,סגנ.ית מנהל.ת בחירות,גוש עציון,miryams@eca.gov.il,אפרת כהן
רוני רומם,מרכז,סגנ.ית מנהל.ת בחירות,גזר,roni_h1@walla.co.il,עידית סודרי
אורן בן סידון,מרכז,סגנ.ית מנהל.ת בחירות,דרום השרון,orenbensidon@gmail.com,עידית סודרי
רויטל כהן אטיה,צפון,סגנ.ית מנהל.ת בחירות,הגלבוע,Revital.bry@gmail.com,לאה מרקו
מיכל פלד ביבי,מרכז,סגנ.ית מנהל.ת בחירות,הוד השרון,michalp@moin.gov.il,קרין לוי
רויטל יזדי,תל אביב,סגנ.ית מנהל.ת בחירות,הרצליה,herzliyaelection@gmail.com,רוית קלפנר 
אברהים מנסור,חיפה,סגנ.ית מנהל.ת בחירות,זבולון,Ibrahim.mansour.56@gmail.com,הוניידה חורי
אפרים הורוביץ,מרכז,סגנ.ית מנהל.ת בחירות,חבל מודיעין,efraim.horowitz@gmail.com,עידית סודרי
זייד זיאדה,חיפה,סגנ.ית מנהל.ת בחירות,חדרה,ziedzi@moin.gov.il,טל סבג
איה אפשטיין,תל אביב,סגנ.ית מנהל.ת בחירות,חולון,ayaepma@gmail.com,הרצל צדקי
חן הניג,דרום,סגנ.ית מנהל.ת בחירות,חוף אשקלון,henhe@moin.gov.il,ערן בן ישי
אורן  הירש,חיפה,סגנ.ית מנהל.ת בחירות,חוף הכרמל,hirshoran@gmail.com,אנגאם גהשאן
שולמית שוקרון,דרום,סגנ.ית מנהל.ת בחירות,חורה,shukruns@mot.gov.il,רפאל מזור
עמוס עדי כהן,חיפה,סגנ.ית מנהל.ת בחירות,חיפה,amosco102102@gmail.com,הוניידה חורי
אלעד תושיה,צפון,סגנ.ית מנהל.ת בחירות,טבריה,eladt@justice.gov.il,בלאל חאג'
סלים חנג'ר,צפון,סגנ.ית מנהל.ת בחירות,טורעאן,salimch@taxes.gov.il,בלאל חאג'
ציון אפרתי,מרכז,סגנ.ית מנהל.ת בחירות,טייבה,Zionef@walla.com,סיגלית טייב
תומר ברגר,מרכז,סגנ.ית מנהל.ת בחירות,טירה,btomer8@gmail.com,סיגלית טייב
הלית גונן,חיפה,סגנ.ית מנהל.ת בחירות,טירת כרמל,helitgonen@gmail.com,הוניידה חורי
נתנאל מאיר ישראל זרביב,צפון,סגנ.ית מנהל.ת בחירות,טמרה,netanelzerbib@gmail.com,בלאל חאג'
מאיר דויטשר,ירושלים,סגנ.ית מנהל.ת בחירות,ירושלים,meirdo@moin.gov.il,ישראל קדוש
אלימלך וקסלר,דרום,סגנ.ית מנהל.ת בחירות,כסיפה,ElimelechWe@piba.gov.il,רפאל מזור
אביתר חלה,מרכז,סגנ.ית מנהל.ת בחירות,כפר סבא,evyatarchale@gmail.com,קרין לוי
דניאל כהן,מרכז,סגנ.ית מנהל.ת בחירות,כפר קאסם,cohendani8@gmail.com,סיגלית טייב
ניב משה,צפון,סגנ.ית מנהל.ת בחירות,כרמיאל,Nivam9194@gmail.com,משה אורנשטיין
אלינור בנעים,מרכז,סגנ.ית מנהל.ת בחירות,לב השרון,eladelinor@gmail.com,עידית סודרי
רוחמה נגר,מרכז,סגנ.ית מנהל.ת בחירות,לוד,RuhamaNa@moin.gov.il,מיטל ברבי
נופר זינגר,דרום,סגנ.ית מנהל.ת בחירות,לקיה,singernofar@gmail.com,רפאל מזור
טלי קסלסי,מרכז,סגנ.ית מנהל.ת בחירות,מודיעין-מכבים-רעות,talika@moin.gov.il,קרין לוי
גרייב נסאר,יהודה ושומרון,סגנ.ית מנהל.ת בחירות,מודיעין עילית,nassarg@mot.gov.il,אפרת כהן
מרים רוטשטיין,צפון,סגנ.ית מנהל.ת בחירות,מטה אשר,mirir@moch.gov.il,רויטל טויבי
אורטל מויאל,יהודה ושומרון,סגנ.ית מנהל.ת בחירות,מטה בנימין,ortal_a2004@walla.co.il,אפרת כהן
חבצלת מאירי,ירושלים,סגנ.ית מנהל.ת בחירות,מטה יהודה,havazeletme@justice.gov.il,ישראל קדוש
חסן איוב,צפון,סגנ.ית מנהל.ת בחירות,מרום הגליל,blu_8h@walla.co.il,רויטל טויבי
אשרף  חליל,צפון,סגנ.ית מנהל.ת בחירות,משגב,ashlil2606@gmail.com,רויטל טויבי
שמעון קימה,צפון,סגנ.ית מנהל.ת בחירות,נהריה,shimonk3@walla.com,משה אורנשטיין
בלומה עייש,צפון,סגנ.ית מנהל.ת בחירות,נוף הגליל,ckunv35@gmail.com,סיאח חמוד
ח'ליל שדאפנה,צפון,סגנ.ית מנהל.ת בחירות,נצרת,khalilsh@moin.gov.il,לאה מרקו
אביתר צברי,מרכז,סגנ.ית מנהל.ת בחירות,נתניה,evyatz@gmail.com,סיגלית טייב
רפאל אזרך,צפון,סגנ.ית מנהל.ת בחירות,סח'נין,rafia1972@gmail.com,סיאח חמוד
קרן דהן,צפון,סגנ.ית מנהל.ת בחירות,עכו,Kerendahan@justice.gov.il,בלאל חאג'
גילה איפרגן,מרכז,סגנ.ית מנהל.ת בחירות,עמק חפר,gilifrgan@gmail.com ,עידית סודרי
מירב ממן,צפון,סגנ.ית מנהל.ת בחירות,עמק יזרעאל,meravma@iplan.gov.il,לאה מרקו
לירן שטטר,צפון,סגנ.ית מנהל.ת בחירות,עפולה,liransh@iplan.gov.il,סיאח חמוד
תמר  בולבין,יהודה ושומרון,סגנ.ית מנהל.ת בחירות,ערבות הירדן,tabolvin@gmail.com,אפרת כהן
מוחמד ג'ורבאן,דרום,סגנ.ית מנהל.ת בחירות,ערערה-בנגב,mohamedgo@moin.gov.il,רפאל מזור
לינה טל,חיפה,סגנ.ית מנהל.ת בחירות,פרדס חנה-כרכור,Lina1970@gmail.com,אנגאם גהשאן
אילנית  דדיה,מרכז,סגנ.ית מנהל.ת בחירות,פתח תקווה,ilanitd@ies.gov.il,מיטל ברבי
הראלה גלאם,מרכז,סגנ.ית מנהל.ת בחירות,קלנסווה,harelag@ies.gov.il,סיגלית טייב
הדר סלע,חיפה,סגנ.ית מנהל.ת בחירות,קרית אתא,hadarsela10@gmail.com,הוניידה חורי
איריס דוקרקר,דרום,סגנ.ית מנהל.ת בחירות,קרית גת,dakard@walla.com,שרה אברהם
יואל זינגר,מרכז,סגנ.ית מנהל.ת בחירות,ראש העין,yoelwwwww@gmail.com,קרין לוי
דניאל מקסימוב,מרכז,סגנ.ית מנהל.ת בחירות,ראשון לציון,maximovcpa@gmail.com,קרין לוי
מאיר  אביטן,דרום,סגנ.ית מנהל.ת בחירות,רהט,avitanm@bmc.gov.il,שרה אברהם
סימונה ביטון,מרכז,סגנ.ית מנהל.ת בחירות,רחובות,SimonaBi@taxes.gov.il,מיטל ברבי
אילן אלישע,מרכז,סגנ.ית מנהל.ת בחירות,רמלה,IlanEl@moin.gov.il,מיטל ברבי
אסי סוזנה,תל אביב,סגנ.ית מנהל.ת בחירות,רמת השרון,SUZANAA@MOT.GOV.IL,רוית קלפנר 
מור דואן,מרכז,סגנ.ית מנהל.ת בחירות,רעננה,morduan86@gmail.com,סיגלית טייב
נתנאל חורי,דרום,סגנ.ית מנהל.ת בחירות,שדרות,netanelhury@gmail.com,שרה אברהם
אדם אבו שמיס,יהודה ושומרון,סגנ.ית מנהל.ת בחירות,שומרון,adamico10@gmail.com,אפרת כהן
אליאב שפי,צפון,סגנ.ית מנהל.ת בחירות,שפרעם,shef.op@gmail.com,בלאל חאג'
אלון לוי,תל אביב,סגנ.ית מנהל.ת בחירות,תל אביב - יפו,alon0377@gmail.com,רוית קלפנר 
אורלי  אקוע,דרום,סגנ.ית מנהל.ת בחירות,תל שבע,orlya@mops.gov.il,רפאל מזור
אפרים גיל-עד,תל אביב,סגנ.ית מנהל.ת בחירות,תל אביב - יפו,efraimg@mse.gov.il,רוית קלפנר 
יניב דדון,ירושלים,סגנ.ית מנהל.ת בחירות,ירושלים,Yanivi78@.com hotmail,ישראל קדוש
סאלח כיוף,חיפה,סגנ.ית מנהל.ת בחירות,חיפה,salehkayouf10@gmail.com,הוניידה חורי
ספיר כהן,דרום,סגנ.ית מנהל.ת בחירות,נתיבות,sapirco24@gmail.com,שרה אברהם
