﻿שם איש קשר,שם המציע,פרטי התקשרות,אתר האינטרנט,פרטי השירות או מוצר,תנאי תשלום,לכמה זמן ,אבטחת ממשק התחברות מרחוק,בדיקת רמת בטיחות טכנולוגית של נכס סייבר לפני התחברותו לרשת הארגון בעת עבודה מרחוק,צמצום דלף מידע בעת עבודה מרחוק,הגנה על הארגון בעת עבודה עם שירותי ענן ציבוריים ושירותי שיתוף קבצים ציבוריים,מערך הלבנה (סריקה וניקוי מנוזקות/איומי קוד עויין),הגנה על עמדות קצה וביצוע חקירות פורנזיות באופן אוטומטי,אבטחת מכשירים ניידים,הזדהות חזקה של משתמשים,מערך ניטור בסייבר,שירותי הגנת סייבר מנוהלים (כולל שירותי ייעוץ / Professional services),שירותי תגובה לאירוע סייבר,שירותי מודעות ייעודיים,הגנת מפני תקיפות DDoS,ניהול סיכוני שרשרת אספקה
נוי סבן,.CYESEC Ltd,noy@cyesec.com,cyesec.com,"CYE provide one to end cyber security service that help improving the organisation's
resilience. CYE services include: comprehensive assessments, continues
assessments, vulnerabilities analysis and prioritisation of the mitigation process,
red-team exercises and other training sessions, incident response, passive risk
analysis reports for vendor and supply chain assessments",בהנחה,שלושה חודשים,V,V,V,,,,,,,V,V,V,,V
פסח גולדמן,"010 מחשוב ענן בע""מ",pesach@010.co.il,https://www.010.co.il,"מעטפת הגנה על מחשבי הקצה בשילוב עם הדרכות מודעות עובדים ותרגילי ""פישינג"". השירותים כוללים:
 	הגנה מפני כופר
 	סינון אתרים פוגעניים
 	מודעות עובדים לסייבר
 	תרגילי ""פישינג""
 	התרעה על דליפת סיסמאות ופרטים אישיים של עובדים למכירה ב-Dark Net
 	פתרון ניהול סיסמאות עובדים כולל 2FA
 	שמירה על תקינות ועדכון עמדות קצה
 	שירות SIEM/SOC",בהנחה,עד שיחזרו לעבודה במשרדים אחרי הקורונה,,V,V,,,V,,,V,V,V,V,,V
הילה וישנינסקי,2BSecure,hila.vishninsky@2bsecure.co.il,2bsecure.co.il,"המוצר מאפשר גישה מרחוק בצורה מאובטחת (Secure Remote Access)  תוך שימוש בפרוטוקולים מאובטחים, עם בדיקת צד הלקוח – להתאמה לחוקת האירגון, אימות מול מגוון שרתי ושירותי זיהוי (IDaaS) וכן שימוש בהזדהות חזקה MFA.",בהנחה,"המוצר מוצע בתצורה של מכונה וירטואלית  Virtual Appliance  בחינם להתנסות למשך 30 יום, ולאחר מכן בהנחה.",V,,,,,,,V,,,,,,
Rotem Shemesh,BitDam,rotem.shemesh@bitdam.com,bitdam.com, BitDam ATP protects end-users from malicious files and links delivered via Teams and Zoom.,בחינם,3 חודשים,,,,V,,,,,,,,,,
חגי כץ,Check Point,hagaik@checkpoint.com,checkpoint.com,"Any combination of the following protections
1) Anti Fishing and Threat Extraction while web surfing
2) Anti Virus
3) Firewall",בחינם,לא מוגבל,,,,,,V,,,,,,,,
אלכסנדר פלג,Cilynx Services Ltd,alex@cilynx.com,https://cilynx.com,"יאפשר להם זיהוי פגיעויות, או לחלופין יאפשר להם להתמודד עם ארוע סייבר",בהנחה,3 חודשים,,,,,,,,,,V,V,V,,
אלכסנדר פלג,Cilynx Services Ltd,alex@cilynx.com,https://cilynx.com,"השירות יאפשר לארגונים לבצע בדיקות חוסן והבנה של משטח התקיפה של הארגון על מנת להחיל פגיעויות 

כמו כן יאפשר מענה לאירוע אשר התרחש",בהנחה,3 חודשים,,,,,,,,,,V,V,,,
שניר רוזנפלד,Cyber 2.0,sneerr@cyber20.com,https://www.cyber20.com/home,"Cyber 2.0 prevents the spread of Cyber-attacks within organizational network and for home users 
Monitor mode to give risk assessment report 
and full defense to protect computers ",בחינם,עד ה 1/9/20,V,,V,V,,V,V,,V,V,,,,
בני פלח,Cyber Cloud Networks,benny@cybercloudnetworks.com,www.cybercloudnetworks.com,"
Browsing Defender – 
שירות המבצע סריקה של כלל תעבורת ה-DNS לאינטרנט, באמצעות מספר מנועי אבטחה, ומבצע סינון לפי מספר חבילות, שכל עסק מגדיר לעצמו באמצעות  פורטל ייעודי. לרבות חסימת איומי סייבר (פישינג, ספאם, בוטנט, אתרים פוגעניים), וכן אתרים עם תכנים בלתי הולמים.
הפתרון מאפשר הגנה גם על מחשבים ביתיים, באמצעות AGENT. ובקרוב גם על התקני מובייל.
שירות זה איננו מצריך VPN, וכן אין אנו מעבירים את כלל תעבורת האינטרנט דרכנו.
לכל לקוח עסקי, דוח יומי ושבוע, וכן פורטל לגישה מיידית

EMAIL Defender –
שירות המבצע סינון לתעבורת דואר אלקטרוני. באמצעות מספר מנגנוני אבטחה: מנועי AV, SANDBOX, CDR, מנועי זיהוי PHISHING. – המערכת עובדת בתצורת MAIL RELAY, וכן  בקרוב בתצורת CLOUD מלאה, לתמיכה בתצורת API מול 365, GSUITE לזיהוי איומי PHISHING, ויכולת סריקת קבצים באמצעות מספר מנועי סינון מתקדמים.",בחינם,1 שנה,,,,,V,V,,,,V,,,,
Bentsi Benatar,Cyber Sepio Systems Ltd.,bentsib@sepio.systems,www.sepio.systems,"היכולת לתקוף דרך ערוץ זה נובעת מהעובדה שכלי תקיפה בממשק ה- USB HID, מתחזה באופן מושלם להתקן לגיטימי , ע""י שכפול ה- VID/PID/CLASSID, מה שמונע גילוי הכלים דרך מערכות EPS/EDR. כלי התקיפה בממשק ה- ETHERNET, פועלים ב- PHYSICAL LAYER L1 , מתחת ""לרדאר"" של מערכות NAC/IDS.
הפתרון המוצע, עובד תוך ממשק מלא מול מערכות NAC/IDS/EPS/EDR קיימים.",בחינם,60 יום,,V,V,,,,,,V,,,,,V
דור עמית,CyberArt,dor@cyberartsecurity.com,https://cyberartsecurity.com,אנחנו מציעים מספר שירותים ומוצרים ייחודיים בתחום הסייבר שהותאמו והונגשו לצרכים המיוחדים שנוצרו בתקופה האחרונה - מעבר מסיבי בזמן קצר לעבודה מהבית ועלייה במתקפות הסייבר בעולם ומתקפות על ישראל וגופים ישראליים בפרט,בהנחה,חודשיים,V,V,V,V,,V,,V,V,V,V,V,,
לוטם גיא,CYBEREASON,lotem@cybereason.com,www.cybereason.com,"The expansion of the IT landscape directly impacts your IT team. Trying to simultaneously maintain business continuity while also defending a totally remote workforce is a complex issue with heightened risks. To help organizations across all verticals secure their new, evolving-everywhere office, Cybereason is offering a Remote Workforce Protection solution built to ease the burden on IT and security teams during this challenging time. Cybereason can augment and support your business with the power of the Cybereason Defense Platform and a team of elite cybersecurity professionals.",בהנחה,החבילה בהנחה היא לשלושה חודשים,,,,,,V,V,,V,V,V,,,
תומר סמולנסקי,CyberSafe,info@cybersafe.co.il,http://cybersafe.co.il/,"שירותי ייעוץ סייבר ושירות SOC מנוהל שכולל ניטור, זיהוי ותגובה לאירועי סייבר 24/7",בהנחה,לכל תקופת הקורונה,,V,,V,,,,,V,V,V,V,,V
Almog Apirion,Cyolo,almog@cyolo.io,https://cyolo.io/,"Securely connecting onsite and remote users, to the organization’s applications, servers, desktops and files.",בהנחה,(Free for 90 days (up to 100 users,V,V,V,V,,,,V,,,,,,
שגיא למעי,Deceptive Bytes,sagi@deceptivebytes.com,https://deceptivebytes.com,"פלטפורמת ההגנה האקטיבית של דיספטיב בייטס מגינה על מחשבי קצה, שרתים ולפטופים ומונעת תקיפות מתוחכמות ובלתי מוכרות באמצעות הטעיית התוקפים. הפתרון סוגר את הפער הקיים בין הכלים הקיימים בארגונים תוך כדי שימוש בפתרון קל משקל, קל לניהול שחוסך זמן, כסף ומשאבים לארגונים.",בחינם,"6 חודשים חינם לארגוני בריאות, בהנחה לשאר הארגונים",,,,,,V,,,,,,,,
שמשון אוסקר,Dell Technologies,cyber@dell.com,delltechnologies.com/he-il/corporate/coe/cyber-solutions-group.htm,"שירות MANAGED SOC:
קבוצת פתרונות הסייבר של חברת DELL Technologies מציעה שירות של MANAGED SOC
במסגרת זו אנו מציעים שירות SOC אשר מחוברים למערך ההגנה של הארגון,
צוות ה-SOC מנטר לאורך כל היממה את המערכות ומיידע את הלקוח בעת אירוע.
הלקוח יהנה משירותי מומחה לאורך כל היממה ומצוות תגובה מקצועי ובעל ניסיון.
בנוסף יהנה הלקוח מתשתית טכנולוגית מתקדמת לניהול ה-SOC ( מוצר SOAR מבית DELL )
ומגב טכנולוגי של חברה בינלאומית מובילה.
השירות כולל מודיעין סייבר ועבודה צמודה עם כלל הגופים הממשלתיים הרלוונטיים.
",בהנחה,6 חודשים,,,,,,,,,V,V,V,V,,
שמשון אוסקר,Dell Technologies,cyber@dell.com,delltechnologies.com/he-il/corporate/coe/cyber-solutions-group.htm,"שירות -Security assessment and implementation:
קבוצת הסייבר של חברת DELL Technologies מציע שירות שמאפשר לתגבר צוות האבטחה,
להפחית את העומס שלהם על ידי מומחי האבטחה והארכיטקטים של הקבוצה מאפשרים בחינת הסיכון, המצב הקיים ומימוש -
הזדהות ומהירה
יישום מדיניות אבטחה
ובקרות. (VPN, הגנת עמדות קצה, הגנה על חיבור מרוחק דרך האינטרנט ודואר אלקטרוני
וכו')",בהנחה,6 חודשים,V,V,V,V,,,,V,,V,,,,
שמשון אוסקר,Dell Technologies,cyber@dell.com,delltechnologies.com/he-il/corporate/coe/cyber-solutions-group.htm,"שירות - Vulnerability management and remediation:
קבוצת הסייבר של חברת DELL Technologies מציעה שירותי יישום סריקה וניהול פגיעויות
בכל המכשירים המרוחקים המחוברים לרשת הארגון.
השירות מאפשר להאיץ ולתעדף תיקון של מכשירים מרוחקים, חומות אש ו- VPN.

המהנדסים המוסמכים שלנו יעשו את העבודה עבור הארגון תוך יישום שיטות עבודה מומלצות לניהול פגיעות למכשירים המרוחקים בארגון.",בהנחה,6 חודשים,V,V,V,,,,,V,,V,,V,,V
ליאור כלב,Deloitte,lkalev@deloitte.co.il,https://www2.deloitte.com/il/en.html,שירותי ייעוץ סייבר,בהנחה,חודשיים,,V,V,V,,,,V,V,V,V,V,,
אלי לוין,Elpc Networks,eli@elpc-networks.com,www.elpc-networks.co.il,שרתים וירטואלים בענן - מעבר מלא לעבודה בענן הכולל מעבר V2V של סביבת ייצור/פרודקשן/DC/שולחן עבודה מרוחק מלא לענן. המעבר ללא עלות + הקמת שרתים וסביבה וירטואלית ללא עלות. סביבת שרתים וירטואלית מאבטחת בעלת פטלפורמת ניהול עצמאית לטובת המשכיות עסקית וגמישות.,בהנחה,6 חודשים,V,V,V,,,,,V,,V,,V,,
צביקה פליישמן,FORCEPOINT,zvika.f@forcepoint.com,www.forcepoint.com,"גלישה מאובטחת מהבית לארגון וכן ימנעו זליגת מידע DLP.
",בהנחה,3 חודשים הקרובים,V,,V,V,V,V,,,,,,,,
ארז רסילבסקי,ForeTech SoftWare Ltd,erez@fore-t.com,www.fore-t.com,ניהול מרכזי של חיבור עובדים מרחוק,בחינם,3 חודשים,V,,,,,,,,,,,,,
ירון כהן,Global Networks,info@glnet.co.il,www.glnet.co.il,"המענה שלנו נותן הגנה מקיפה על נכסי הארגון ע""י הטמעת פתרונות של בקרות גישת משתמשים , הגנה על תחנות קצה , הקשחת שרתים , בחינת חוקים ב FW . 
אנחנו עוזרים לחברות להקשיח את הסביבות שלהם בעננים ציבוריים AWS AZURE  - ע""י בחינת ארכיטקטורות ובקרות גישה .
אנחנו מספקים שירותים מנוהלים של אנטי וירוס סינון דואר וגיבוי בענן (MSSP)",בהנחה,עד סוף 2020,V,V,V,V,,,V,V,V,,V,,,
נועם אמית,Guardicore,noama@guardicore.com,guardicore.com,"גארדיקור מאבטחת תקשורת בסביבת המחשוב ההיברדית, תוך כדי מתן נראות מעמיקה אל תוך תקשורת האפקליציות השונות ואכיפת מדיניות אבטחה בתקשורת בין הרכיבים.
הפיתרון יודע לתת מענה בצורה שקופה לתשתית וכך לכסות סביבות שונות - DC, ענן, VDI, משתמשים, קונטיינרים וכד

המוצר מבוסס על מע' ניהול מרכזית, אשר מנהלת סוכנים הפרוסים על השרתים בסביבות שונות. דרך דגימת נתוני הרשת והתאמת הקשרים, נבנית מפת נראות באופן אוטומטי.
מפה זו משמשת לאחר מכן לבניית security policy להפרדת רכיבים בצורה לוגית, מבוססת תוכנה. הפתרון תומך במגוון תיוגים (labels) שאיתם ניתן להציג מפות שונות ולבנות מגוון use cases עבור סגמנטציה.
אכיפת מבוססת זהות משתמש וdomain גם היא נתמכת, עבור סגמנטציה של משתמשים הניגשים לנכסים ארגוניים.",בהנחה,עד סוף 2020,V,,V,V,,V,,,V,,V,,,
מני ברזילי,Herzog Strategic,menny.b@gmail.com,http://Hstg.global,הרצוג אסטרטגיות תומכת בלקוחות רבים מסביב לעולם בהתמודדות עם מגוון רחב של אירועי סייבר ומספקת מענה 360 מעלות בנושא.,בהנחה,עד יוני,,,,,,,,,,,V,,,
פבל לוין,ICTBIT SOLUTIONS,pavel@ictbit.com,www.ictbit.com,"במסגרת השירות המוצע ניתן יהיה להתקין VPN אשר יאפשר גישת משתמשי החברה בצורה מאובטחת למשאבי החברה, ללא חשש לדלף מידע.",בהנחה,עד לסיום תקופת משבר הקורונה,V,V,,,V,,,,,,,V,V,
זיו גלבוע,Improve-IT,ziv@improve-it.co.il,www.improve-it.co.il,המוצרים שלנו עוסקים בהגברת מודעות לאיומי סייבר ואבטחת מידע לעובדים מהבית (וגם לעובדים בארגון עצמו) העבודה מהבית חשופה ומאפשרת נקודת גישה נוחה להאקרים למערכת הארגונית. בבית אין לעובדים פיירוולים או כל כמצעי הגנה אחר והמודעות לאיומים ולעבודה הנכונה הם כלי חשוב ממדרגה ראשונה להגנה על הארגון מחדירה של האקרים.,בהנחה,כל עוד משבר הקורונה נמשך,,,,,,,,,,,,V,,
דוד קלרמן,Intezer,davidk@intezer.com,www.intezer.com,"אינטזר פיתחה טכנולוגיה הנקראת Analysis Malware Genetic אשר מביאה בשורה מהפכנית לגילוי איומי סייבר על ידי מציאת המקורות הגנטיים של כל קוד תוכנה.
הפתרון מציג ניתוח של שימוש חוזר בקוד בקבצים בינאריים ומציג את שושלת השייכות של הקוד המרכיב את הקבצים.
כמו כן, הפתרון מספק כלי אוטומטי לביצוע memory dump לתחנה חשודה וניתוח אוטומטי של הקוד הרץ בתחנה בזמן נתון.
בעזרת הפתרון תוכלו לבצע הלבנה של קבצים בינאריים, חקירת זיכרון תחנה וחקירה של קבצים בינאריים ברמה גבוה מאוד – Automated Reverse Engineering and Malware Analysis.",בחינם,"Community לזמן בלתי מוגבל, Enterprise לחודש",,,,,V,V,,,,,,,,
אילן קפלן,IPV Security,ikaplan@IPVsecurity.com,https://www.ipvsecurity.com/,"- הצבה של מנהל אבטחת מידע בעל ניסיון עשיר המשמש כ-CISO בארגון על-מנת לנהל את כל נושאי א""מ וסייבר כולל ביצוע כל הפעילויות הנדרשות - טכנולוגיות, ניהוליות, תאגידיות, ורגולטוריות
- יאפשר לעובדים המשך עבודה שגרתית מרחוק, תוך צמצום משמעותי של חשיפת הפגיעות של הארגון לפגיעה בשוגג או בזדון. 
- יגביר את מודעות הארגון ועובדיו לחשיפות א""מ, כולל מה נכסי המידע של הארגון עד כמה מעגלי א""מ אפקטיביים בהגנה עליהם
- מבדקי חדירה למינהם (Penetration Testing) 
- יאפשר לארגון לנטר התראות רלוונטיות 
- תגובה מהירה ואפקטיבית לאירועי א""מ",במחיר רגיל,שנה,V,V,V,V,,V,V,,V,V,V,V,,V
כפיר קמחי,ITsMine,kfir@itsmine.io,itsmine.io,איתור זליגת מידע אוטומטית ומעקב אחר קבצים חשובים.,בחינם,עד חזרה לשגרה,,,V,V,,V,,,V,,,,,
רונן צרפתי,KASPERSKY LAB Israel Ltd,Ronen.tsarfati@kaspersky.com,www.kaspersky.com,"חברת קספרסקי מספקת מוצרים ושירותים להגנה על ארגונים מאיומי סייבר למעלה מ – 20 שנים.
בחברה עובדים כ – 4,000 מומחים מכל רחבי העולם אשר עוסקים בניתוח איומי סייבר ופתוח מוצרים אשר מספקים הגנה בטכנולוגיות מתקדמות וייחודיות.
לקספרסקי מערך תמיכה המבוסס על המשווקים הרבים שיש לחברה ועל עובדי החברה. כמו כן, החברה מעסיקה מספר אנאליסטים מהמובילים במדינת ישראל.
הטמעת המוצרים מתבצעת במהירות ובמקצועיות ומאפשרת ניהול באמצעות ממשק web.
לאחר ההטמעה המוצרים מתעדכנים באופן שוטף במידע מודיעיני עכשווי אשר נאסף ממאות מיליוני סנסורים אשר פזורים ברחבי העולם.",בהנחה,"עד 01.10.2020 - שישה (6) חודשים, או סיום תקופת החירום (המוקדם מבין השניים)",,,,V,,V,V,,,,V,,,
אמיר גרשון,MedOne,amirg@medone.co.il,https://medone.co.il,"הגנה על תיבות הדוא""ל תוך פירוק ושחזור כל ההודעות שבהן. 
מערכת סריקת רב-ערוצים שמנטרלת קבצים לצורך הלבנתם ושילוחם נקיים ליעד.
מערכת הגנה על מגוון ערוצי התוכן, כולל מדיה ניידת וסנכרון בענן",בהנחה,31.12.2020,,,,,V,,,,,,,,,
אמיר גרשון,MedOne,amirg@medone.co.il,https://medone.co.il,"שירות SIEM-SOC as-a-service מנוהל מספק שכבת הגנה משמעותית למערך אבטחת המידע של הארגון.
השירות מספק ניטור 24/7, אנליזה ותגובה לאיומי סייבר וא״מ המזוהים בזמן אמת במערכת ה SIEM",בהנחה,31.12.2020,,,,,,,,,V,,,,,
אמיר גרשון,MedOne,amirg@medone.co.il,https://medone.co.il,"שירותי הגנת סייבר מנוהלים MSSP כוללים שירותי Risk Assessment ,CISO As a Service  Penetration Testing. שירותים אלו יסייעו לארגון לבנות אסטרטגיה מתאימה, להטמיע תהליכים, להעריך סיכונים ולבחון את מוכנות הארגון לתרחישי סייבר. שירותי ה IRT יספקו אנליזה ותגובה לאיומי סייבר וא""מ המזוהים בזמן אמת",בהנחה,31.12.2020,,,,,,,,,,V,V,,,
אמיר גרשון,MedOne,amirg@medone.co.il,https://medone.co.il,"פריסה גלובלית ומקומית בישראל לספיגת מתקפות, הגנת web, DNS, Network Devices, Application Servers and individual IPs. תמיכה ב on-demand BGP routing, יכולת ניטור תקיפות בזמן אמת ומרכז תמיכה 24/7.",בהנחה,31.12.2020,,,,,,,,,,,,,V,
אמיר גרשון,MedOne,amirg@medone.co.il,https://medone.co.il,"- Firewall, IPS, Antivirus and Anti-Bot protects services from unauthorized access and attacks.
- Application Control prevents application layer denial of service attacks and protects your cloud services.
- IPsec VPN provides secure connectivity into cloud resources.
- Mobile Access allows mobile users to connect to the cloud using an SSL encrypted connection with two factor authentication and device pairing.
- Data Loss Prevention protects sensitive data from theft or unintentional loss.
- SandBlast Zero-Day Protection provides the most comprehensive protection against malware and zero-day attacks.",בהנחה,31/12/2020,V,,V,V,,,V,V,,,,,V,
אמיר גרשון,MedOne,amirg@medone.co.il,https://medone.co.il,"שירות SIEM-SOC OT as-a-service מנוהל מספק שכבת הגנה משמעותית למערך אבטחת ה OT בארגון.
השירות מספק ניטור 24/7, אנליזה ותגובה לאיומי סייבר המזוהים בזמן אמת במערכת ה  SIEM SOC OT",בהנחה,31/12/2020,,,,,,,,,V,,,,,
ליאב שלזינגר,Ness,liav.shlezinger@ness-tech.co.il,https://www.ness-tech.co.il,"1.	Siemplify:
מוצר SOAR לביצוע אורכסטרציה ואוטומציה בין מערכות וניהול ארועי אבטחת מידע בארגון.
בעל יכולת ביצוע Playbooks באופן אוטומטי, הפקת נתונים והפקת דו""חות מצב לניהול מצב ה-SOC בארגון.

2.	Empow:
מוצר NG-SIEM משולב יכולות אוטמציה ואורכסטרציה.
בעל יכולות בנייה והרצת Playbooks בארגון על ידי התממשקות עם מערכות אבטחת המידע.
מגיע משולב עם פתרון BigData של מערכת ELK.",בהנחה,רבעון - שלושה חודשים.,,,,,,,,,V,,V,,V,
רן כהן,NESSPRO,ran.cohen@ness-tech.co.il,www.ness-tech.co.il,"Microfocus Privileged Account Manager

הגנה על משתמשים בעלי הרשאות גבוהות",בהנחה,עד דצמבר 2020,V,,,,,,,,,,,,,
רן כהן,NESSPRO,ran.cohen@ness-tech.co.il,www.ness-tech.co.il,"
Voltage הינו כלי הצפנה מתקדם אשר מצפין באופן חכם רק את המידע המוגדר כ""רגיש"" בבסיס הנתונים ומגן על הארגון במידה וישנו דלף מידע גם בשירותי הענן . 
למוצר התממשקות מובנת על שירותי SaaS רבים וכן יכול הצפנה על DB’s structure  ו unstructured",בהנחה,עד דצמבר 2020,,,,V,,,,,,,,,,
רן כהן,NESSPRO,ran.cohen@ness-tech.co.il,www.ness-tech.co.il,"כלי מתקדם לזיהוי סטאטי ודינאמי של פגיעויות בתהליך פיתוח קוד ובאפליקציות . 
המוצר מלווה את המפתח בשלב הפיתוח ולאחריו ומתריע בפניו אודות פגיעויות אשר זוהו בקוד שנכתב.",בהנחה,מוצר בהנחה עד דצמבר 20 וגירסה חינמית ל 15 יום  מרגע הורדת המוצר מאתר החברה,,,,V,,,,,,V,,,V,
גילי חזאני,NessPRO,Gili.hazzani@ness-tech.co.il,https://www.ness-tech.co.il/worlds-nesspro/,"•	נגיף הקורונה העביר את הארגונים לעבודה במתכונת של משרד מרוחק, החברות נאלצות להטמיע באופן מוגבר כלים של חברות צד ג' לצורך מימוש הצורך לנהל את כלל הפעילות מרחוק.
•	המשמעות היא ששטח התקיפה משרשרת האספקה גדל משמעותית וכעת אתגר ההגנה משרשרת האספקה הפך למשמעותי יותר מאי פעם.
•	BitSight עונה לאתגרים אלו באמצעות הצגת דירוג ביצועי האבטחה של הספק כמו גם של הארגון עצמו, בכך מאפשרת לארגון לזהות את הסיכונים במרחבי הרשת, את נקודות התורפה שלו ולהטמיע תוכנית שיפור עם תחזית לשיפור בציון עוד לפני מימוש האיום.",בהנחה,כל תקופת המרקטפלייס,,,,,,,,,,,,,,V
גילי חזאני,NessPRO,Gili.hazzani@ness-tech.co.il,https://www.ness-tech.co.il/worlds-nesspro/,"אתגר ההגנה על משרשרת האספקה הפך למשמעותי יותר מאי פעם מבחינת אבטחת מידע, חוסן כלכלי, וציות לרגולציות נגיף הקורונה העביר את הארגונים לעבודה במתכונת של משרד מרוחק, ללא יכולת לבקר באתרי לקוח. Third Party Trust  עונה לאתגרים אלו באמצעות פלטפורמה שיתופית המבוססת על שאלונים ומידע מקיף רב תחומי הנאסף באופן אוטומטי לשם ניהול סיכוני הספקים, וכן  אינטגרציה עם מגוון ספקי מידע מובילים כגון BitSight  
בכך Third party Trust מאפשרת ללקוח לקבל מיד מידע איכותי על הספקים ממגוון מקורות יחד עם מגוון שאלונים תקניים או מותאמים לצורך הבנת הסיכון שהספק מייצר ללקוח במגוון תחומים.
מידע על הספק המנוהל שכבר נשאל בעבר יופיע בפלטפורמה, כך מתקצר זמן המענה לשאלון באופן דרמטי מחודשים לימים.",בהנחה,כל תקופת המרקטפלייס,,V,,,,,,,,,,,,V
עפר בראון,nsKnox,ofer@nsknox.net,www.nsknox.net,"מענה לבעייה  של הונאות דרך מייל Business Email Compromise וניסיו להתחזות לספקים או מנהלים. התקפות אלו מתחילות הרבה פעמים בהתקפות Phishing או בהטעיה של אנשי הכספים המבוססת על חוסר היכולת לוודא אמיתות נתוני פרטי הבנק של מקבל הכסף בכלל, ובמיוחד בתקופה זו. 
אנו מאפשרים לחברות לאמת חשבונות בנקים בכל העולם במיוחד בעת העלאת נתוני ספק חדש ומיוחד בימים אלו בשינויי פרטי החשבון של ספק קייםבימים אלו, כאשר אנשי הכספים כמו רוב העובדים נאלצים לעבוד מהבית, קשה מאוד לאכוף תהליכים ארגוניים ולהנגיש את מערכות המידע של הארגון לאנשים בבית. נוכלים המודעים לכך מנצלים את המצב החדש ולכן מתעצמת בעיה קיימת של הונאות תשלומים באמצעות הנדסה חברתית (Social Engineering). ",בחינם,עד סוף יוני,,,,,,,,,,,,,,V
אלון גולן,odi (odix),along@odi-x.com,https://odi-x.com/,"חברת הסייבר הישראלית אודיקס (odix) מפתחת ומספקת פתרונות הלבנת קבצים. ליבת הטכנולוגיה (המוגנת ב-5 פטנטים בארה""ב ואירופה) כוללת אלגוריתמים מותאמים למגוון סוגי קבצים, הסורקים את הקבצים ומסירים נוזקות (Malware) ידועות ולא ידועות המסתתרות בקבצים. תהליך ההלבנה מהיר ביותר ואינו מפריע לתהליכי העברת המידע בארגון. הפתרונות של אודיקס מוטמעים בארגונים רבים בישראל ורחבי העולם",בחינם,חודשיים,,,,,V,,,,,,,,,
מאיר ענתר,Panorays,meir@panorays.com,panorays.com,ניטור אוטומטי ושוטף את הספקים ושירותים ולקבל התראות על עליה בסיכון או ברמת החשיפה.,בהנחה,לשנה,,V,,V,,,,,,,,,,
אורן קפלן,Pcysys,oren@pcysys.com,www.pcysys.com,השימוש ב  PenTera - Automated Penetration testing מאפשר לארגונים לבצע ולידציה מתמשכת לסיכון (Continues Risk Validation) אליו הם חשופים במיוחד לאור הגידול בשטח התקיפה בעת זו. באמצעות PenTera הארגון יוכל לקבל שקיפות מלאה לסיכון בו הוא נמצא באופן נקודתי או יום-יומי והאמצעים לצמצם את החשיפה בצורה מקסימלית.,בהנחה,חודשיים,V,V,V,V,,V,,,V,V,V,V,V,V
יהונתן לוי,Perception Point,jonathan@perception-point.io,https://perception-point.io/," הגנה על ארגונים מפני תקיפות מבוססות תוכן דרך כל ערוצי שיתוף המידע הקיימים בארגון, כולל אימייל, שירותי שיתוף קבצים ציבוריים, שירותי הלבנה של תוכן, אפליקציות למסרים מיידיים ועוד.",בהנחה,המוצר ניתן ל-30 יום בחינם ולאחר מכן השירות יתומחר מול הלקוח,,,,V,V,,,,V,,V,,V,
עמית ברקת,Perimeter 81 LTD,amit@perimeter81.com,https://www.perimeter81.com, Firewall כשירות בענן ,בהנחה,חצי שנה,V,V,V,V,,,V,,,,,,,
עידן פסקל,"portnox - אקסס ליירס בע""מ",Idan.pacal@portnox.com,https://www.portnox.com,"מערכת בקרת גישה לרשתות
על ידי . (Network Access Control), ארגוניות
,IOT , איתור כל רכיבי הקצה )מחשבים, טלפונים
ששייכים לחברה או בשימוש פרטי",חינם,שלושה חודשים,V,V,,,,,,V,V,,V,V,,
צור סגל,Radiflow,tsur_s@radiflow.com,www.radiflow.com,"Security Compliance -  
  סקר סיכונים חינמי ברשתות התפעוליות החשובות יסקור את סיכוני הסייבר במפעל במטרה לעמוד בתקן IEC62443

SOC as A Service - יעניק ללקוח את האפשרות לזהות ברשת התפעולית חדירה מחוץ לארגון, לזהות שינויי תוכנה בקווי היצור, שינויי קושחות
ויעניק אפשרות מעקב על שירותי קבלנים מחוץ לישראל שניכנסים לתמיכה שוטפת או בזמן תקלות שבר

MSSP - ממשק חינמי למוקד  קיים - יעניק ללקוח הגנה וניטור מערכות הייצור בפורמט 24/7 ,בצד מערכות המחשוב  

IDS - תוכנה חינמית של רדיפלו תעניק הגנה מלאה על חדירה לארגון ולרשתות הבקרה התפעוליות",בחינם,"הכל מוצע בחינם ל-3 חודשים / עד גמר תקופת הקורונה - התוכנה iSID בחינם ל 3 חודשים - השירותים  MSSP, iSOC בחינם, וסקר סיכונים בחינם",,V,,,,,,,V,V,,,V,
Nir Geninson,Reblaze,nir@reblaze.com,www.reblaze.com,"As the Internet evolves at an accelerated rate, even the most knowledgeable security professionals find it difficult to stay current with the multitude of ever-more-sophisticated threats and with new attack vectors emerging through the exponential growth of Web and Cloud-powered Applications. Companies require an all-in-one security solution (instead of dealing with multiple products), that could run natively in their cloud environment or work with their DCs. Furthermore, they need to manage complex rules across multiple web security products themselves, making it a professional liability and also making it too expensive to keep multiple security professionals.
As we see a massive increase in web attacks during these days, or an increase in site users, there is a need for a security solution that can block even the most sophisticated attacks and auto-scale as needed to mitigate them.",בהנחה,One month try and buy,,,,,,,,,,,,,V,
ג'ון מלניקוב,ReSec Technologies ltd,info@resec.co,www.resec.co,"המוצר מספר הגנה מלאה מפני תקיפות נוזקה ידועות ולא ידועות (ZERO DAYS) מבוססות קבצים, המגיעות דרך מייל, כוננים חיצוניים (USB) הורדת או העלאת קבצים, העברת קבצים בין רשתות לתיקיות מאובטחות ובפרוטוקולים שונים.",בחינם,ברכישה של המערכת לתקופה של שנה יינתנו חודשיים בחינם,,,,,V,,,,,,,,,
ערן אברגל,Safe-T,Eran.abergal@safe-t.com,www.safe-t.com, Secure Application Access solution ,בחינם,3 חודשים,V,,,,,,,,,,,,,
דוד טלינובסקי,Secupi,david@secupi.com,https://www.secupi.com/,"Response to the coronavirus pandemic is mandating millions of people around the world to self-quarantine and work from home (WFH). 
 
This dramatic shift in work practice increases the risk to business continuity by forcing companies to switch to typically less secure remote network access in their aim to ensure that business, communications, and productivity systems are still available to WFH employees.",בהנחה,3 חודשים,V,,V,V,,,,,,,,,,
יונתן נתיב,Silverfort,Jonathann@Silverfort.com,www.Silverfort.com,"הגנה על ממשקי התחברות לכל מערכת שהיא ע""י הוספת אימות-רב שלבי multi-factor authentication , ללא צורך בהתקנה של תוכנה על שרתים (agentless), ללא התקנה של פרוקסי וללא שינויים לקוד או לתצורת הרשת. סילברפורט מנתרת את פעילות המשתמשים לא רק בפרימיטר, על ה VPN אלא גם בתוך הרשת האירגונית, תוך כדי חישוב הסיכון בכל פעולה והטמעה של פוליסות אותנטיקציה גמישות בהתאם, כדי לאפשר פתרון zero trust אמיתי ללא שינויים לרשתות קיימות.",בהנחה,מתחילת אפריל עד סוף יולי 2020,V,,,,,,,V,,,,,,
אלון צוקר,SOPHTIX Security,alon.zuker@sophtix.com,www.sophtix.com,אנחנו מבצעים סקרים מצד אחד וניהול הגנת סייבר (CISO as a Service) ,בהנחה,"חודשיים כרגע, אפריל ומאי 2020, תתכן הארכה במידה ולא יהיה שינוי במצב השוק והמשך עבודה מרחוק",V,V,V,V,,V,V,V,V,V,V,V,,
Lin Tabacznik,Transmit Security,lin@transmitsecurity.com,https://www.transmitsecurity.com/,"Transmit platform simplifies, accelerates, and reduces the cost of identity-related projects, such as authentication, authorization, fraud detection, and account opening. The Platform can give the organization agility, flexibility, and ensure security no matter how large the changes they are presenting. It can easily integrate throughout their infrastructure to create a unified, intelligent, and risk-aware platform that delivers scalable identity, authentication, access and trust management that spans across every application, service and channel. The platform allows connecting existing third-party services such as authenticators, identity-proofing tools, directories, and risk engines, or simply using out-of-the-box services provided by Transmit, in any of these categories.",במחיר רגיל,unlimited,,,,,,,,V,,,,,,
אוריאל קוסייב,TRIOX - Intelligent Security,shay@trioxsecurity.com,https://trioxsecurity.com,"מבדקי חדירות, צוות אדום, צוות תחקור ותגובה לאירועי סייבר והדרכות מודעות לעובדים ומנהלים.",בהנחה ,שלושה חודשים,,V,,,,,,,,,V,V,,
בועז רזניק,Varonis Systems,Breznik@varonis.com,varonis.com,,בחינם,90 יום,V,,V,V,,,,,V,,V,,,
גון קמני,We Ankor,gonk@we-ankor.co.il,https://we-ankor.co.il/,"מוצר ה Arcsight ESM -  מאפשר איסוף של כלל המידע הארגוני בהיבט הגנה בסייבר במקום מרכזי. המערכת מאפשרת זיהוי מדוייק ומהיר בזמן אמת של אירועי סייבר, וכן פלטפורמה למחקר וניתוח אירועים. המערכת מאפשרת כתיבת חוקים מתקדמים המאפשרים זיהוי מהיר לאירועי אבטחת מידע ומתן מענה מהיר להכלת הארוע ולהתגברות עליו.
בימים אלו, בהם אופי העבודה משתנה וישנם מוצרים רבים המשמשים פלטפורמה להתחברות ועבודה מרחוק משטח התקיפה גדל והסיכונים משתנים. לטובת זיהוי ניסיונות תקיפה במרחב האינטרנט והענן יש לחבר מידע מאזורים שונים לתמונה אחת וכך לזהות נסיונות תקיפה ומדדים שונים.
Arcsight מספק יכולת לנטר סביבת ענן שירותי התחברות מרחוק, מיילים, מערכות הגנה ועוד.",בהנחה,עד סוף שנת 2020,,,,,,,,,V,,,,,
גון קמני,We Ankor,gonk@we-ankor.co.il,https://we-ankor.co.il/,"מערכת CrowdStrike הנה פלטפורמה לאבטחת תחנות קצה ושרתים.
המערכת מאפשרת זיהוי מהיר ומענה למניעת תקיפות בתחנות הקצה והשרתים.
בתקופה זו של ריבוי משתמשים מרחוק, משטח התקיפה גדל והסיכונים מרובים, בפרט לאור העובדה שארגונים רבים פעלו בצורה מהירה על מנת לאפשר מספר רב של מתחברים.
המערכת מאפשרת הגנה על תחנות של הארגון, הגנה על משתמשים המתחברים ממחשב ביתי ואף הגנה על טלפונים סלולאריים, מובייל.
המערכת כוללת יכולות SandBox לבחינת קבצים ואיתור קוד עוין מתקדם",בהנחה,עד סוף שנת 2020,,,,,V,V,V,,,,,,,
גון קמני,We Ankor,gonk@we-ankor.co.il,https://we-ankor.co.il/,"מערכות חברת Okta  מאפשרות ניהול מלא ובקרת גישת משתמשים לשירותי ענן ולאפליקציות ארגוניות בצורה נוחה, יעילה ומהירה.
מדובר בשירות SAS (שירות ענן) מלא בעל מגוון יכולות ניהול משתמשים, כשהבסיס והיכולות העיקריות הן:
הזדהות אחודה לשירותים השונים – SSO – יכולות סנכרון נתוני המשתמש בין השירותים השונים תוך הזדהות חד פעמית מאובטחת.
הזדהות מאובטחת במספר פקטורים – MFA – יכולת מתקדמת לזיהוי על ידי מגוון יכולות כגון – Biometric, Token, Key, App Verification ועוד.
השימוש במערכת מתאים לכל סוג של ארגון מכל סקטור – חברות גדולות וקטנות, חברות בהן ריבוי שירותי ענן וכאלו שרוב האפליקציות On Prem.  ",בהנחה,עד סוף שנת 2020,,,,,,,,V,,,,,,
תומר סבן,WireX Systems,tomer@wirexsystems.com,www.wirexsystems.com,"WireX Systems Incident Response Platform engages your entire security team to conduct dramatically faster, better investigations while chopping down data retention costs. Powered by Contextual Capture ™ technology, the solutions continuously monitors the entire enterprise network stack and translates it into content and behavior-aware intelligence for immediate use, delivering months of in-depth visibility. Once a potential incident is identified, WireX visual interface makes it easy for any security operator to investigate – even the less experienced ones. By up-leveling skills and creating powerful workflows for knowledge sharing, the WireX platform empowers the entire security team to handle more threats in significantly less time, thus maximizing security operations ROI.",בחינם,כמה שצריך,,,,,,,,,V,V,V,V,,
David Katz,Wise Solutions Ltd,sales@wise.co.il,http://www.wise.co.il/,"
Content Firewall  לשיתוף קבצים פנים ארגונית ומחוצה לו בצורה מאובטחת בעלת הסמכת Fed Ramp של הממשל האמריקאי.
בעלת התממשקות לשירותי ענן לשיתוף קבצים באמצעות מחברים (Connectors) וכך המשתמשים רואים את התכנים שלהם בשירותים הענניים כנתיב לוגי במערכת
ומחויבים לשתף אותם רק באמצעותה ע""י התחברות מרחוק גם למשתמשים העובדים מהבית בצורה מוצפנת.
 ",בחינם,30 יום,,,,V,,,,,,,,,,
David Katz,Wise Solutions Ltd,sales@wise.co.il,http://www.wise.co.il/,מניעת כניסה של פוגענים ידועים (באמצעות סינון של מנועי AV) וכאלו שאינם ידועים (Zero Days) באמצעות ביצוע פירוק והרכבה לקבצים הנכנסים לארגון תוך שמירה על פונקציונליות מלאה של קבצי המקור בזמן אמת. המערכת יודעת לעבוד בתצורה רשתית ולספק הגנה של 360 מעלות על נתיבי הכניסה של המידע את הרשת הארגונית ובכך מבטיחה למשתמשים קבצים מחוטאים ובטוחים ,בחינם,חודשיים,,,,,V,,,,,,,,,
David Katz,Wise Solutions Ltd,sales@wise.co.il,http://www.wise.co.il/,"Cybeready
 כלי תקשורת פנים ארגונית לעבודה מאובטחת מהבית
הפתרון שניתנים:
1.	כלי תקשורת פנים ארגונית לעבודה מאובטחת מהבית- קבלת סדרת מצגות, ניתן להוריד מהאתר https://cybeready.com/ciso-toolkit 
1.	לקוחות מעל 500 עובדים : השירות יכלול סימולשיין פישינג וCAB- חינם עד יוני 2020
2.	200-500 עובדים: מוצע שירות עבור CAB בלבד- חינם עד יוני 2020
כל הפתרונות בחינם עד לתאריך שצויין",בחינם,כרגע לא מוגבל,,,,,,,,,,,,V,,
בני לקונישוק,Zero Networks,benny@zeronetworks.com,http://zeronetworks.com,"אנחנו מצמצמים את כמות הגישה שיש לכל משאב של משתמשים ברשת ועל ידי כך מצמצמים כל משטח תקיפה בין אם של Commodity malware או Advanced attacker, כל זה נעשה בצורה שקופה למשתמש תוך יכולת עצמאית למשתמש לקבל גישה רשתית לאן שהוא צריך ללא תלות ב- IT תוך שימוש בהזדהות חזקה כגון הטלפון.",בהנחה,שנה,V,V,,,,,,V,,,,,,
אבישי רוטשטיין,אבישי רוטשטיין,avirot@outlook.com,http://www.iso.org.il/,"ארגונים רבים המתמודדים עם סיכוני סייבר ומעונינים לבצע סקרי סיכונים ובחינת מערכות IT וכן OT והתאמתם לשימוש מרחוק, כולל קבלת מידע על הסיכונים של שימוש באמצעים אלו מרחוק ובחירת ביצוע שינויים לצורך התאמת הארכיטקטורה לעבודה מרחוק תוך יצירת מנגנונים לבקרות מפצות בסיכונים החדשים הקיימים.",בהנחה,6 חודשים עד סוף 09/2020,,,,,,,,,,V,,,,V
עומר אלנקו,אינוקום,omere@innocom.co.il,https://www.aman.co.il/distribution/,"אבטחת ממשק התחברות מרחוק- מוצר ה-SDP Meta, מאפשר גישה לסביבות שונות בעולם ממקום אחד. 
בדיקת רמת היגיינה טכנולוגית של נכס סייבר לפני התחברותו לרשת הארגון בעת עבודה מרחוק - Proofpoint מציגה את מוצר ה-SDP Meta, המאפשר את בדיקת ה-Device המנסה לגשת לרשת. ל-Posture Check ישנה יכולת לבדוק פרמטרים רבים.
מניעה/צמצום דלף מידע בעת עבודה מרחוק – Proofpoint מציגה את מוצר Observe-It, המאפשר ניטור גישה או פעולות על קבצים/ספריות שהוגדרו, ויכול לאתר או למנוע פעולה אסורה של המשתמש תוך יצירת Dashboard של המשתמשים המסוכנים בארגון.

הגנה על הארגון בעת עבודה עם שירותי ענן ציבוריים ושירותי שיתוף קבצים ציבוריים – Proofpoint מציגה את מוצר ה-CASB, המאפשר הגנה מפני איומים מתקדמים על אפליקציות רבות, כדוגמת Office365, G-Suit, Box ועוד. הכלים האנליטיים בהם הכלי ניחן, מאפשרים לו לספק גישה ברמות שונות לכל עובד בצורה המאובטחת ביותר.

מערך הלבנה (סריקה וניקוי מנוזקות/איומי קוד עוין) – Proofpoint מציגה את פתרון ה-Email Protection שלה, המאפשר סריקה חוזרת ונשנית של נוזקות, כגון: וירוסים, ספאם וניסיונות התחזקות של גורמים חיצוניים. 

הגנה על עמדות קצה וביצוע חקירות פורנזיות באופן אוטומטי – Proofpoint מציגה את מוצר Observe-IT, אשר מנטר את פעולות המשתמשים ומקליט אותן בזמן אמת. חיפוש Metadata אוטומטי מקצר כל החקירה הפורנזית לשניות בודדות.

הזדהות חזקה של משתמשים – Proofpoint מציגה את מוצר Meta, המאפשר ביצוע של אימות דו שלבי למשתמשים המתחברים על ידי אינטגרציה אל מול IDP's או על ידי משתמשים מקומיים במערכת, כאשר Meta היא זו שתפיק את ה-OTP ותעבירו למשתמש לאחר שתוגדר.

שירותי מודעות ייעודיים – Proofpoint מציגה את המוצר PSAT (Proofpoint Security Awareness Training) המאפשר ללמד את העובדים בדבר הסכנות השונות בתחום אבטחת המידע. הדבר נעשה באמצעות מודלים לימודיים, מתקפות פישינג מדומות ובחינה ומדידה של הצלחת העובדים בעזרת שאלות ודוחות.",בהנחה,ברכישת המוצר ל-12 חודשים. יינתנו 14 ימים לבדיקת המוצר,V,V,V,V,V,V,,V,,,,V,,
ג'ניפר ארנסטוף,"אינטגרטי ייעוץ וניהול סיכונים (א.י.נ) בע""מ",jennifere@corporateintegrity.co.il,http://corporateintegrity.co.il,"שירות הWeb Application Firewall של נותן למשתמש הגנה חיצונית פעילה כנגד איומים ומגן מפני מתקפות כגון:
•	התקפות DDOS
•	התקפות Brute force
•	התקפות XSS
•	SQL Injection
•	נסיונות החדרת קבצים",בחינם,חודש,,,,,,,,,,,,,V,
ג'ניפר ארנסטוף,"אינטגרטי ייעוץ וניהול סיכונים (א.י.נ) בע""מ",jennifere@corporateintegrity.co.il,http://corporateintegrity.co.il,"רוב הארגונים כיום מוגנים היטב מפני איומים מבחוץ, וקשה מאוד למשתמשים זדוניים לגשת למידע סודי ללא גישה ממשית לרשת הפנימית. עם זאת מה קורה אם למשתמש הזדוני כבר יש גישה לרשת הפנימית של החברה. זה לא צריך להיות עובד בעל פרופיל גבוה לפעמים כל מה שנדרש הוא מבקר עם תוכנת סניפינג פשוטה. המערכת מבצעת ניטור רציף על כל הרשת הארגונית ופועלת מיידית במקרה של איום סייבר.",בחינם,רבעון - 3 חודשים,,,V,,,,,,,,,,,
ג'ניפר ארנסטוף,"אינטגרטי ייעוץ וניהול סיכונים (א.י.נ) בע""מ",jennifere@corporateintegrity.co.il,http://corporateintegrity.co.il,"עם השינוי הדיגיטלי ארגונים רבים הם יעדים בעלי ערך עבור פושעי רשת. כיום, לא מספיק לחשוף ולחסום איומים פרטניים ככל שהם מתעוררים - הגנה על עצמך בהצלחה מפני איומים מורכבים בשלב המוקדם ביותר האפשרי דורשת ניתוח מעמיק. הטמעת מחזור ההגנה על נקודות הקצה המלאה, מחסימת איומים אוטומטית לתגובת אירועים מורכבת, פירושה השלמת טכנולוגיות מניעה עם יכולות הגנה מתקדמות. איתור ותגובה של נקודת קצה של קספרסקי מספקת נראות מקיפה בכל נקודות הקצה ברשת הארגונית, ומאפשר אוטומציה של משימות שגרתיות על מנת לגלות, לתעדף, לחקור ולנטרל איומים מתקדמים. התוצאה היא עלייה משמעותית במהירות וביעילות של עיבוד האירועים ללא תוספת עלות.",בחינם,חודש,,,,,V,,V,,,,,,,
ג'ניפר ארנסטוף,"אינטגרטי ייעוץ וניהול סיכונים (א.י.נ) בע""מ",jennifere@corporateintegrity.co.il,http://corporateintegrity.co.il,"שירות הWeb Application Firewall של נותן למשתמש הגנה חיצונית פעילה כנגד איומים ומגן מפני מתקפות כגון:
•	התקפות DDOS
•	התקפות Brute force
•	התקפות XSS
•	SQL Injection
•	נסיונות החדרת קבצים",בחינם,חודש,,,,,,,,,,,,,V,
ג'ניפר ארנסטוף,"אינטגרטי ייעוץ וניהול סיכונים (א.י.נ) בע""מ",jennifere@corporateintegrity.co.il,http://corporateintegrity.co.il,"המערכת הינה פתרון פשוט וקל הכולל הדרכות מובנות ומערכת להפצת תוכן לעובדים, מנהלים ובעלי עניין נוספים. 
המערכת מספקת חלופה מקוונת יעילה ופשוטה למשתמש אשר עונה על חובות הדרכה שהשוק הישראלי דורש מהמעסיקים. השירות כולל הדרכות (לומדות) וכן את הפלטפורמה לניהול הדרכת העובדים ((One Stop Shop ובקרת ביצוע בפועל.",בחינם,חודש,,,,,,,,,,,,V,,
ג'ניפר ארנסטוף,"אינטגרטי ייעוץ וניהול סיכונים (א.י.נ) בע""מ",jennifere@corporateintegrity.co.il,http://corporateintegrity.co.il,"רוב הארגונים כיום מוגנים היטב מפני איומים מבחוץ, וקשה מאוד למשתמשים זדוניים לגשת למידע סודי ללא גישה ממשית לרשת הפנימית. עם זאת מה קורה אם למשתמש הזדוני כבר יש גישה לרשת הפנימית של החברה. זה לא צריך להיות עובד בעל פרופיל גבוה לפעמים כל מה שנדרש הוא מבקר עם תוכנת סניפינג פשוטה. המערכת מבצעת ניטור רציף על כל הרשת הארגונית ופועלת מיידית במקרה של איום סייבר.",בחינם,רבעון - 3 חודשים,,V,,,,,,,,,,,,
ג'ניפר ארנסטוף,"אינטגרטי ייעוץ וניהול סיכונים (א.י.נ) בע""מ",jennifere@corporateintegrity.co.il,http://corporateintegrity.co.il,"עם השינוי הדיגיטלי ארגונים רבים הם יעדים בעלי ערך עבור פושעי רשת. כיום, לא מספיק לחשוף ולחסום איומים פרטניים ככל שהם מתעוררים - הגנה על עצמך בהצלחה מפני איומים מורכבים בשלב המוקדם ביותר האפשרי דורשת ניתוח מעמיק. הטמעת מחזור ההגנה על נקודות הקצה המלאה, מחסימת איומים אוטומטית לתגובת אירועים מורכבת, פירושה השלמת טכנולוגיות מניעה עם יכולות הגנה מתקדמות. איתור ותגובה של נקודת קצה של קספרסקי מספקת נראות מקיפה בכל נקודות הקצה ברשת הארגונית, ומאפשר אוטומציה של משימות שגרתיות על מנת לגלות, לתעדף, לחקור ולנטרל איומים מתקדמים. התוצאה היא עלייה משמעותית במהירות וביעילות של עיבוד האירועים ללא תוספת עלות.",בחינם,חודש,,,,V,,V,,,,,,,,
ג'ניפר ארנסטוף,"אינטגרטי ייעוץ וניהול סיכונים (א.י.נ) בע""מ",jennifere@corporateintegrity.co.il,http://corporateintegrity.co.il,"השירות כולל: 

•	מנגנון מניעת דיוג מבוסס רשתות נוירונים
•	זיהוי כתובות URL זדוניות ושל דיוג 
•	זיהוי איומים רב-שכבתי באמצעות HuMachine
•	מערכת מניעת ספאם רובוטית (עם Content Reputation )
•	סינון מתוחכם של קבצים מצורפים
•	ניהול גמיש למנהלי מערכת 
•	הגנה לפי קבוצות משתמשים         
•	אינטגרציה עם פלטפורמות RMM ו-PSA  
•	כל אלה נתמכים על ידי בינת איומים גלובלית של .Kaspersky Security Network",בחינם,חודש,,,,,V,,V,,,,,,,
ג'ניפר ארנסטוף,"אינטגרטי ייעוץ וניהול סיכונים (א.י.נ) בע""מ",jennifere@corporateintegrity.co.il,http://corporateintegrity.co.il,"השירות כולל בלימת כל התפשטות של התקפת סייבר, כולל התקפות חדשות ולא מוכרות, במערכת הארגונית ומחוצה לו.
המערכת מאפשרת להגן ולנטר את מחשבי העובדים בבית, וזאת מבלי לפגוע בפרטיותם, היות והיא אינה קוראת את התכנים עצמם (מסמכים, כניסה לאתרים, צ'אטים וכדומה). כמו כן, המערכת תומכת בתקניות ה-GDPR הארופאיות. 
סוכן זה, מתקשר ישירות עם השרת, וממפה בזמן אמת את הפעילות הרישתית במחשב. במקביל, הוא מונע הפצה של מידע או התפשטות של וירוסי כופר כלפי מחשבים אחרים או כלפי רשתות מרוחקות שאליהם נכנס המשתמש לצורך עבודתו. מנהל מערכות מידע בארגון מקבל מידע על התוכנות הזדוניות, ואולם, החסימה מתבצעת בכל מקרה באופן מבוקר על ידי גורם אנושי, כך שהמידע הוא רק תוספת, ומנהל המערכת אינו נדרש לפעול כלל. 
השירות כולל צוות תמיכה 24/7 שמטפל בהתקנה, תמיכה, תגובה ותחקור אירוע, ניקוי המחשב ללא צורך בסיוע של החברה והפחתת עומסים על צוות התמיכה של החברה. תמיכה טלפונית, דוא""ל ו-.Whatsapp.",בחינם,חודש,,,V,,,,,,V,V,,,,
ג'ניפר ארנסטוף,"אינטגרטי ייעוץ וניהול סיכונים (א.י.נ) בע""מ",jennifere@corporateintegrity.co.il,http://corporateintegrity.co.il,"שירות תגובה ותחקור (Cyber Forensic) מבוצע על ידי צוות מקצועי בעלי סרטיפיקציות ונסיון הדרושים להתמודדות וצמצום האירוע.
חקירת האירוע כוללת סקירה, התאוששות, איסוף והכנת ראיות דיגיטליות לתמיכה בחקירה בהתאם לסוג האירוע והיקפו.
וכן סיוע בדיווח לרשות הרלוונטית בהתאם לרגולציות השונות החלות על החברה.",בחינם,חודש,,,,,,,,,,,V,,,
ג'ניפר ארנסטוף,"אינטגרטי ייעוץ וניהול סיכונים (א.י.נ) בע""מ",jennifere@corporateintegrity.co.il,http://corporateintegrity.co.il,"שירותי אבטחת מידע וסייבר CISO
שירותי מנהל אבטחת מידע וסייבר שוטפים מקצה לקצה בהתאם לתקנות הגנת הפרטיות. הכולל:
סקרי סיכוני סייבר ואבטחת מידע,
מבדקי חדירה תשתיתיים,
מבדקי חדירה אפליקטיבים
יישום והטמעת תקנות הגנת הפרטיות הישראליות ותקנות ה-GDPR הארופאיות.
יישום וליווי תקנות הגנת הפרטיות בכל הקשור למיקור חוץ.
GRC בסייבר – ממשל תאגידי, ניהול סיכונים וציות,
שירותי מודיעין סייבר,
קמפיין פישינג
הדרכות לכל העובדים, ההנהלה וחברי הדירקטוריון
צוות IRT- תגובה לאירועי סייבר",בחינם,חודש,,,,,,,,,,V,,,,V
אורן רוזן,"איפרוק סולושנס בע""מ",oren@eprocsolutions.com,https://www.eprocsolutions.com,"תמונת מצב מתעדכנת כל דקה של כלל מחשבים בארגון כולל ביצוע פעולות פרטניות או רוחביות מיידית ובזמן אמת.
הצגה והזרמה (Real-Time Streaming) של מידע תשתיתי במחשב מרוחק ללא הצורך בהשטלטות וביצוע פעולות מורכבות מיידיות במחשב המטופל.",בהנחה,למשך כל תקופת החירום בה אנו נמצאים,,,,,,V,,,,,,,,
אלעזר בירו,אלעזר בירו ושות',Elazar@cybercontrol.co.il,cybercontrol.co.il,"השירותים מאפשרים לארגונים לשפר את אבני הבניין: אנשים , תהליכים וטכנולוגיות ע""י ייעוץ של מומחים בדגש על עולמות ה IR ו ה SOC.
להגיב לאירועי סייבר בצורה מהירה, למדוד את היכולת הנוכחית של מערך הסייבר בארגון, לעלות את המודעות של העובדים ולבצע הכשרות אונליין - כל אלו יכולים לשפר ולעבות את מערך הסייבר בקיים בכלל ואת אבני הבניין בתחומי ה IR וה SOC בפרט.",בהנחה,6 חודשים,,,,,,V,,,V,V,V,V,,
גיא מונרוב,אלקלעי מונרוב - ייעוץ אבטחת מידע AlMo,guym@almo.co.il,https://almo.co.il,נוכל לסייע בייעוץ אבטחת מידע וסייבר בעלויות נמוכות תוך מתן ערך מוסף גבוה לארגון לאחר ליבת הצרכים,בהנחה,Corona Time,V,V,V,V,,V,V,V,V,V,V,V,V,V
צביקה חלבוביץ,"אקס אם סייבר בע""מ",tzvika@xmcyber.com,https://xmcyber.com,"פתרון:
מערכת HaXM בודקת באופן רציף את יכולת התוקפים לנצל את משטח התקיפה הנרחב של המשתמשים הביתיים ולהגיע לנכסי הארגון, ומציגה את הסיכונים והחשיפות אופן מדויק, ומה הם התיקונים הנדרשים ליישום על מנת למנוע ולמזער סיכונים אלו..
מערכת HaXM בתצורת שירות SaaS, מבצעת בדיקות אבטחת מידע אוטומטיות ובאופן רציף וקבוע 24/7. המערכת מכסה את הסביבה הארגונית כולה, ומספקת ראייה כוללת של כל וקטורי התקיפה הקיימים מרחבי הארגון, אשר חושפים ומסכנים את הנכסים הקריטיים - מנקודת מבטם של התוקפים.",בחינם,השירות הינו בחינם למשך חודש ימים מרגע הפעלת המערכת עבור הלקוח.,V,V,,V,,,,V,,V,,,,V
אלי עמר,"אקספריס סייבר בע""מ",yairl@experis-cyber.com,www.experis-cyber.com,סיוע לארגונים בניטור אירועי אבטחה בסביבה הארגונית והגברת היכולת בזיהוי נסיונות תקיפה או פעולות לא שגרתיות המתרחשות ברשת או בתחנות הקצה.,בהנחה,3 חודשים,,,,,,V,,,V,V,V,,,V
אבירם חניק,ביונד סקיוריטי,aviram@beyondsecurity.com,www.beyondsecurity.com,"- בדיקת אבטחת מידע של תחנות שמתחברות לרשת הארגונית מרחוק
-  התקנת סוכנים (agents) על תחנות הקצה לוודא שהאנטי-וירוס מותקן ורץ, מניעת דליפת מידע, וכו'",בהנחה,עד סוף שנת 2020,,V,V,,,V,,,,,,,,
יריב חזוני,"דיקויה בע""מ",yariv@dcoya.com,www.dcoya.com,מערכת אוטומטית שעוזרת לעובדים להכיר את האיומיים השונים באמצעות סימולציות ולומדות אשר מותאמות לתקופה נוכחית ( משבר הקורונה ). ,בהנחה,ריצה חד פעמית או שירות שנתי מלא,,,,,,,,,,,V,V,,
רבינוביץ' איגור,"הייאות בע""מ",rabiigor@akita.cloud,Akita.Cloud,"השירות  מאפשר לחברה לבדוק שרשת של עובד שעובד מהבית בטוחה לעבודה מהבית . בשביל זה עובד מוריד אפלקציה חינמית מ-PlayStore  או AppStore  ומריץ אותה כאשר טלפון מחובר לרשת שצריך להקשיח ( לבדוק שהיא בטוחה ).  בסוף הבדיקה אפשר לעשות  1 מ-3 דברים  - לגרום לאיש IT לתקן את הבעיות  ,  לבקש מחברת MSP בישראל שעובדת איתנו לתקן את הבעיות ,  או לעשות מנוי חודשי  שהבדיקה תתרח אוטומטי פעם בחודש והתיקון  יהיה כלול. ",במחיר רגיל,לא מוגבל,,V,V,,,,,,,V,,,,
מיטל ברוקס-קמפלר,הלנה,Maytal@helena-sec.com,www.helena-sec.com,מתן הדרכה (לומדה) ייעודית לזיהוי סיכוני סייבר ועבודה מרחוק. אספקה של דיוורים קבועים להגברת נושאי מודעות לאורך השנה.,בהנחה,3 חודשים,,,,,,,,,,,,V,,
ליאור פרנקל,"ווטרפול סקיוריטי סולושיינס בע""מ",info@waterfall-security.com,www.waterfall-security.com,"המוצר Remote screen view מאפשר צפייה מרחוק לצורך התמודדות מרבית עם השלכות מגיפת הקורונה והגבלת נסיעות וטיסות. חברת ווטרפול מציעה ללקוחותיה מוצר בשם במסכים של מפעלים תעשייתיים, למשל במערכות בתוך חדרי בקרה או במערכות תעשייתיות באתרי ייצור. המוצר מאפשר לשקף מידע ממערכות בזמן אמת, תוך שמירה מוחלטת על הפרדת הרשתות ומניעת חדירת כל מידע מהרשת הפחות מאובטחת למאובטחת. בתקופה זו שבה הארגונים עברו לעבוד מרחוק ולהימנע מהתקהלויות של קבוצות גדולות, אנחנו מאפשרים לצוותים הטכניים לצפות במסכים מרחוק וכך למנוע את הצורך שלהם להגיע פיזית לאתר. הדבר מצמצם מאוד את כמות האנשים שחייבים לעבוד בשטח, ולמעשה מאפשר את המשכיות עבודת המפעלים והמבנים כסדרם.",בחינם,עד סוף ספטמבר 2020,V,,,,,,,,V,V,,,,V
מיכאל אסרף,ויקריוס בע״מ,michael@vicarius.io,https://vicarius.io,"מוצר ענן לניהול אבטחה מקצה לקצה של כל התוכנות המותקנות בארגון.

TOPIA מאפשר לארגון לעקוב אחר חולשות ידועות ולא ידועות, לתעדף אותן עפ״י פקטורי שימושיות של תוכנה על מחשב ולטפל בין אם דרך התקנת Patch או בעזרת טכנולוגיית Patchess - להגנה על תוכנה ללא התקנת Patch.",בהנחה,עד לסיום המשבר,,V,,V,,V,,,V,,,,,
מיה שירמן,זקאופס ישראל בע”מ  (ZecOps),maya@zecops.com,www.zecops.com,"ZecOps מספקת את הפלטפורמה הראשונה נטולת agent המבצעת באופן אוטומטי חקירות פורנזיות ותגובה לאירועים (DFIR) המאפשרת גילוי, ניתוח ותיקון של התקפות מתקדמות שאינן מתגלות על ידי מוצרי האבטחה הקיימים.
הפלטפורמה של זקאופס מגלה וממנפת את הטעויות של התוקפים כדי לספק לארגונים מבט מיידי למי מכוון, אילו נכסים פרוצים, כיצד נכסים אלה הותקפו, ויוצרת באופן אוטומטי מודיעין איומים (Threat Intelligence)  על מתקפות הסייבר. מלבד נקודות קצה, שרתים ומכשירים ניידים, הטכנולוגיה מתאימה גם למכשירי Embedded / IoT.",בהנחה,בהנחה משמעותית לשנה ראשונה,,,,,,V,,,,,,,,
טל עזגד,"טי אנד אם סייבר בע""מ",talazgad@tmprotection.co.il,www.tmprotection.co.il,"אנו מנטרים מערכות הלקוח 24/7 להגנה מפני אירועי סייבר באמצעות ה SOC שלנו.
ה SOC מופעל ומאוייש ע""י יבמ ונעשה בו שימוש בכלים המתקדמים של יבמ.",בהנחה,3 חודשים,,,,,,,,,V,,,,,
יצחק חנן,"טרהוורקס - שירותי יעוץ ופיתוח תוכנה בע""מ",itzik@teraworkscorp.com,www.teraworks.co.il,"חברת OKTA יצאה בחבילה חינמית לארגונים שעדיין לא משתמשים ב OKTA לעבודה מהבית. (Okta for Emergency Remote)
החבילה כוללת  SSO עבור 5 אפליקציות + (MFA (Multi-factor Authentication להגברת אבטחת המידע בחיבור מרחוק לעובדים מהבית. כל זאת חינם למשך 6 חודשים ויתכן שיאריכו עוד בתלות בסיטואציה.לכל ארגון, בכל גודל שנדרש להסתגל לעבודה מרחוק במהלך משבר זה.",בחינם,"חצי שנה ללא עלות ולאחר מכן, באם נדרש ניתן להאריך בתשלום",V,,,V,,,,V,,,,,,
ערן פישר,"טריפלסייבר אבטחת מידע בע""מ - TripleCyber",eran.f@triplecyber.co.il,www.triplecyberinfosec.com,"שירות מנוהל הכולל ניטור רציף והגנת סייבר הכוללת מענה חירום 24/7/365
- לגישה מרחוקת  - כולל הגנת עמדות קצה 
- לשירותי ענן – שרתים, אפליקציות ודואר (פישינג וכופר)   
- לרשת ארגונית – כמענה לשינוי בתצורה ונוכחות מוגבלת של צוותי המחשוב",בהנחה,12 חודשים,,,V,V,,V,,,V,V,V,V,,
יניב דנינו,"יעד טכנולוגיות בע""מ בשם G DATA ISRAEL",yaniv@g-data.co.il,http://www.g-data.co.il/download,פתרונות האנטי וירוס ואבטחת המידע של החברה מעניקים סביבת עבודה בטוחה מוירוסים כולל גלישה בטוחה יותר באינטרנט ,בחינם,פתרונות האנטי וירוס ואבטחת המידע  יינתנו למשך 30 עד 90 יום חינם,V,,V,V,V,,V,,V,V,V,V,V,
משה אסתרין,"מגן אופק בע""מ",Moshik@magenofek.co.il,https://www.magenofek.co.il,"שירות ניהול מרחוק (MSSP) של מוצרי Endpoint Protection&EDR– הגנה מתקדמת מבוססת AI על תחנות קצה ושרתים מבית SentinelOne. כך תוכלו לאבטח ולנהל תחנות שעד היום לא היו חלק מהארגון.
השירות כולל תחזוקה, שדרוג, ניתוח אירועים והמלצות Best Practice על סמך ניסיוננו העשיר. 
על מנת להגן על פעילות בענן ללא תלות בהתקנת סוכן או בהתקן ממנו המשתמשים מתחברים אנו מציעים את מוצרי ה-CASB המובילים בשוק  עם חבילות משתנות בהתאם לשירותי הענן של הלקוח.
בנוסף מציעים שירותים למניעת Phishing וגישה של משתמשים לדומיינים לא רצויים ברשת- Umbrella ו-DOU מבית Cisco, מוצר VPN מבית Pulse Secure ופתרונות נוספים כמו הלבנה ויעוץ.",בהנחה,"משתנה בין יצרן ליצרן, חלק מציעים רשיון לחודשיים-שלושה בחינם, וחלק בהנחות לפי כמות.",V,,V,V,V,V,,V,,V,V,,,
יאיר מלמד,מייזבולט טכנולוגיות (MazeBolt),yair@mazebolt.com,www.mazebolt.com,"שרותי VPN והתחברות מרחוק הפכו לנתיב קריטי.
ברוב החברות, הגנות ה DDoS לא התייחסו לשירות זה כקריטי בזמנים כתיקונם, ולכן יש סבירות כי שההגדרות שבוצעו היו בחוסר. MazeBolt משתמשת בטכנולוגיה חדשנית ומגובת פטנט, המאפשרת בדיקה מקיפה בתוך 20 דקות בלבד, ומספקת דו""ח חדירות מפורט ומדוייק לסגירת הפרצות שזוהו.
כחלק מהמחוייבות שלנו לפעילות שוטפת בעת הנוכחית אנו מציעים בדיקת DDoS מיוחדת עבור שירותי VPN והתחברות מרחוק שתעזור לחברות להבין:
-	מידת החשיפה למתקפות DDoS של שירותים אלה
-	פירוט המתקפות שחודרות את הגנות ה – DDoS
-	דו""ח טכני לספק שירותי הגנת ה DDoS עם הכשלים שזוהו.",בחינם,"ההצעה עומדת עד סוף אפריל, 2020 (לחברה שמורה הזכות לסיים את המבצע ללא כל הודעה מוקדמת בכל זמן)",V,,,,,,,,,V,,V,V,
בובריצקי אדי,מינרווה לאבס בע״מ,eddy@minerva-labs.com,www.minerva-labs.com,"הפתרון הייחודי של מינרווה לאבס להגנה על תחנות הקצה והשרתים, המגן על ארגונים מובילים בארץ ובעולם, ניתן ליישום גם על מחשבים ביתיים על ידי התממשקות לכל שירות VPN שהארגון בוחר לעבוד עמו. ",בחינם,30 יום,V,V,V,V,,V,,,,V,,,,
אבנר מימון,נס טכנולוגיות,avner.maimon@ness-tech.co.il,https://www.ness-tech.co.il/,"
RISKIQ, הינו מוצר אשר מאפשר לארגונים למפות את כלל הנכסים הדיגיטליים אשר מוחצנים אל העולם החיצון, כפי שהתוקף רואה את הארגון בכל רגע נתון, הן בהתקנות מקומיות והן בענן.
",בהנחה,ללא התחייבות,,V,V,V,,,,,,,,,,
אורן רפאל,"סולוטק אקספי בע""מ",orenr@solutech.co.il,www.solutech.co.il,Keep-Od הינה מערכת הפעלה מותאמת אישית המייצרת סביבת עבודה סטרילית ואחידה לחיבור מרחוק.,בהנחה,שנה,V,V,,,,,,,,,,,,
אורן הדר,סי אס טי 360 בעמ - CST 360 LTD,oren@cst-360.com,www.cst-360.com,ייעוץ סייבר,בהנחה,ככל שיידרש ובהתאם לשירות הניתן,V,V,V,V,,,,V,,,,,,
דני בלטוך,"סי.די. מדיה בע""מ",danny@cd-media.co.il,www.megaas.com,"CAT הינו יישום NATIVE לטלפונים סלולאריים המבטיח קבלת סיסמא חד פעמית OTP בשני משתנים TFA בכל מצב ובכל מקום - אינו תלוי תקשורת או SMS.
בעזרת הסיסמא החד פעמית ניתן להבטיח את חוזק האימות של המשתמש המרוחק.
",בהנחה,בהתאם לצורך הלקוח ניתן לתת רישיון רבעוני או שנתי,,,,,,,,V,,,,,,
עדי ברטוב,"סיגה אבטחת מידע (2014) בע""מ",adi.b@sigasec.com,https://sigasec.com/,"מנגנון שמאפשר ניטור חכם ומרחוק לתוך מערכי תפעול וייצור (OT) בצורה מאובטחת לחלוטין. מנגנון סיגה מספק ""הגנת עומק"" בשורה האחרונה, שאינה ניתנת לעקיפה או לפריצה מתוך מערכת ה- SCADA, וממילא כזאת שנותנת אישור אמין כי-מכשיר הקצה פועל כמתוכנן. 
בד בבד המערכת מאפשרת התראה מוקדמת של התנהגות חריגה, כך שלמפעיל המערכת יהיה זמן תגובה מספק לפני התפתחות נזק משמעותי לציוד או פגיעה בבני אדם ואיכות הסביבה.
",בהנחה,שישה חודשים,,,,,,V,,,V,V,,,,
כרמית אור,סיטאדל,carmit@citadel.co.il,www.citadel.co.il,"- בדיקת תשתית הגישה מרחוק 
- הדרכה לעבודה נכונה מהבית 
-שירות ניטור 24/7 
-הטמעת מערכת הגנה על תחנות עובדים מהביית
- ייעוץ מומחים ONLINE עם מומחי הסייבר שלנו
-שירות IR מרחוק 
- ניהול שרשרת אספקה / סקרי ספק",בהנחה,לכל תקופת הקורונה,V,V,V,,,,,,V,V,V,V,,
איציק וינשטיין,"סייבר אובזרוור בע""מ",itzik.w@cyber-observer.com,www.cyber-observer.com,המוצר הוא מוצר ניהול סייבר למנהלים,במחיר רגיל,שנה הקרובה,,V,,,,,,,V,V,,V,,
אורי פנחסי,"סייבר אי. טי. בע""מ",ori.pinhasi@cyberit.co.il,http://www.cyberit.co.il/,"הגנה על תחנות קצה, שרתים ותיבות דואר
ניטור וניהול בקרת גישה והרשאות עבור (AD, Exchange, Fileserver)
מוצר איסוף לוגים שכולל ניתוח, ניטור, אנליזה ותחקור - SEIM
הגנה על אפליקציות ושירותים דגיטליים 
העברת קבצים באופן מאובטח",בהנחה,מנוי שנתי,,,V,,,V,V,,V,V,,,V,V
יפעת בר אלי,"סייברהאט בע""מ",yifatb@cyberhat.com,www.cyberhat.co.il,"שירות SOC מנוהל שכולל ניטור, זיהוי ותגובה לאירועי סייבר 24/7 ע""י אנליסטים, אנשי מודיעין ואנשי פורנזיקה המתמחים בכך.
השירות מתאפשר באמצעות חיבור לטכנולוגיית הניטור הקיימת או לחלופין על ידי אספקת טכנולוגיית SIEM או EDR. בשני מקרים סייבהראט  אחראית על האינטגרציה, הטיוב, הניהול והתפעול השוטף עד להכלת האירוע וחזרה לשגרה.",בהנחה,3 חודשים,,,,,,,,,V,V,V,,,
יפעת בר אלי,"סייברהאט בע""מ",yifatb@cyberhat.com,www.cyberhat.co.il,"""פתרון הגנה מתקדם וקל להתקנה, הכולל ניטור, זיהוי, מודיעין סייבר ותגובה לאירועי אבטחת מידע וסייבר 24/7 ע""י צוותי מומחים מתחומים שונים. הפתרון כולל טכנולוגיית ניטור לרבות התקנה, הטמעה, ניהול ותחזוקה, וכן חיבור למערכות האבטחה הקיימות של הארגון למשך 45 יום ללא עלות וללא התחייבות"".",חינם,45 ימים,,,,,,,,,,,,,,
מור סוויני,"סייטק ייעוץ בע""מ",MOR@CYTECH.CO.IL,www.cytech.co.il,"שירותי הגנת סייבר מנוהלים: שירות ביצוע סקרי סיכונים ו/או פרטיות, שירותי תגובה לאירוע ושירותי מודעות
",בהנחה,עד לסיום המשבר,,,,,,,,,,V,V,V,,
איציק פינקל,סיימולייט,itzikf@cymulate.com,www.cymulate.com,"המוצר מאפשר לבצע התקפות ולבחון את מוצרי ההגנה הקיימים בשוק, המוצר מספק דוחות מנהלים וטכנים על הכולל המלצות כיצד לקנפג נכון את המערכות על מנת לחסום את ההתקפות. בנוסף המערכת מספקת אפשרות לבחון את הארגון האם חשוף להתקפות חדשות אשר מתפרסמות immediate intelligent   .
",בהנחה,השכרה בין 6 -12 חודשים,,,V,V,,,,,V,V,,V,,
אריק קלישר,סלקום ישראל,nvarik@cellcom.co.il,www.cellcom.co.il,מפורט בקובץ מצורף,בחינם,4 שירותים למשך 3 חודשים ללא עלות  ושירות אחד בהנחה למשך 6 חודשים,,,,,,,V,,,V,,,V,
אריק קלישר,סלקום ישראל,Cyber360@cellcom.co.il,cellcom.co.il,"FIREWALL בענן - 
שירות הנה הגנה המספק הפרדה מאובטחת בין הרשת הפנימית של הארגון אל הרשת העולמית. השירות מאפשר גישה מאובטחת מרחוק ,חסימת התקפות ואפליקציות, אנטי וירוס ואנטי ספייוור המונעות דליפת מידע,ובנוסף סינון אתרי אינטרנט זדוניים המשמשים למטרות PHISHING
מבוסס חברת FORTINET",בחינם, למשך 3 חודשים ללא עלות  לאחר מכן מחיר מלא ,V,,V,,,,,V,,V,,,,
אריק קלישר,סלקום ישראל,Cyber360@cellcom.co.il,cellcom.co.il,"MAIL RELAY בענן - קו ההגנה הראשון למערכות הדואר שמטרתו להגן על תעבורת הדוא""ל הארגוניות
מפני וירוסים ודואר זבל,כאשר הדואר הנשלח לשרת הדואר הארגוני מופנה ראשית למערכת ה-,MR לשם בדיקה וסינון של וירוסים ודואר זבל,וכן איומים נוספים המצורפים לדוא""ל. לאחר הבדיקה, מופנה הדואר הלגיטימי לשרת הדואר הארגוני, נקי מאיומים. השירות מפעיל מגוון רחב של מנגנוני אבטחה על מנת להתמודד עם היקף רחב של איומים, כולל גיבוי הדואר בעת תקלה טכנית או תקשורת כך שהדואר נשמר עד לחזרה לשגרה.
מבוסס חברת CYBONET",בחינם, למשך 3 חודשים ללא עלות  לאחר מכן מחיר מלא ,,,,,,,,,,V,,,,
אריק קלישר,סלקום ישראל,Cyber360@cellcom.co.il,cellcom.co.il,"DDOS בענן - שירות המאפשר הגנה לקווי האינטרנט,התשתית והשרתים של הארגון מפני התקפות משביתות שירות 
(DDOS(Distributed Denial Of Service שמטרתן לפגוע ברציפות העבודה ואף לגרום להשבתה של הפעילות העסקית 
באמצעות מתקפות נפח שנועדו לחסום את הגישה לאינטרנט או העמסה על משאבי המחשוב 
השירות מזהה באמצעות מנגנונים מתקדמים תעבורה זדונית שאינה לגיטימית וחוסם אותה ומעביר רק את התעבורה הלגיטימית 
מבוסס חברת RADWARE",בחינם, למשך 3 חודשים ללא עלות  לאחר מכן מחיר מלא ,,,,,,,,,,V,,,V,
אריק קלישר,סלקום ישראל,Cyber360@cellcom.co.il,cellcom.co.il,"סייבר מובייל - השימוש העסקי במכשיר החכם (סמארטפון, טאבלט או כל מכשיר אנדרואיד / אייפון) מייעל את העבודה ומאפשר לעבוד בכל זמן ומכל מקום. המכשיר החכם מחובר לתקשורת 24/7, גם כאשר איננו משתמשים בו באופן אקטיבי, דבר המאפשר לגורמים עוינים לחדור אליו ולהגיע למידע עסקי ואישי רגיש, תוך עקיפת אמצעי ההגנה הקיימים היום.
שירות סייבר מובייל מתריע בזמן אמת על מגוון רחב של איומים על מכשירים חכמים.
• השירות מאפשר יכולות גילוי מתקדמות – גם בניתוק מהרשת המתוקפת. כולל התרעות למשתמש הקצה תוך המלצה על פעולה מונעת / מתקנת
• ניהול מתקדם - השירות כולל פורטל ניהול מתקדם, כולל התרעות בזמן אמת ודו""חות מפורטים למנהל מערכת בארגון
• שירות ענן – לא מצריך רכישת חומרה
מבוסס חברת ZEMPERUIM",בחינם, למשך 3 חודשים ללא עלות  לאחר מכן מחיר מלא ,,,V,,,,V,,,V,,,V,
אריק קלישר,סלקום ישראל,Cyber360@cellcom.co.il,cellcom.co.il,"FIRST POINT - מערכת הגנת הסייבר של  FirstPointמזהה, מתריעה ומגינה על כל מכשיר סלולרי מפני חולשות סמויות ברשת הסלולר.

השירות מגן מפני ניסיונות תקיפת סייבר מסוגים שונים על גבי רשת הסלולר:  
• דליפת מידע על ידי האזנות בתקשורת סלולרית  Man-in-the-Middle 
• מניעת תקשורת סלולרית Denial of Service
• גניבת SMS , בין היתר אלו המשתמשים להזדהות Multi-factor Authentication
• SMS  זדוניים, כולל חסימה של Phishing SMS
• איכון מיקום זדוני Location tracking
• החדרת נוזקות Malware על ידי SMS , Man-in-the-Middle 
• גניבת זהות סלולרית IMSI
שיטות התקיפה ממנה המערכת מגינה: תאים סלולריים מזוייפים IMSI Catcher, ניצול פרצות ברשת הסלולר SS7/Diameter, SMS זדוניים Silent/Flash SMS, Phishing SMS
השירות מספק התרעות למשתמש הקצה ו/או למנהל המערכת
ברמת הארגון, ישנה אפשרות לספק מערכת ניהול בזמן אמת הכוללת התראות וסטטוס מכשירים - Dashboard
מבוסס חברת FIRSTPOINT",הנחה ,הטבה למשך 6 חודשים ולאחר מכן מחיר מלא ,,,V,,,,V,,,,,,V,
"ד""ר רן דובין","סנדבוקס טכנולוגיה בע""מ",ran@sndbox.com,sndbox.com,סנדבוקס מפתחת מערכת לניתוח דינמי של קבצים לאיתור קבצים זדונים\נוזקות (MALWARE) לפני שהם נכנסים לארגון. ,בחינם,חודשים,,,,,V,V,,,V,V,,,,
ליאור בן עמי,"ספייק איי טי טכנולוגיות מידע _2012) בע""מ",lior@spikeit.co,http://www.spikeit.co/,"SentinelOne is an EPP and EDR product that provides a unified solution to the aspects of Prevention, Detection, Response & Remediate.
It can be installed in servers and workstations and supports Windows, Linux and Mac.
The solution includes advanced threat protection for Ransomware, File-less attacks, memory-based attacks, and much more.",בחינם,עד ה - 15/05/2020,,,,,,V,,,,,,,,
ליאור בן עמי,"ספייק איי טי טכנולוגיות מידע _2012) בע""מ",lior@spikeit.co,http://www.spikeit.co/,"RAPID7 - InsightVM/NEXPOSE - המוצר הוא מערכת מקיפה לניהול הפגיעויות בארגון - Vulnerability Management-מערכת לסריקה ואיתור החולשות, תיעדוף הטיפול לפי מערכת ניקוד ייחודית ל-Rapid7, הפקת דו""חות ברמה טכנית וניהולית, סיוע בעמידה בתקנים ויצירת משימות לצוות.",בחינם,חודש חינם ועוד חודש לאחר אישור,,,,V,,,,,V,,,,,
ליאור בן עמי,"ספייק איי טי טכנולוגיות מידע _2012) בע""מ",lior@spikeit.co,http://www.spikeit.co/,"RAPID7 - InsightIDR  -  Easy cloud-based log and event management to meet compliance. No data expertise, hardware, or ongoing maintenance required (ABA and UBA include)",בחינם,חודש חינם ועוד חודש לאחר אישור,,,,V,,,,,V,,,,,
ליאור בן עמי,"ספייק איי טי טכנולוגיות מידע _2012) בע""מ",lior@spikeit.co,http://www.spikeit.co/,"Ericom Connect - Fast, Simple, Secure Browser-Based. Remote Application and Desktop Access with No Endpoint Installation.",בחינם,חודשיים,V,,,,,,,,,,,,,
בוריס דנילוביץ׳,פריאמפט סקיוריטי - Preempt Security,bdanilovich@preempt.com,www.preempt.com,"מערכת Preempt מאפשרת לארגונים לקבל ניראות מלאה לזהות, התנהגות והסיכון של המשתמשים ברשת. בנוסף לכך, המערכת מספקת בקרי שליטה לגישת משתמשים לשירותים, ברשת הפנימית (דרך VPN או לעובדים המגיעים למשרד), ובגישה לשירותי ענן. הפתרון יאפשר לכם לקבל תמונה מקיפה של פעילות המשתמשים, גורמי הסיכון וכמו כן לקבוע ספים דינמיים לחכמים לביצוע הזדהות חזקה על ידי MFA.",בחינם,90 יום,V,,,V,,,,V,V,,V,,,
איתן פרומוביץ,פריים סולושינס,eitan@prime-solutions.co.il,http://prime-solutions.co.il/index.html,"שירותי הגנת הסייבר שלנו זמינים 24/7 מתוך Security Operation Center)  SOC) - מרכז בקרה חדשני, משולב בינה מלאכותית, המספק מערך הגנה יעיל למערכות הארגון.

",בחינם,2 חודשים,,,,,,,,,,V,,,V,
יערה גואטה,"פריימסק בע""מ",yaara@primesec.co.il,https://www.primesec.co.il/,"חברת פריימסק בע""מ, הינה חברת ייעוץ פרטית בתחום רגולציות טכנולוגיות מידע, אבטחת מידע וניהול פרויקטים, החברה מספקת פתרונות לאבטחת מידע ארגונית, ורגולציות בעולם הטכנולוגי תוך התחשבות בצרכי הארגון בכלל וביחידת מערכות המידע בפרט 
במסגרת משבר הקורונה, סייענו לכ-50 לקוחות לממש פעילות עבודה מרחוק, בנוסף בוצעו אפיון ובדיקה של מערכות להנגשת שירותים באופן מקוון למשתמשים עבור גוף ציבורי גדול.
הפעילות כוללת הגדרת הנחיות אבטחת מידע וכתיבת נהלים, סיוע בבחירת הפתרונות וליווי ההתקנה.",בהנחה,חודשיים (אפריל - מאי),V,V,,V,,V,,V,,V,V,V,,V
שחר אלון,"צ'קמרקס בע""מ",shahar.alon@checkmarx.com,www.checkmarx.com,מדובר בפלטפורמת  Codebashing של חברת צ'קמרקס המאפשר למפתחי תוכנה ללמוד ולתרגל פיתוח מאובטח בשלל שפות פיתוח.,בחינם,עד ה-31 במאי 2020,,,,,,,,,,,,V,,
יעקב שחם,קומיוג'ן,jacob.shaham@commugen.com,www.commugen.com,"פתרון מודולרי לניהול אבטחת מידע וסייבר. כולל רכיבים של ניהול סיכונים בשרשרת האספקה, המשכיות עסקית, ISO 27001, ניהול חשיפות, ניהול נכסי טכנולוגיות המידע ועוד.
הפתרון משמש כפלטפורמה הלאומית לניהול סיכונים בשרשרת האספקה ולמימוש תורת ההגנה הארגונית.",בחינם,3 חודשים,,,,,,,,,,,,,,V
נאור גלעדי,"קומסק בע""מ",naorg@comsecglobal.com,comsecglobal.com,שירותי תגובה לאירוע סייבר,בהנחה,לתקופת הקורונה,,,,,,,,,,,V,,,
נאור גלעדי,"קומסק בע""מ",naorg@comsecglobal.com,comsecglobal.com,הדרכות מודעות עובדים והדרכות לפיתוח מאובטח,בהנחה,לכל תקופת הקורונה,,,,,,,,,,,,V,,
נאור גלעדי,"קומסק בע""מ",naorg@comsecglobal.com,comsecglobal.com,"ניתוח והערכת סיכונים, הן בסביבת רשת הארגון, המוצר של הארגון או אצל שרשרת האספקה של הארגון",בהנחה,לכל תקופת הקורונה,,V,,,,,,,,,,,,V
נאור גלעדי,"קומסק בע""מ",naorg@comsecglobal.com,comsecglobal.com,שירותי ייעוץ סייבר,בהנחה,לכל תקופת הקורונה,,,,,,,,,V,V,,,,
רותם אהרוני,"קומסקיור בע""מ - ESET ישראל",rotem@eset.co.il,https://www.eset.com/il/,"אימות דו שלבי: המוצר ESET Secure Authentication מסייע לחברות להגביר את רמת האבטחה האירגונית שלהם, בעזרת הוספת רכיב אימות דו-שלבי בהתחברות מרחוק. האימות הדו-שלבי יימנע חיבורים לא רצויים לשרתים או שירותים רגישים בארגון.",בהנחה,90 יום,V,,,,,,,V,,,,,,
רותם אהרוני,"קומסקיור בע""מ - ESET ישראל",rotem@eset.co.il,https://www.eset.com/il/,"מוצרי ההגנה של ESET Endpoint Protection מגנים על תחנות קצה ושרתים בעזרת סריקת וירוסים מתקדמת המשתמשת במספר מנגנוני הגנה שונים, המאפשרת ניהול ובקרה מרחוק על הרשת דרך ממשק מרכזי אחד.",בהנחה,90 יום,,,,V,,,V,,,,,,,
רותם אהרוני,"קומסקיור בע""מ - ESET ישראל",rotem@eset.co.il,https://www.eset.com/il/,"המוצר ESET Full Disk Encryption נועד לביצוע הצפנת דיסק מלאה, ובכך למנוע גישה לא רצויה למידע רגיש הנמצא על מחשבים ניידים המסתובבים מחוץ לארגון.",בחינם,90 יום,,,V,,,,V,,,,,,,
גיא דגן,קונסיינטה,guy@consienta.com,consienta.com,"שירות המודעות שלנו יספק מעטפת ומענה לגורם האנושי, העבודה מהבית, נושאי פרטיות ויחנך את הגורם האנושי כך שיהיה חלק ממערך ההגנה ולא החוליה החלשה.",בהנחה,3 חודשים,,,,,,,,,,,,V,,
"רם לוי, מנכ""ל","קונפידס דיגיטל בע""מ",ram@konfidas.com,www.konfidas.com,"אנו מספקים לחברות ניטור והגנה 24/7, ניהול עמדות קצה, וסקרי פערי אבטחה לרשת הארגון. בעת קבלת התראה על איום או פעילות חשודה, מיישם הגנת סייבר ינתח את הנתונים יבצע פעולות מניעה ובמידת הצורך יתריע על המתרחש.
בנוסף, קונפידס מספקת שירותי ייעוץ שונים בנושאי הגנת פרטיות ועמידה בתקנים, ייעוץ אסטרטגי להתמודדות עם משברי סייבר, ניהול אירועי סייבר, והכשרות ותרגילי עובדים להמשכיות עסקית בעקבות מתקפת סייבר.",בהנחה,סוף דצמבר 2020,V,V,V,V,,V,V,V,V,V,V,V,V,V
מנחם טאומן,"קיו מאסטרס שירותי אבטחה בע""מ",menachemt@qmasters.co,qmasters.co/,"מערכת (Proofpoint Cloud Access Security Broker (CASB מגינה על קבצים ומידע ארגוני הנמצאים בסיכון בשל הרשאות רחבות ושיתוף נתונים לא מורשה. המערכת מנטרת התנהגות ממוקדת משתמשים, חושפת במהירות פעילות בחשבונות פרוצים ומזהה זליגת מידע. המערכת אף מזהה ניסיונות גישה חריגים לשירות הענן ומתריעה בהתאם להגדרות שנקבעו.",בהנחה,3 חודשים,,,,V,,,,,,,,,,
מנחם טאומן,"קיו מאסטרס שירותי אבטחה בע""מ",menachemt@qmasters.co,qmasters.co/,"מערכת Carbon Black Next-Generation Antivirus + Behavioral EDR להגנה על תחנות קצה, מזהה וחוסמת נוזקות עפ""י ניתוח התנהגותי של אירועים בתחנות קצה. המערכת מזהה שימוש חריג במערכת ההפעלה, מנהלת רשימות חריגים (Black List / White), עוקבת אחר שינויים בקבצים ועוד.",בהנחה,3 חודשים,,,,,,V,,,,,,,,
מנחם טאומן,"קיו מאסטרס שירותי אבטחה בע""מ",menachemt@qmasters.co,qmasters.co/,"MDM VMware Workspace One הינה פלטפורמת סביבת עבודה המפקחת ומנהלת כל אפליקציה בכל מכשיר נייד על ידי שילוב בקרת גישה, ניהול אפליקציות וניהול נקודות קצה מרובות, כולל גישת כניסה אחידה (SSO), אבטחת גישה ליישומי ענן, לאינטרנט ולמערכות ארגוניות.",בהנחה,3 חודשים,,,,,,,V,,,,,,,
מנחם טאומן,"קיו מאסטרס שירותי אבטחה בע""מ",menachemt@qmasters.co,qmasters.co/,"מערך ניטור סייבר
SIEM (Security Information and Event Management) 
מערכתSIEM (Security Operations Center -Security Information and Event Management) מנטרת באופן אינטגרטיבי אירועי אבטחת מידע מכל שרתי המערכת ורכיבי אבטחת המידע, תנתח אותם ותציג התראות במסך ייעודי. המערכת מתממשקת לשרתים ורכיבי התשתית המרכזיים, לרבות מערכות אבטחת מידע ומערכות עסקיות.",בהנחה,3 חודשים,,,,,,,,,V,,,,,
מנחם טאומן,"קיו מאסטרס שירותי אבטחה בע""מ",menachemt@qmasters.co,qmasters.co/,"מערך ניטור סייבר
SOAR (Security Orchestration, Automation and Response)
מערכתSecurity Orchestration Automation and Response (SOAR)  משלבת ידע ויכולות של אנליסט, עם כל היתרונות של מערכת לומדת. המערכת הוויזואלית והגמישה מספקת לצוותי ההגנה ב -SOC יכולת חקירה מהירה וטיפול אפקטיבי באירוע באופן אוטומטי והתאם למערכי פעולה מותאמים.",בהנחה,3 חודשים,,,,,,,,,V,,,,,
מנחם טאומן,"קיו מאסטרס שירותי אבטחה בע""מ",menachemt@qmasters.co,qmasters.co/,"שירותי הגנת סייבר מנוהלים ושירותי ייעוץ
חברת QMASTERS מספקת שירותי הגנת סייבר מנוהלים ושירותי ייעוץ הכוללים ביקורות סייבר בתהליכים ובמערכות טכנולוגיות, תכנון והגדרת מערך סייבר ארגוני, הנחיה לתהליכי עבודה יעילים, אפיון והגדרת דרישות למערכות לגילוי מוקדם ולניהול חולשות ואירועים, תוך התחשבות בצרכי הארגון והתרבות העסקית שלו.",בהנחה,3 חודשים,,,,,,,,,,V,V,,,V
מנחם טאומן,"קיו מאסטרס שירותי אבטחה בע""מ",menachemt@qmasters.co,qmasters.co/,"שירותי מודעות ייעודיים
Proofpoint Wombat
מערכת לחיזוק מודעות עובדים לסכנות סייבר ע""י תרגול הודעות דוא""ל מתחזות ופישינג. המערכת מפיצה סימולציות של הודעות מתחזות לרשימת תפוצה ארגונית ומנהלת מדדים, היסטוריית סימולציות ארגונית, מגמות ארגוניות ונתונים עד רמת העובד הבודד בצורה גראפית ברורה.",בהנחה,3 חודשים,,,,,,,,,,,,V,,
מנחם טאומן,"קיו מאסטרס שירותי אבטחה בע""מ",menachemt@qmasters.co,qmasters.co/,"
פתרון הגנת אימייל של Proofpoint - פרוס כשירות ענן,  השירות מגן מפני דוא""ל מתחזה, פישינג , דואר עם צרופות תוכנות זדוניות וספאם המערכת מגנה על הלינקים המתקבלים ומריציה אותם בתוך בידוד,  למערכת יכולות המשכיות המאפשרים שמירה על תקשורת דוא""ל זורמת גם כששרת הדוא""ל  נכשל.",בהנחה,3 חודשים,,,,,,V,,,,,,,,
מנחם טאומן,"קיו מאסטרס שירותי אבטחה בע""מ",menachemt@qmasters.co,qmasters.co/,"פתרונות הגנת ה- DNS של  Cisco Umbrella פרוסים כשירות ענן, המערכת מבצעת סינון גלישה וחסימת גישה לאתרי אינטרנט בעלי תוכן לא ראוי עפ""י מדיניות הארגון, או לאתרים העשויים להיות מקור לכניסת וירוסים ונוזקות למחשבי הארגון. המערכת בודקת כל קובץ היורד למחשב בתוך Sandbox למנוע קבלת קצבים זדוניים. ",בהנחה,3 חודשים,,,,,,V,,,,,,,,
מנחם טאומן,"קיו מאסטרס שירותי אבטחה בע""מ",menachemt@qmasters.co,qmasters.co/,"Aruba Remote Access Point -RAP
פתרון נקודת הגישה המרוחקת של ארובה (Aruba Remote Access Point -RAP) מספק גישה מאובטחת (n802.11( של רשת אלחוטית וחוטית למשאבים ארגוניים מהמשרד, הסניפים ומהבית. 
המערכת מייצרת VPN tunnels ומאפשר גישה בטוחה מרחוק למרכז הנתונים.",בהנחה,3 חודשים,V,,,V,,,,,,,,,,
דוד דוידוף,קליר גייט,david@clear-gate.com,https://www.clear-gate.com,"שירותי ייעוץ בתחום בדיקות חדירות למערכות מידע ותשתיות IT מסייעות לארגונים בזיהוי סיכוני הסייבר ובניית תוכנית עבודה להפחתת סיכונים אלה. לאחר יישום התוכנית, תרחישים בהם מידע ארגוני יזלוג, ישתבש או לא יהיה זמין יופחתו באופן ניכר.",בהנחה,"כל הזמן, למי שמגיע דרך המארקט פלייס",,,,,,,,,,V,,V,,
גל אורבך,"רדאיקס פתרונות בע""מ",gal@redx.co.il,https://redx.co.il,"המשרד החכם – מעבר לעבודה מלאה בענן, שולחן עבודה וירטואלי, שרתים, אפליקציות בשירות מנוהל הכולל אפיון, מיגרציה, הטמעה, ניהול  ותמיכה שוטפת. חיבור למערכת מכל מחשב, טאבלט ונייד. בהפרדה מלאה מהסביבה הפרטית לשמירה על אבטחה",בהנחה,חצי שנה,V,,V,,,,V,V,,V,,V,V,
