"שם שמאי","כתובת","טלפון","נייד","פקס","דוא~ל",
"יעקב-אברהם פז","פן אלכסנדר 25/7~ תל אביב - יפו","","052-2939083","","paz.appraiser@gmail.com",
"ארז כהן","דרך אבא הלל 12~ רמת גן","","052-2526784","","erez@erezcohen.co.il",
"גיל הרצברג","יגיע כפיים 2~ אצל: בניין בית פיילוט~ קומה 3~ תל אביב - יפו","","050-8349596","","gil@gil-h.co.il",
"דוד יעקב טיגרמן","ההדס 10~ נתניה","","054-4986252","","david.sm@tigerman.co.il",
"שלומי שלמה יפה","עוזר חיים 30~ פתח תקווה","03-9319555","050-5150500","","sh.yaffe1@gmail.com",
"בועז שמואל קוט","שלומציון המלכה 4/8~ פתח תקווה","","050-6323994","","kotboaz@gmail.com",
"רינת וויס רביב","דרך אבא הלל 12~ רמת גן","","054-6493497","","rinatweiss@gmail.com",
"עומר סרחאן","ת.ד. 1136~ יפיע","","050-7324232","","omar0320@gmail.com",
"אלי כהן","אחוזה 96~ רעננה","","050-7570682","","celi1@012.net.il",
"דנה שחור","שד ויצמן 10/8 א ~ רמת השרון","","053-2505031","","dana@danashihor.co.il",
"יעל הרון","חלקיקי האור 16~ באר שבע","","054-7773510","","office@yharon.co.il",
"לילך בן פורת","הרקפת 12~ עתלית","","050-5264299","","office@Lbp.co.il",
"אוולין דודזון שמאמה","הקוקיה 11~ ראשון לציון","","050-7514149","","evelyn.davidson19@gmail.com",
"דוד דדון","יפו 97/201~ ירושלים","","052-5573232","","dadondavid@bezeqint.net",
"אורית גלן","יקינטון 8~ הוד השרון","","052-2725045","","Orit@gehlen.co.il",
"יהודה פלד","ת.ד. 4320~ שוהם","","050-5606476","","yehuda@ypeled.com",
"חגית רבינסון","ז'בוטינסקי 38/8~ נהרייה","","050-7220762","","HAGITRABINSON@GMAIL.COM",
"גיא צדיק","הנשר 8 א ~ בנימינה","","052-5140055","","guyzadik.appraiser@gmail.com",
"רמה מאור","חד נס 328/0~ מבוא ביתר","058-6173121","052-6173121","","rama@shamaiim.com",
"אפרת שלז","ת.ד. 20528~ תל אביב - יפו","","054-4225913","","efshlez@gmail.com",
"אלדד חימי","אלה 32~ אורה","","050-6217442","","haimieldad@gmail.com",
"ערן ירקוני","שושנה דמארי 11/14~ רעננה","","054-6395007","","eran@eranyarkoni.com",
"מרדכי דדון","שד דיין משה 62/2~ ירושלים","","052-6130098","","mottidadon@gmail.com",
"אליהו כהן","גלוסקין 33/3~ רחובות","","052-2562002","","misrad66@gmail.com",
"יגאל יוסף","סנש חנה 25~ הרצליה","","050-7786256","","Yigal@yyosef.co.il",
"דוד בריל","גולני 97~ כפר יונה","","052-3228100","","david@d-brill.co.il",
"ארנון פרץ גולדברג","קפלנסקי 21/0 ב ~ יהוד-מונוסון","","052-8949901","","arnon@agsm.co.il",
"יעקב הלוי","צירלסון 28/4~ בני ברק","","053-8886770","","y@yhalevi.com",
"נתלי הוכטייל","ארזי הלבנון 18/29~ חדרה","","052-2476969","","nhochteil@gmail.com",
"מישל אשור","ת~ד 24299~ תל אביב - יפו","","052-2725887","","office@emashur.co.il",
"ברק שורצברד","תרשיש 22/4~ מודיעין-מכבים-רעות","","050-7883340","","barak.s.real@gmail.com",
"בועז ברזילי","רבי עקיבא 50/0~ הרצליה","","050-7427842","","boazbarzilay1965@gmail.com",
"חיים מסילתי","גליס 9~ פתח תקווה","","054-3300559","","haim@mesilaty.com",
