"מדינת ישראל
משרד האנרגיה
חטיבת אנרגיה מקיימת",,,,,,
עדכון אחרון: 28/05/23,,,,,,
"רשימת בוחני נצילות אנרגטית ליחידות קירור (צ'ילרים)
רשימה זאת מוצגת כשרות לציבור והנה וולונטרית. אין לראות רשימה זאת כחובה. כמו כן, כל האחריות לביצוע הסקר לרבות כל נזק או אובדן אשר
ייגרם למבצע או למזמין הבדיקה, תהיה עליו בלבד, ולא תחול על המדינה כל אחריות כאמור.",,,,,,
דואר אלקטרוני ,ישוב ,טלפון נוסף ,מספר טלפון ראשי ,חברה,שם פרטי ,שם משפחה 
hhammer@hammer-ag.co.il,ירושלים,052-3686773,02-5665013,,חגי,המר
oscar@enercom.co.il,חולון,03-5050999,050-7303070,,אוסקר ,האינהורן
yk4all@gmail.com,רעננה,,054-5402225,א.צ מערכות מיזוג אוויר,יערי,כוכבי
arzydael@gmail.com,פתח תקווה,054-3435034,054-3435034,גדיר הנדסה,דעאל,ארזי
"rafis@ecotraders.co.il
rafi.siluk@gmail.com",ראש העין,,054-9220129,אקוטריידרס,רפי,סלוק
moshsasson@gmail.com,כפר ויתקין,052-8430028,054-5656110,פבוס אנרגיה,משה,ששון
shayko25@gmail.com,נתניה,,052-8540860,,שי,קורן
noam@harari-eng.com,פתח תקווה,050-5333747,03-9211197,"הררי נעם מהנדסים יועצים בע""מ",נעם,הררי
igor.dubov@intel.com,רמת ישי,054-7885810,054-7885810,אנטל,איגור,דובוב
efal@013.net,כפר חנניה,03-6479256,054-2000560,,"ד""ר עופר",אלון
nowarski@gmail.com,ירושלים,,052-5412323,,יוסף,נוברסקי
roieshy@gmail.com,רחובות,,054-2190335,,רועי,שי
bareli@zahav.net.il,ראשון לציון,052-2946956,03-9651775,,חנן,בראלי
pollak.yossy@gmail.com,נהריה,053-7251006,04-9925540,יוסי פולק - הנדסת מיזוג אוויר ,יוסי,פולק
shabtayo@gmail.com,כפר-סבא,,052-8727620,,שבתאי,אוברלנדר
enconsol@zahav.net.il,מרכז,050-5397950,03-9607048,,"ד""ר משה דן",הירש
herzda@bezeqint.net,גבעתיים,050-6777935,050-6777935,,דניאל,הרצל
grigori.gor@gmail.com,נהריה,,052-5845757,,גריגורי,גורברג
avshalom@mashav-ind.co.il,באר שבע,052-3654333,073-2347801,משב הנדסת קירור ומיזוג אוויר,אבשלום,קדר
"
sorana.eqw@gmail.com
yoav.shauli@gmail.com",קיבוץ יגור,0522983050,04-9591969,אי.קיו.דבליו,יואב,שאולי
asherdeng1@gmail.com ,נצרת עילית,04-6552791,050-7779248,,אשר,דהן
cran1ster@gmail.com,רמת גן,,054-6776220,,רן,כרמי
office@energy4u.co.il,אור עקיבא,077-5634494,050-6246748,"אוצר אדיר וירוק בע""מ",מריוס,בן יעקב
avihais@citech.co.il,ראש העין,054-2227703,08-6291415,,אביחי,שרון
roni2491961@gmail.com,תל אביב - יפו,03-6486510,052-5451918,,רוני,יושע
maharaban@walla.com,זכרון יעקב,,050-5541002,,משה,מהרבן
yossi80.cohen@gmail.com,מודיעין-מכבים-רעות,,055-6677877,,יוסף,כהן
michaelg@millenniumac.co.il michael_golod@walla.co.il,נהריה,04-8410685,"052-6046011
054-6835483",,מיכאל,גולוד
zviengineering@gmail.com,הרצליה,,050-4065011,,צבי,שלם
altmanofir@gmail.com,אלקנה,,054-7848224,,אופיר,אלטמן
natan@livolt.net,אריאל,,050-6488324,"ליבולט בע""מ",נתן,שחר
marouneid90@gmail.com,נצרת,,054-8116639,מארון עיד אנרגיה,עיד,מארון
roobi.yochpaz@gmail.com,כפר סבא,,054-8060882,גדיר הנדסה,ראובן,יוכפז 
sergeybronfman@gmail.com,ראשון לציון,03-6712442,054-9002442,,סרגיי,ברונפמן
omri_m@gadir.co.il,פתח תקווה,,054-2332111,גדיר הנדסה,עומרי,מורג
tomerisraeli88@gmail.com,קדרון,03-9204847,052-8466460,גדיר הנדסה,תומר,ישראלי
greenkor@012.net.il,יבנה,,054-9115633,,יצחק,קורן
yarrtz13@gmail.com,ראשון לציון,03-9519500,054-3030271,,ירון,צברי
