institute_name,address,phone,fax,mannager,notes,mail
מלכישוע - נוער,"ד""נ הגלבוע 19170",קו חם 24/7  052-3081133; משרד 04-6488222; 052-3784292,04-6584007,"עו""ס אלון קפלן, ד""ר פרץ נחמה","מיועדת לנערים ובגירים בגילאים 13-30, מטפלת גם בנערים מתחת לגיל 18, אשפוזית כללית צפון החל מנובמבר 2023",malkishua@malkishua.org.il
מלכישוע - מעיינות ,"ד""נ הגלבוע 19170",046488222 ;058-4000074,04-6584007,"עו""ס אלון קפלן",מיועדת למבוגרים,alon_kaplan@malkishua.org.il
ויקטוריה ,"שמוטקין 6, ראשל""צ",03-5090545;  1-800-205077;050-5501551,03-9690995,"ד""ר בלקובסקי סבטלנה","גמילה מסמים, אלכוהול ותרופות מרשם, נגיש לדוברי רוסית",mc5501551@gmail.com;renessans.rehab@gmail.com; ediklankin@gmail.com; ams@hotbox.ru
רנסנס 2,"שמוטקין 6, ראשל""צ",03-9690995,03-9690996,"ד""ר אלינה פיפלקס","גמילה מסמים, אלכוהול ותרופות מרשם, נגיש לדוברי רוסית",mc5501551@gmail.com;renessans.rehab@gmail.com; ediklankin@gmail.com; ams@hotbox.ru
דולפין ,"העבודה 61, אשדוד  ",08-6229647;052-9462082,08-6229644 ;08-6229650,"ד""ר עודד רוזנברג",גמילה מסמים גברים ונשים מעל גיל 18,;ishpuzit@hrashut.org.il
"""בית אריאלה"" אשפוזית נשים כולל נשים בזנות","רח' הנמל 40, חיפה",04-8113630;052-9462082,04-8113436,גב' הגר מנטל כהנא,"גמילה מסמים, אלכוהול ותרופות נשים כולל נשים בזנות מעל גיל 18",Ariela.haderech@013net.net;Hagar.haderech@013net.net
"""פלג"" קריית שלמה אשפוזית תחלואה כפולה גופנית ומשולשת ","ת.ד. 168, מושב בני ציון (כפר חרוצים) 60910",09-7487777; 09-7415986; 050-6322406,09-7415986,"מר דני אמויל; ד""ר מסקין סבטלנה",מיועד לבעלי תחלואה כפולה  גופנית ומשולשת ,Ishpuz.p@gmail.com
אלה - רטורנו,"גבעת בית שמש,ד.נ. שמשון 99708",02-9998244;052-5216006,073-2150468; 073-2150462,"גב' שרה קלימי, ד""ר אירנה אל אור",גמילה מסמים ואלכוהול עבור נערות ונשים צעירות עד גיל 35,Mazkirut.elah@retorno.org;elah@retorno.org
אלון - רטורנו ,"גבעת בית שמש,ד.נ. שמשון 99708",02-9998244     053-4008422,02-9998243,"ד""ר יאגר סבטלנה",מיועד לגברים חרדים,shlomis_adv@bezeqint.net
לצידך,"רח' בן גוריון דוד 53, יהוד-מונוסון",03-6125115,אין פקס,"ד""ר פנט אירית","גמילה מסמים, מיועד לנשים מעל גיל 18 וגם לטרנסג'נדריות, פגיעות מיניות ונשים במעגל הזנות ",letsydech@gmail.com
"תחלואה כפולה נפשית ב""ש","רח' הצדיק מירושלים 2, באר שבע",08-6401719 ;08-6401570 ;054-4320191,08-6401570,"ד""ר אלכס קפצן","גמילה מסמים ומאלכוהול לבעלי תחלואה כפולה נפשית במצב מאוזן, גברים ונשים",akaptsan@bgu.ac.il;alex.kaptsan@moh.gov.il
ניקה ,"נתן בירנבוים 23 א, פתח תקווה", 03-376-0499 ;‎052-6963730,07-75358148,"ד""ר פטריק טטיאנה",אשפוזית לנשים מכורות בזנות (ציבורי),ivgi.segal@gmail.com
יוקרה  - עכו- תחלואה כפולה ,"ויצמן 24, עכו"," 077-2104362;  עו""ס בולוס בדרה 052-4577153;04-6161632;050-6579668 שריף כחילי",04-6534256,"ד""ר סרור נאסר; עו""ס בולוס בדרה",תחלואה כפולה גברים ונשים,cc1997@gmail.com; a046534256@gmaul.com
