ממונים במשרדי הממשלה ויחידות סמך,,,
משרד,שם,טלפון ,כתובת מייל
בריאות,"ד""ר שלומית אבני",050-6243948,shlomit.avni@MOH.GOV.IL
חינוך,עמוס שביט,052-4714632,amos2@education.gov.il
המינהל לחינוך התיישבותי ועליית הנוער,יעקב מלקמו,050-6221493,yacobm@mchp.gov.il
,שדאד אבו פול ,050-6221483,shadada@mchp.gov.il
,סיגלית הרוש,050-6221542,sigalith@mchp.gov.il
משרד הדתות ,גבריאל כהן,506231551,gavrielc@dat.gov.il
נציבות שירות המדינה ,אלה ברבי ,536290095,ellabe@csc.gov.il
"משרד העבודה, רווחה והשירותים החברתיים",אלון גליקמן,050-6223387,along@molsa.gov.il
תחבורה ובטיחות בדרכים,אייל קנה,050-6212007,eyalkane@mot.gov.il
השירות המטאורולוגי בישראלי,כרמית שרון,050-6212912,sharonc@ims.gov.il
הכלכלה,אריאלה סימן טוב,050-6240052,ariela.siman-tov@economy.gov.il
רשות התחרות (רשות ההגבלים עסקיים),מירי בן שבת,050-6225103,mirib@aa.gov.il
חקלאות ופיתוח הכפר,ציפי פרידקין,050-6241425,tsipip@moag.gov.il
הרשות להסדרת התיישבות הבדואים בנגב,חופית חדד,050-6886731,hofith@moag.gov.il
השירותים הווטרינריים,ליאת שלמה,050-6241306,liats@moag.gov.il
מינהל המחקר החקלאי (מכון וולקני),רויטל אלפסי,050-6220254,REVITAL@VOLCANI.AGRI.GOV.IL
משפטים,מסעד מסעד,050-7061363,MasadM@justice.gov.il
רשות האכיפה והגבייה,אורי צור,054-4716946,orit@eca.gov.il
הנהלת בתי המשפט,ערן מזרחי,050-6255545,eranm@court.gov.il
הנהלת בתי הדין הרבניים,חני דורי,050-6205615,hanydo@rbc.gov.il
פנים,רמה לוי,050-6204070,ramale@moin.gov.il
רשות האוכלוסין וההגירה,רגינה רבקה שוראשי,"0506204259, 08-6530022",ReginaRivkaSh@piba.gov.il
בינוי ושיכון,סמדר לוי זיזי,"02-5847678, 050-6247434",smadarl@moch.gov.il
המרכז למיפוי ישראל,גלית ארזי ,"050-6221287, 03-6231968 ",galita@mapi.gov.il
רשות המיסים - מס הכנסה ומיסוי מקרקעין,רמי קויש,050-6209568,RamKe@taxes.gov.il 
"רשות המיסים - מכס ומע""מ",מיכל אחיטוב,050-6245054,michalac2@taxes.gov.il
רשות שוק ההון,שי אלהרר,054-2332424,Shayel@mof.gov.il‏
מינהל התכנון,מיכל פלג,טלפון:0747578102    נייד:050-6290021,michalpe@iplan.gov.il
המכון הגיאולוגי,יעל אלחרר,050-6234543,yaeka@gsi.gov.il
חברת החשמל לישראל,אורן בן שמעון,050-6234591,oren@pua.gov.il
נציבות שירות המדינה,נורית אמיר,050-6243270,nuritam@csc.gov.il
"רה""מ",מזל נגני,02-6705341 0506205926 ,mazalna@pmo.gov.il
נציבות שירות המדינה- מערכת הביטחון,נורי,053-6290095,ellabe@csc.gov.il
הלשכה המרכזית לסטטיסטיקה,זוהר צ'סקוב ,050-6238279,zoharc@cbs.gov.il
ביטחון,רונית אסא,050-6299084,ronit_assa@mod.gov.il
ביטחון פנים,מרב ליסובסקי,"5062720690, 02-5429906",meravl@mops.gov.il
משטרת ישראל,יפעת שקלר,050-6274682,Yifat.shklar@gmail.com
משטרת ישראל )עובדת עם יפעת(,חגית פריגר,,preger44@gmail.com
שירות בתי הסוהר,ניקול אנגלנדר,050-6279172; 08-9776759,Nicole@ips.gov.il
תקשורת,מירב שטרוסברג אלקבץ,050-6236203,strosbergm@moc.gov.il
שוויון חברתי,מיטל בן נון חן,"050-62-5263, 02-6547021",meitalb@mse.gov.il
העלייה והקליטה,דוד יאסו,050-6214601,davidy@moia.gov.il
הגנת הסביבה,טלי רוזנפלד,050-6233380,talir@sviva.gov.il
חוץ,קרן סליפקין,"02-5303526, 050-6203508",Keren.slifkin@mfa.gov.il
משרד המדע התרבות והספורט,מנאר גברין,050-6218353,Manarj@most.gov.il
תיירות,אפרת מאיר-גרומן,"02-6664345, 050-6214192",efratg@goisrael.gov.il
מבקר המדינה,צביקה אוהל,506232973,zvika_o@mevaker.gov.il
משרד האנרגיה,יערה גלבוע אייל,,Yaarag@energy.gov.il
פיתוח הפריפריה הנגב והגליל,רחלי חלפון,03-6060713  050-6286997,rachelha@png.gov.il
הכנסת,יהודה תמר,050-6211838,yehudat@knesset.gov.il
בית הנשיא,סוזי שאלוף,050-6208712,suzis@president.gov.il
