שם המעבדה,נושא,נושא משני,שם המנהל,דואר אלקטרוני,עיר,רחוב,מספר בניין,מיקוד,מספר טלפון,מספר פקס,הערות
" מעבדות מרכזיות לבריה""צ ירושלים - משרד הבריאות",,פרזיטולוגיה,"ד""ר אסתר מרוא",esther.marva@eliav.health.gov.il,ירושלים,אליאב יעקב,9,91342,02-6551820,02-6551866,פרזיטולוגיה שעלת ודיפטריה	
LEM - מעבדה לגילוי מוקדם,פתולוגיה,,"ד""ר ליטיציה שריבר",admin@lem-lab.com,נס ציונה ,ספיר פנחס,7,,08-9380770,08-9389783,
אל קודס,רפואה כללית,,"ד""ר ואהיל סיאג'",Siag_wail@yahoo.com,ירושלים,סולטן סולימאן,5,,02-6274403 ,02-6274403,מזרח ירושלים
אסותא השלום,פוריות,זרע,אירנה גלס,irenag@assuta.co.il,תל אביב - יפו,אלון יגאל,96,,"03-7643064
",03-7643285,
אסותא ראשון ,פוריות,IVF,"ד""ר פבל איציקסון",pasha1408@gmail.com,ראשון לציון,מזל אליעזר,13,,"03-7643440
",03-7643442 ,
אסותא תל-אביב,רפואה כללית,ביוכימיה; המטולוגיה כללית,תמי יעקובוביץ,tami@assuta.com,תל אביב - יפו,הברזל,20,,"03-7645131 
",03-7645139 ,רמת החייל
אסף הרופא,גנטיקה,ציטוגנטיקה,"ד""ר מאיה משביץ",,באר יעקב ,צריפין,,70300,08-9779745,08-9778212,
אסף הרופא,בנק דם,בנק דם,"ד""ר רחימי לוין נעמי",nrlevene@asaf.health.gov.il,באר יעקב ,צריפין,,70300,"08-9778225 
",08-9779775,
אסף הרופא,גנטיקה,גנטיקה כללית; גנטיקה מולקולרית,"ד""ר דפנה צ'פמן שמשוני ",Reish@asaf.health.gov.il,באר יעקב ,צריפין,,70300,08-9779617,08-9778212 ,
אסף הרופא,מיקרוביולוגיה,בקטריולוגיה,"ד""ר לזרוביץ ציליה",TziliaL@asaf.health.gov.il,באר יעקב ,צריפין,,70300,08-9779863,08-9779865,"	

"
אסף הרופא,פוריות,IVF,"ד""ר שטרסבורג דבורה",dvoras@asaf.health.gov.il,באר יעקב ,צריפין,,70300,08-9779005,,"	
"
אסף הרופא,גנטיקה,גנטיקה מולקולרית,"ד""ר אסנת גרח יהושע",ShoshanaP@asaf.health.gov.il,באר יעקב ,צריפין,,70300,08-9778385 ,08-9778218 ,
אסף הרופא,המטולוגיה,המטולוגיה כללית; קרישת דם,"ד""ר אסנת גרח יהושע",ShoshanaP@asaf.health.gov.il,באר יעקב ,צריפין,,70300,08-9778385,08-9778218," 	
	
	
"
אסף הרופא,פרמקולוגיה וטוקסיקולוגיה,,"ד""ר עדינה בר חיים",adinab@asaf.health.gov.il,באר יעקב ,צריפין,,70300,08-9779897,08-9779898,"	
	
	
"
אסף הרופא ,ביוכימיה,אנדוקרינולוגיה; ביוכימיה; פרמקולוגיה,"ד""ר עדינה בר חיים ",adinab@asaf.health.gov.il,באר יעקב ,צריפין,,70300,"08-9779897
  

",08-9779898,
בני ציון,אימונולוגיה,אימונולוגיה קלינית,פרופ' טובי אליאס,ias.toubi@b-zion.org.il	,חיפה,שד גולומב אליהו,47,,04-8359961,,
בני ציון ,ביוכימיה,ביוכימיה,"ד""ר מאור אירית",,חיפה,שד גולומב אליהו,47,31048,"04-8359211
",,
בני ציון ,פוריות,זרע,"ד""ר גניה זיסקינד",genia.ziskind@b-zion.org.il,חיפה,שד גולומב אליהו,47,31048,04-8359095,04-8359289,
בני ציון,פוריות,IVF,"ד""ר גניה זיסקינד",genia.ziskind@b-zion.org.il,חיפה,שד גולומב אליהו,47,31048,04-8359359,,"	

"
בני ציון - המטולוגיה,המטולוגיה,המטולוגיה כללית,"ד""ר אטיאס דינה",a.attias@b-zion.org.il,חיפה,שד גולומב אליהו,47,31048,  04-8359715   ,,
בני ציון ,בנק דם,בנק דם,"ד""ר אטיאס דינה",a.attias@b-zion.org.il,חיפה,שד גולומב אליהו,47,,04-8359715 ,,
בני ציון ,מיקרוביולוגיה,מיקרוביולוגיה קלינית,פרופ' יצחק סרוגו,isaac.srugo@b-zion.org.il,חיפה,שד גולומב אליהו,47,31048,04-8359638,,
בני ציון,גנטיקה,גנטיקה מולקולרית,"ד""ר ורדית אדיר",vardit.adir@b-zion.org.il,חיפה,שד גולומב אליהו,47,31048,"04-8359850,
04-8359851",04-8359849,"מכון שמעון וינטר לגנטיקה של האדם	
	
	
	

"
ברזילי ,מיקרוביולוגיה,בקטריולוגיה,"ד""ר אליסיה אמבון",embon@barzi.health.gov.il,אשקלון,ההסתדרות,2,78278,08-6745492,08-6745176,
ברזילי,המטולוגיה,המטולוגיה כללית,"ד""ר דורית אהרוני",,אשקלון,ההסתדרות,2,78278,08-6745910,08-6745740,"המטולוגיה כללית וקרישת דם 	

"
ברזילי,ביוכימיה,ביוכימיה קלינית,"ד""ר שלמה פייטלוביץ",shlomof@barzi.health.gov.il,אשקלון,ההסתדרות,2,78278,08-6745493,08-6745176,"ביוכימיה קלינית, אנדוקרינולוגיה ופרמקולוגיה"
ברזילי ,בנק דם,בנק דם,"ד""ר יוסף ברשאי ",brzgil@barzi.health.gov.il,אשקלון,ההסתדרות,2,78278,08-6745795,08-6745132,
ברזילי - היסטופתולוגיה,פתולוגיה,פתולוגיה,"ד""ר אלחנדרו ליבוף",alejandrol@barzi.health.gov.il,אשקלון,ההסתדרות,2,78278,08-6745576,08-6745741,"היסטופתולוגיה	
	
	
"
גלה-און - כרמיאל,פוריות,זרע,"ד""ר שלום בר עמי",sgyss1@gmail.com,כרמיאל,החרושת,48,3467722,04-8444498,04-8246642,
גליל מערבי ,,אנדוקרינולוגיה; ביוכימיה,"ד""ר תמר סתם",tamara.snitkovsky@naharia.health.gov.il,נהריה,,,22100,"04-9107755


",04-9107031 ,
גליל מערבי,גנטיקה,ציטוגנטיקה,"ד""ר ציפורה פליק-זכאי",tzipora.falik@naharia.health.gov.il,נהריה,,,22100,04-9107493,04-9107553,"
"
גליל מערבי,מיקרוביולוגיה,בקטריולוגיה; וירולוגיה,"ד""ר שפרה סלע",Shifra.Sela@naharia.health.gov.il,נהריה,,,22100,04-9107769,04-9107556,
גליל מערבי,"המטולוגיה, בנק דם",בנק דם; המטולוגיה כללית; קרישת דם,אתי שאול,judith.chezar@naharia.health.gov.il,נהריה,,,22100,04-9107679,04-9107469,"ד""ר יהודית שזר יצאה לפנסיה במקומה 	
	
"
גליל מערבי,גנטיקה,גנטיקה כללית; גנטיקה מולקולרית,"ד""ר ציפורה פליק-זכאי ",tzipora.falik@naharia.health.gov.il,נהריה,,,22100,04-9107493,04-9107553,
הדסה הר הצופים,מיקרוביולוגיה,בקטריולוגיה,פרופ' בלוק קולין,,ירושלים,הר הצופים,,,02-6776543,02-6419545,
הדסה הר הצופים,פוריות,IVF,פרופ' הורביץ אריה,ARYEH@HADASSAH.ORG.IL,ירושלים,הר הצופים,,53042,02-5844195,02-5844988,"	
"
הדסה הר הצופים,ביוכימיה,,פרופ' עבד חיג'אזי,higazi@hadassah.org.il,ירושלים,הר הצופים,,,02-6776673,02-6435778,
הדסה הר הצופים,המטולוגיה,,דר' מארק לוין	,MOSHEM@HADASSAH.ORG.IL,ירושלים,הר הצופים,,,02-5844760,02-5827611,
הדסה הר הצופים,בנק דם,בנק דם,דר' אורלי זליג	,orlz@hadassa.org.il,ירושלים,הר הצופים,,,02-6776047,,
הדסה הר הצופים,פתולוגיה,היסטולוגיה; ציטולוגיה,פרופ' אלי פיקארסקי,oritb@hadassah.org.il,ירושלים,הר הצופים,,,02-6758207,02-6776130,
הדסה עין כרם ,מיקרוביולוגיה,בקטריולוגיה,פרופ' בלוק קולין,,ירושלים,קרית הדסה,,,02-6776542,02-6419545,
הדסה עין כרם,פוריות,IVF,"ד""ר טליה מרדכי דניאל",talyamo@hadassah.org.il,ירושלים,קרית הדסה,,,02-6777619,02-6433337,
הדסה עין כרם,המטולוגיה,המטולוגיה כללית,"ד""ר דבורה פילון",filon@hadassah.org.il,ירושלים,קרית הדסה,,,02-6776772,02-6423067,
הדסה עין כרם,פרמקולוגיה וטוקסיקולוגיה,,פרופ' יוסף קרקו,blotnick@hadassah.org.il,ירושלים,קרית הדסה,,,02-6778584,02-6778088,"	

"
הדסה עין כרם,גנטיקה,,דר' שושנה ישראל,israels@hadassah.org.il,ירושלים,קרית הדסה,,,02-6777801,02-6422403,"		
	
"
הדסה עין כרם,רפואה כללית,,פרופ' עבד חיג'אזי,higazi@hadassah.org.il,ירושלים,קרית הדסה,,,02-6776673,02-6435778,"		
	

"
הדסה עין כרם	 - המעבדה לנוירוגנטיקה,גנטיקה,גנטיקה כללית,דר' חנה רוזנמן,rosenman@hadassah.org.il,ירושלים,קרית הדסה,,,02-6776954,,"	
"
הדסה עין כרם	,בנק דם,בנק דם,דר' אורלי זליג	,orlz@hadassa.org.il,ירושלים,קרית הדסה,,,02-6776050,02-6776799,
הדסה עין כרם	,מיקרוביולוגיה,וירולוגיה,פרופ' דנה וולף,wolfd@md.huji.ac.il,ירושלים,קרית הדסה,,,02-6778570,02-6437921,
הדסה עין כרם	,גנטיקה,ציטוגנטיקה,"ד""ר איילה פרומקין ",frumkin@hadassah.org.il,ירושלים,קרית הדסה,,,02-6776932,,"ירושלים


"
הדסה עין כרם	,ביוכימיה,,דר' ר.נשר,rafael.nesher@huji.ac.il,ירושלים,קרית הדסה,,,02-6776787,02-6437940,"		
"
הדסה עין כרם	,אימונולוגיה,,פרופ' מאיר שליט,michalh@hadassah.org.il,ירושלים,קרית הדסה,,,02-6778028,02-6777394,
הדסה עין כרם	,גנטיקה,המטולוגיה כללית,פרופ' אריאלה אופנהיימר,filon@hadassah.org.il,ירושלים,קרית הדסה,,,02-6776772,02-6423067,"	
		

"
הדסה עין כרם	,פתולוגיה,,פרופ' אלי פיקארסקי,oritb@hadassah.org.il,ירושלים,קרית הדסה,,,02-6758207,02-6776130,
הדסה עין כרם	,אימונולוגיה,אימונולוגיה קלינית; סיווג רקמות,דר' שושנה ישראל,israels@hadassah.org.il,ירושלים,קרית הדסה,,,02-6777801,02-6422403,
הלל יפה,ביוכימיה,ביוכימיה,גב' יאנה טל,yanat@hy.health.gov.il,חדרה,,,,04-6304350,04-6304772,"	
	
"
הלל יפה,מיקרוביולוגיה,בקטריולוגיה,"ד""ר שרית פריימן",bact_lab@hy.health.gov.il,חדרה,,,,04-6304365,04-6304772,"	
	
"
הלל-יפה,פוריות,IVF,דר' מיכאלה מדיאה,Medeia_michaeli@yahoo.com,חדרה,,,,04-6304751,04-6304842,"	

"
הלל-יפה,פתולוגיה,,"ד""ר גרויסמן גבריאל",groismen@hy.health.gov.il,חדרה,,,,04-6304627,,
הלל-יפה,המטולוגיה,המטולוגיה כללית; קרישת דם,דר' מענית שפירא,maanit@hy.health.gov.il,חדרה,,,,04-6304344,04-6304772,"	

"
הלל-יפה,בנק דם,בנק דם,דר' ארבוב לאה,arbov@hy.health.gov.il,חדרה,,,,04-6304351,04-6304772,
המכון לרפואה משפטית,גנטיקה,ביולוגיה מולקולרית,"ד""ר מיה פרויינד",maya.freund@forensic.haelth.gov.il,תל אביב - יפו,דרך בן צבי,67,61085,03-5127878,03-5127835,"	
	
	

"
העמק עפולה,המטולוגיה,פרזיטולוגיה,"ד""ר לוציה זלמן",luci_z@clalit.org.il,עפולה,,,18101,04-6495417,04-8141517,"	

"
העמק עפולה,פתולוגיה,היסטולוגיה,מגר' שולמית גואז (שולה),goez_s@clalit.org.il,עפולה,,,18101,04-6494378,04-6495400,
העמק עפולה,גנטיקה,גנטיקה כללית; גנטיקה מולקולרית,"ד""ר מוראד חיאט",morad_kh@clalit.org.il,עפולה,,,,04-6495220,04-8141538,"	
		
"
העמק עפולה,ביוכימיה,ביוכימיה; ביוכימיה קלינית,"ד""ר נטע שוורץ",netta_sh@clalit.org.il,עפולה,,,18101, ,04-8141517,"04-6495414
		

"
העמק עפולה,אימונולוגיה,אימונולוגיה קלינית,"ד""ר ראול קולודנר",colodner_ra@clalit.org.il,עפולה,,,18101,04-6494380,04-6495184,"		

"
העמק עפולה,מיקרוביולוגיה,בקטריולוגיה; מיקרוביולוגיה קלינית,"ד""ר יורם כנס",keness@clalit.org.il,עפולה,,,18101,04-6495587,04-8141519," 	
	
	

"
העמק עפולה,,אנדוקרינולוגיה,"ד""ר ראול קולודנר",colodner_ra@clalit.org.il,עפולה,,,18102,04-6494380,04-8141517,"	
"
הרצליה מדיקל סנטר - אמריקן מדיקל לבורטוריס,רפואה כללית,בנק דם; ביוכימיה; המטולוגיה כללית; מיקרוביולוגיה,"ד""ר משה ברזילי",dr.barzilay@aml.co.il,הרצליה,רמת ים,7,46851,09-9568634,09-9578810,"	


"
וולפסון,ביוכימיה,ביוכימיה,"ד""ר מרים מנגד",mirim@Wolfson.Health.gov.il,חולון ,הלוחמים,62,,03-5028545,03-5028369,
וולפסון,המטולוגיה,המטולוגיה כללית; קרישת דם,"ד""ר ליכמן אינה",inna@Wolfson.Health.gov.il,חולון ,הלוחמים,62,,03-5028773,03-5028553,"		


"
וולפסון,מיקרוביולוגיה,בקטריולוגיה; מיקרוביולוגיה קלינית,גב' שוורץ אורנה,Ornas@Wolfson.Health.gov.il,חולון ,הלוחמים,62,,03-5028552,03-5028553,"	
	
	
"
זיו -רבקה זיו,,ביוכימיה קלינית,"ד""ר בוקובצקי אלנה",elena.b@ziv.health.gov.il,צפת ,"בי""ח רבקה זיו",,13100,04-6828845,04-6828851,
זיו -רבקה זיו,גנטיקה,המטולוגיה כללית,"ד""ר יפעת צבעוני",yifat.z@ziv.health.gov.il,צפת,"בי""ח רבקה זיו",,13100,04-6828848,04-6828851,"	
	 	
	
	

"
זיו -רבקה זיו,בנק דם,בנק דם,"ד""ר יפעת צבעוני",yifat.z@ziv.health.gov.il,צפת,"בי""ח רבקה זיו",,13100,04-6828846,04-6828851,
יוספטל,רפואה כללית,בנק דם; בקטריולוגיה,"ד""ר דפנה ליפינסקי",yodafnali@clalit.org.il,אילת,"בי""ח יוספטל",,,08-6358083,08-6355411,"
		

"
"כרמל (בי""ח ע""ש ליידי דיויס, הכרמל)",ביוכימיה,ביוכימיה; ביוכימיה קלינית,"ד""ר אנה זצר",annaze2@clalit.org.il,חיפה,,,34363,04-8250011,04-8343023,
"כרמל (בי""ח ע""ש ליידי דיויס, הכרמל)",אימונולוגיה,אימונולוגיה קלינית,פרופ' ניצה להט,lahat_nitza@clalit.org.il,חיפה,,,34363,04-8250668,04-8250468,
"כרמל (בי""ח ע""ש ליידי דיויס, הכרמל)",מיקרוביולוגיה,בקטריולוגיה,"ד""ר פנינית שקד משען",pninitsm@clalit.org.il,חיפה,,,34363,04-8250456,04-8250129,"	
	



	
	

"
"כרמל (בי""ח ע""ש ליידי דיויס, הכרמל)",בנק דם,בנק דם,רבקה שורוק	,rivka_sorek2@clalit.org.il,חיפה,,,34363,04-8250444,04-8250893,
"כרמל (בי""ח ע""ש ליידי דיויס, הכרמל)",גנטיקה,גנטיקה כללית; גנטיקה מולקולרית,"ד""ר פלביו לבקוביץ",lejbkowicz_flavio@clalit.org.il,חיפה,,,34363,04-8250609,04-8344358,"מרכז ארצי לבקרת סרטן של שרב""כ"
"כרמל (בי""ח ע""ש ליידי דיויס, הכרמל)",המטולוגיה,המטולוגיה כללית,"ד""ר עליזה קסל ",cassel_aliza@clalit.org.il,חיפה,,,34363,04-8250751,04-8250751,"	
	
	
	
	
	
	
"
"כרמל (בי""ח ע""ש ליידי דיויס, הכרמל)",גנטיקה,גנטיקה כללית; גנטיקה מולקולרית,"ד""ר פואד פארס",fares@clalit.org.il,חיפה,,,34363,"04-8250407  
04-8250920",04-8250976,
"כרמל (בי""ח ע""ש ליידי דיויס, הכרמל)",פוריות,IVF,"ד""ר שירלי להב",lahav_shirly@clalit.org.il,חיפה,,,34362,04-8250335,04-8250680,"
	
"
לניאדו,מיקרוביולוגיה,מיקרוביולוגיה קלינית,"ד""ר יוסף גליק",jglick@laniado.org.il,נתניה ,דברי חיים,16,42150,09-8604799,09-8609520,"קרית צ'אנז	
	

	"
לניאדו,רפואה כללית,בנק דם,"ד""ר יוסף גליק",jglick@laniado.org.il,נתניה ,דברי חיים,16,42150,09-8604799,09-8609520,"קרית צ'אנז
	
	

"
"מאיר (מרכז רפואי ע""ש ספיר, מאיר)",פוריות,IVF,"ד""ר יהודית גטלר",yghetler@comtec.co.il,כפר סבא ,טשרניחובסקי,,44281,09-7472241,59,
"מאיר (מרכז רפואי ע""ש ספיר, מאיר)",ביוכימיה,אנדוקרינולוגיה,"ד""ר גלוריה רשיד",gloriar@clalit.org.il,כפר סבא ,טשרניחובסקי,59,44281,,09-7472369,"	
	
	
"
"מאיר (מרכז רפואי ע""ש ספיר, מאיר)",גנטיקה,גנטיקה כללית; ציטוגנטיקה,פרופ' עליזה עמיאל,amielaliza@clalit.org.il,כפר סבא ,טשרניחובסקי,59,44281,09-7472220,09-7472369,"
		
"
"מאיר (מרכז רפואי ע""ש ספיר, מאיר)",המטולוגיה,המטולוגיה כללית; קרישת דם,"ד""ר טלי תוהמי ",gloriar@clalit.org.il,כפר סבא ,טשרניחובסקי,59,44283,09-7472374,09-7472369,"
"
"מאיר (מרכז רפואי ע""ש ספיר, מאיר)",מיקרוביולוגיה,בקטריולוגיה,"ד""ר יוסי פייטן",yossi.paitan@clalit.org.il,כפר סבא ,טשרניחובסקי,59,44282,09-7472371,09-7472369,"	
	
"
"מאיר (מרכז רפואי ע""ש ספיר, מאיר)",ביוכימיה,ביוכימיה; ביוכימיה קלינית,"ד""ר גלוריה רשיד ",dganiti@clalit.org.il,כפר סבא ,טשרניחובסקי,59,44281,"09-7472552 
09-7472529",09-7472369,"	
	
	
"
"מאיר (מרכז רפואי ע""ש ספיר, מאיר)",פתולוגיה,,"ד""ר דבורה קדרון",dkidron@clalit.org.il,כפר סבא ,טשרניחובסקי,59,44281,09-7472418,09-7571315,
מגן בעדי,גנטיקה,פרזיטולוגיה,פרופ' דבורה אבליוביץ,Dvorah@cc.hugi.ac.il,,,,,02-6499888,02-6499889,"קרית המדע  6	

	
	
"
מגן דוד אדום,בנק דם,בנק דם,פרופ' אילת שינער,eilats@mdais.co.il,רמת גן,תל השומר,,52621,03-5300400,03-5300500,"
	

"
מדיקל סנטר לבורטוריס AMC,רפואה כללית,איידס (HIV),"ד""ר רחל  סגל	",rsegall@bezeqint.net,נווה ים,הנחשול,30,,03-9611124,03-9631637,"		
	

"
"מעבדה לבריה""צ ע""ש פליקס אבו כביר - משרד הבריאות",מיקרוביולוגיה,בקטריולוגיה; מיקרוביולוגיה קלינית,"ד""ר אפרת רורמן",Efrat.rorman@phlta.health.gov.il,תל אביב - יפו,דרך בן צבי,69,61082,03-5158686,03-6826996,"		

"
"מעבדה מחוזית לבריה""צ באר-שבע - משרד הבריאות",אימונולוגיה,אימונולוגיה קלינית,גב' אלזה דייצמן,elza.daichman@bsh.HEALTH.GOV.IL,באר שבע,שלשת בני עין חרוד,98,8401,08-6233842,08-6239862,"פינת רמב""ם
	
אימונולוגיה, סרולוגיה	
"
מעבדה מרכזית לנגיפים - משרד הבריאות,מיקרוביולוגיה,וירולוגיה; מיקרוביולוגיה קלינית,פרופ' אלה מנדלסון,Ella.Mendelson@sheba.health.gov.il,רמת גן,תל השומר,,,"03-5302421
03-5302388","03-5350436, 03-5302457","מרכז רפואי שיבא, תל השומר
	"
"מעבדות ד""ר יונה ברק - ראש העין",פוריות,זרע,"ד""ר יונה ברק",barak_yp@017.net.il,ראש העין,אילנות,13,48570,03-9384177,03-9384178,"	
"
"מעבדות מרכזיות לבריה""צ ירושלים - משרד הבריאות",מיקרוביולוגיה,ביולוגיה מולקולרית; מיקרוביולוגיה קלינית,"ד""ר לאה ולינסקי",lea.valinsky@eliav.health.gov,ירושלים,אליאב יעקב,9,91342,02-6551809,02-6551801,"מיקורביולוגיה מולקולרית של פתוגנים
		
"
מעייני הישועה,ביוכימיה,אנדוקרינולוגיה; ביוכימיה,עירית קרמר	,labs@mhmc.co.il,בני ברק,הרב פוברסקי,17,,03-5771211,03-5771122,"
	
	"
מרכז בריאות האישה רמת אביב,פוריות,זרע,"ד""ר רות וייסברג",info@briuthaisha.co.il,תל אביב - יפו,ברודצקי,43,69052,03-6421511,03-6424019,
סוראסקי  (איכילוב),בנק דם,בנק דם,"ד""ר מרה הראובני",,תל אביב - יפו,ויצמן,6,64239,03-6973473,03-6974966,
סוראסקי  (איכילוב),מיקרוביולוגיה,וירולוגיה,"ד""ר בועז אבידור",boaza@tasmac.health.gov.il,תל אביב - יפו,ויצמן,6,64239,03-6973968,03-6974866,"נגיפים, ביולוגיה מולקולרית, וירולוגיה	
"
סוראסקי  (איכילוב),מיקרוביולוגיה,בקטריולוגיה,"ד""ר דוד שוורץ",mberger@post.tau.ac.il,תל אביב - יפו,ויצמן,6,64239,03-6973266-3,03-6973663," 	
	
	
"
סוראסקי  (איכילוב),פוריות,זרע,פרופ' לאה יוגב,lyogev@tasmac.health.gov.il,תל אביב - יפו,ויצמן,,64239,03-6925695,03-6925696,
סוראסקי  (איכילוב),פתולוגיה,היסטולוגיה; ציטולוגיה,"ד""ר אבי איזנטל",avie@tlvmc.gov.il,תל אביב - יפו,ויצמן,,64239,03-6974645,03-6974648,"	
"
סוראסקי  (איכילוב),אימונולוגיה,אלרגולוגיה,פרופ' ליזי פיירמן,lizif@tasmc.health.gov.il,תל אביב - יפו,ויצמן,6,64239,03-6973988,03-6974264,	
סוראסקי  (איכילוב)	,אימונולוגיה,אימונולוגיה קלינית,גב' מרגלית בלייברג,margalitb@tasmac.health.gov.il,תל אביב - יפו,ויצמן,6,64239,03-6973834,03-6974866,"	
	
"
סורוקה,פתולוגיה,היסטולוגיה; ציטולוגיה,"ד""ר רותי שאקו לוי",rutsh@clalit.org.il,באר שבע,שד בן גוריון,,84101,"08-6403446
",08-6232770,"	
	"
סורוקה - מכון פתולוגי,פתולוגיה,,"ד""ר נטלי אייזנברג",natalieai@clalit.org.il,באר שבע,שד בן גוריון,,84101,"08-6400347
",08-6232770,
סורוקה,פוריות,זרע,"ד""ר איריס הר-ורדי",irisa3@clalit.org.il,באר שבע,שד בן גוריון,,84101,08-6403054,08-6400454,"	

"
סורוקה,פוריות,IVF,"ד""ר איריס הר-ורדי",irisa3@clalit.org.il,באר שבע,שד בן גוריון,,84101,08-6403054,08-6400454,
סורוקה,מיקרוביולוגיה,מיקרוביולוגיה קלינית; פרזיטולוגיה,"ד""ר אורלי שגיא",orlisa@clalit.org.il,באר שבע,שד בן גוריון,,84101,08-6400899,08-6244126,"	
	
"
סורוקה,גנטיקה,גנטיקה כללית; גנטיקה מולקולרית,"ד""ר אסתר מנור",EsterM@clalit.org.il,באר שבע,שד בן גוריון,,84101,08-6400851,08-6403934,"	
	

"
סורוקה,גנטיקה,גנטיקה כללית; ציטוגנטיקה,"ד""ר אסתר מנור",EsterM@clalit.org.il,באר שבע,שד בן גוריון,,84101,08-6400258,08-6400042,"
	
	"
סורוקה,מיקרוביולוגיה,וירולוגיה; מיקרוביולוגיה קלינית,"ד""ר יונת שמר",YonatSA@clalit.org.il,,,,84101,08-6403133,08-6244221,"	

	
		
"
סורוקה,המטולוגיה,המטולוגיה כללית; קרישת דם,"ד""ר מייק קפקה",MikeK2@CLALIT.org.il,באר שבע,שד בן גוריון,,84101,"08-6400092
08-6400417",08-6403548,	
סורוקה,מיקרוביולוגיה,בקטריולוגיה; מיקרוביולוגיה קלינית,פרופ' פבלו זגופסקי,PabloY@clalit.org.il,באר שבע,שד בן גוריון,,84101,"08-6400507
08-6403320",08-6403541,"	
	
	
"
סורוקה,בנק דם,בנק דם,גב' פליישר סטלה,stelaf@clalit.org.il,באר שבע,שד בן גוריון,,84101, 08-6403204,08-6400689,"	
	
"
סורוקה,ביוכימיה,ביוכימיה; ביוכימיה קלינית,"ד""ר מירב כהן להב",meravcl@clalit.org.il,באר שבע,שד בן גוריון,,84101,"08-6400445
08-6403424",08-6400460,"

	
"
סורוקה,מיקרוביולוגיה,אימונולוגיה קלינית; מיקרוביולוגיה קלינית,פרופ' רחל לוי,rachelle@clalit.org.il,באר שבע,שד בן גוריון,,84101,08-6403186,08-6281361,"
	
	
"
סורוקה,ביוכימיה,אנדוקרינולוגיה; ביוכימיה; ביוכימיה קלינית,גב' אמילי בוסין,EmilyB@clalit.org.il,באר שבע,שד בן גוריון,,84101,08-6400349,08-6400115,"	
	
"
סורוקה,פוריות,IVF,"ד""ר איריס הר-ורדי",irisa3@clalit.org.il,באר שבע,שד בן גוריון,,84101,08-6400291,08-6403057,
סנט ג'וזף,רפואה כללית,פרזיטולוגיה,"ד""ר שהאין יוסף - לובנה עבד לטיף",jshaheen@stjoseph.cc,ירושלים,שיח ג'ראח,,91192,02-5911911,02-5911903,
"ספרמה בע""מ",פוריות,זרע,פרופ' בנימין ברטוב,sperma@male-fetility.net,גבעת שמואל,אורנים,1,54052,"03-5320770
03-5320789",03-5320593,
פוריה,פוריות,IVF,אורית רדין,oradin@poria.health.gov.il,טבריה,,,15208,04-6652489,04-6652528,
פוריה,רפואה כללית,ביוכימיה; המטולוגיה כללית; מיקרוביולוגיה,"ד""ר טאלב חג'וג'",Thajouj@poria.health.gov.il,טבריה,,,15208,04-6652294,04-6652531,ד.נ. גליל תחתון
"פוריות הגבר ראשל""צ",פוריות,זרע,"ד""ר פבל איציקסון",pasha1408@gmail.com,ראשון לציון,סחרוב דוד,17,,050-7214723,,
"פוריות ראשל""צ",פוריות,זרע,מגר' מוניקה אלפר (אלה סגל)	,monicaporiut@013.net,ראשון לציון,לשינסקי,1,,03-9522778,03-7363288,"א.ת, ראשל""צ	
	
	
"
"פתו-לאב דיאגנוסטיקה בע""מ",פתולוגיה,ציטולוגיה;#היסטולוגיה,"ד""ר שרית אביאל רונן",sarit@patho-lab.com,נס ציונה ,אינשטיין,22,70400,08-9407319,08-9409485,
"קופ""ח כללית - מחוז חיפה וגליל מערבי",רפואה כללית,,"ד""ר מירה ברק",miram@clalit.org.il,נשר,התעשייה,47,,04-8209093,04-8209094,
"קופ""ח כללית - מחוז חיפה וגליל מערבי - נשר",המטולוגיה,המטולוגיה כללית; קרישת דם,"ד""ר מירה ברק ",miraba@clalit.org.il,נשר,התעשייה,47,,04-8209050,04-8209029,
"קופ""ח כללית - מחוז חיפה וגליל מערבי - נשר",ביוכימיה,אימונולוגיה קלינית; ביוכימיה קלינית,"ד""ר קלרה הינג",klarahe@clalit.org.il,נשר,התעשייה,47,,04-8209003,04-8209042,
"קופ""ח כללית - מחוז חיפה וגליל מערבי - נשר",מיקרוביולוגיה,בקטריולוגיה; מיקולוגיה; פרזיטולוגיה,"ד""ר שפרה קן-דרור",shifrake@clalit.org.il,נשר,התעשייה,47,,04-8209060,04-8209074,
"קופ""ח כללית - מחוז חיפה וגליל מערבי - נשר	 - אנדוקרינולוגיה","ביוכימיה, חלבון עוברי",אנדוקרינולוגיה,גב' שניידר יוליה,yuliash@clalit.org.il,נשר,התעשייה,47,,04-8209030 ,04-8209013,
"קופ""ח כללית- מעבדה מרכזית",ביוכימיה,ביוכימיה קלינית,"ד""ר יהושע תומר ורדי",tomerva@clalit.org.il,תל אביב - יפו,קרית עתידים,בנין 12,61581,03-7687406,03-7687490,
"קופ""ח כללית- מעבדה מרכזית",המטולוגיה,פרזיטולוגיה,"ד""ר מלכה אוקון",MalkaOk@clalit.org.il,תל אביב - יפו,קרית עתידים,בניין 12,61581,03-7687409,03-7687490,
"קופ""ח כללית- מעבדה מרכזית",חלבון עוברי,אנדוקרינולוגיה,"ד""ר מירה מנור",miram@clalit.org.il,תל אביב - יפו,קרית עתידים,בניין 12,61581,03-7687477/07,03-7687490,
"קופ""ח כללית- מעבדה מרכזית",מיקרוביולוגיה,בקטריולוגיה; מיקרוביולוגיה קלינית,גב' שולמית לוונטל,Shulamit@clalit.org.il,תל אביב - יפו,קרית עתידים,בניין 12,61581,03-7687477,03-7687490,
"קופ""ח כללית- מעבדה מרכזית",אימונולוגיה,אימונולוגיה קלינית,"ד""ר רונית וינברג",Ronitw@clalit.org.il,תל אביב - יפו,קרית עתידים,בניין 12,61581,03-7687408,03-7687490,
"קופ""ח כללית- מעבדה מרכזית",ביוכימיה,אנדוקרינולוגיה,"ד""ר מירה מנור",miram@clalit.org.il,תל אביב - יפו,קרית עתידים,בניין 12,61581,03-7687477,03-7687490,
"קופ""ח לאומית- מחוז צפון - מעבדה רפואית כללית",רפואה כללית,ביוכימיה; המטולוגיה כללית; מיקרוביולוגיה,"ד""ר נאוה בלומנפלד",nblumenfeld@leumit.co.il,חיהפ,בן יוסף שלמה,23,,04-8479260,04-8471703,
"קופ""ח לאומית- מעבדה מרכזית ",רפואה דחופה וטראומה,ביוכימיה; המטולוגיה כללית; מיקרוביולוגיה קלינית,גב' סימונה טוקאץ',stackacs@leumit.co.il,אור יהודה,שרון אריאל,3,,076-8889230,153-76-8889231,
"קופ""ח מאוחדת -  מעבדה מחוזית צפון ושומרון (נשר)",רפואה כללית,,שחר שי,shais@meuhedet.co.il,נשר,דרך בר יהודה,48,36602,04-8206001,04-8207762,
"קופ""ח מאוחדת - לוד",רפואה כללית,,"ד""ר ג'ורג' פרחגרוד",george.p@meuhedet.co.il,לוד,לב פסח,5,71293,08-9130403-4,08-9130401,
"קופ""ח מכבי - אשדוד ד' מוקד חרום",רפואה כללית,,"ד""ר רימלר גלית",rimler_g@mac.org.il,אשדוד,השייטים,12,,08-8549552,073-2132454,	
"קופ""ח מכבי - חיפה - מעבדת מוקד כרמל",רפואה כללית,,"ד""ר עזאיזה ריפעת",aziza_rif@mac.org.il,חיפה,חורב,15,,04-8280400,04-8400212,
"קופ""ח מכבי - מגהלאב - אימונולוגיה וסיווג רקמות",אימונולוגיה,אימונולוגיה קלינית;#סיווג רקמות,"ד""ר ליאה סופינו",supino_lia@mac.org.il,רחובות,פארק המדע,9,,08-9311493,08-9311530,
"קופ""ח מכבי - מגהלאב - פתולוגיה אבחנתית ",פתולוגיה,,"ד""ר עינב שניידמן",Shnaidman@mac.org.il,רחובות,פארק המדע,9,,08-9311606/7/8,08-9311620,
"קופ""ח מכבי - מגהלאב ",גנטיקה,גנטיקה מולקולרית,"ד""ר תמר שפירא כהן",Peso_r@mac.org.il,רחובות,פארק המדע,9,,08-9311603,08-9311614,	
"קופ""ח מכבי - מגהלאב",גנטיקה,ציטוגנטיקה,גב' רחלי ברגר,berger_r@mac.org.il,רחובות,פארק המדע,,,08-9311601,08-9311630,
"קופ""ח מכבי - מגהלאב - מיקרוביולוגיה קלינית",מיקרוביולוגיה,וירולוגיה; איידס (HIV),"ד""ר ליסטיה שרייבר",Shriber_l@mac.org.il,רחובות,פארק המדע,9,,08-9311492,08-9311530, 	
"קופ""ח מכבי - מגהלאב - מיקרוביולוגיה קלינית",מיקרוביולוגיה,בקטריולוגיה,"ד""ר מרים פריזדה",Taran_d@mac.org.il,רחובות,פארק המדע,9,,08-9311484,08-9311530	," 	
"
"קופ""ח מכבי - מגהלאב - המטולוגיה",המטולוגיה,המטולוגיה כללית; קרישת דם,"ד""ר זוהר קופף",,רחובות,פארק המדע,9,,08-9311410 ,,
"קופ""ח מכבי - מגהלאב",ביוכימיה,אנדוקרינולוגיה; ביוכימיה,"ד""ר ורדה נדלר",Nadler_v@mac.org.il,רחובות,פארק המדע,9,,08-9311491,08-9311530	, 			
"קופ""ח מכבי - מגהלאב",ביוכימיה,ביוכימיה; פרמקולוגיה,"ד""ר סנדרה אלבוים",Alboim_s@mac.org.il,רחובות,פארק המדע,,,08-9311406 ,, 	
"קופ""ח מכבי - פתח תקוה",רפואה כללית,,"ד""ר דניאלה כץ הדויג",katz_d@mac.org.il,פתח תקווה,שפיגל זוסיה,3,,"03-9392677
03-9392799",03-9392671,מוקד לבדיקות דחופות	
"קופ""ח מכבי, באר-שבע, מעבדה דחופה מרכז רפואי נגב קניון",רפואה כללית,המטולוגיה כללית,גב' פרידמן אורית,fridman_o@mac.org.il,באר שבע,התקווה,4,,08-6267335-7,08-6267364,"קרית הממשלה	
	

"
קפלן,פתולוגיה,פרזיטולוגיה,"ד""ר מוניקה הוסר",monica_h@clalit.org.il,רחובות,"בי""ח קפלן",,76100,08-9441539 ,08-9441572,
קפלן,מיקרוביולוגיה,פרזיטולוגיה,ריטה ברדנשטיין,Rita_B@clalit.org.il,רחובות,"בי""ח קפלן",,76100,08-9441535,08-9441572,
קפלן,אימונולוגיה,אימונולוגיה קלינית; אלרגולוגיה; איידס (HIV),ריטה בורדנשטיין,Rita_B@clalit.org.il,רחובות,"בי""ח קפלן",,76100,08-9441535,08-9441572,
קפלן,ביוכימיה,ביוכימיה קלינית,"ד""ר אבינועם כפתורי",Avinoam_K@clalit.org.il,רחובות,"בי""ח קפלן",,76100,08-9441534,08-9441572,
קפלן,גנטיקה,גנטיקה כללית; גנטיקה מולקולרית,"ד""ר אבינועם כפתורי",Avinoam_K@clalit.org.il,רחובות,"בי""ח קפלן",,76100,08-9441534,08-9441572,
רבין- בילינסון,גנטיקה,ציטוגנטיקה,"ד""ר רעות מטר",matarre@clalit.org.il,פתח תקווה,"בי""ח בילינסון",,49100,03-9376645/6,03-9376749,
רבין- בילינסון,ביוכימיה,ביוכימיה קלינית,"ד""ר שלומית ארליך ",Ruth@clalit.org.il,פתח תקווה,"בי""ח בילינסון",,49100,03-9376587,03-9376596,
רבין- בילינסון,ביוכימיה,פרזיטולוגיה,"ד""ר אריה ארמן",aerman@clalit.org.il,פתח תקווה,"בי""ח בילינסון",,49100,03-9376536,03-9376534,
רבין- בילינסון,גנטיקה,גנטיקה כללית,פרופ' באסל לינה,,פתח תקווה,"בי""ח בילינסון",,49100,"03-9377659
03-9377296-5",03-9377660,
רבין- בילינסון,ביוכימיה,ביוכימיה קלינית,פרופ' נילי שיינפלד,nschoenfeld@clalit.org.il,פתח תקווה,"בי""ח בילינסון",,49100,03-9377710,03-9377768,
רבין- בילינסון - פוריפריה,גנטיקה,אימונולוגיה קלינית; סיווג רקמות,"ד""ר תרזה קליין",TKlein@clalit.org.il,פתח תקווה,"בי""ח בילינסון",,49100,03-9376723,03-9376733,
רבין- בילינסון,אימונולוגיה,סיווג רקמות,"ד""ר תרזה קליין",TKlein@clalit.org.il,פתח תקווה,"בי""ח בילינסון",,49100,03-9376723,03-9376733,	
רבין- בילינסון,פתולוגיה,היסטולוגיה; ציטולוגיה,אלה קגנובסקי,Elak2@clalit.org.il,פתח תקווה,"בי""ח בילינסון",,49100,03-9376294,03-9376186,
רבין- בילינסון,פוריות,זרע,"ד""ר ענת שטיין",staina@clalit.org.il,פתח תקווה,"בי""ח בילינסון",,49100,03-9376641,03-9376643,
רבין- בילינסון,פוריות,IVF,"ד""ר אונית ספיר",osapir@clalit.org.il,פתח תקווה,"בי""ח בילינסון",,49100,03-9377558,03-9377605,
רבין- בילינסון,המטולוגיה,המטולוגיה כללית; קרישת דם,"ד""ר אסתר רביזדה",erabi@clalit.org.ill,פתח תקווה,"בי""ח בילינסון",,49100,03-9376634,03-9376648,
רבין- בילינסון,מיקרוביולוגיה,בקטריולוגיה; וירולוגיה; מיקולוגיה; פרזיטולוגיה,"ד""ר חיים בן צבי ",haimbe@clalit.org.il,פתח תקווה,"בי""ח בילינסון",,49100,03-9376725,03-9218466,
רבין- בילינסון,בנק דם,בנק דם,"ד""ר יעקב אורלין",jorlin@clalit.org.il,פתח תקווה,"בי""ח בילינסון",,49100,03-9376051,03-9377660,
רבין- בילינסון,אימונולוגיה,אימונולוגיה קלינית; אלרגולוגיה,"ד""ר אילן בבאי",yehuditm@clalit.org.il,פתח תקווה,"בי""ח בילינסון",,49100,03-9377704,03-9377705,
רבין השרון ,מיקרוביולוגיה,בקטריולוגיה,"ד""ר חן נגבה",rebeccaye@clalit.org.il,פתח תקווה,קרן קיימת לישראל,7,,03-9372474,03-9372567,
רבין השרון,המטולוגיה,פרזיטולוגיה,"ד""ר דורון לדרפיין",doronle@clalit.org.il,פתח תקווה,קרן קיימת לישראל,7,,03-9372354,03-9372567,
רבין השרון ,בנק דם,בנק דם,"ד""ר אורלין יעקב",jorlin@clalit.org.il,פתח תקווה,קרן קיימת לישראל,7,,03-9372205,03-9372643,
רבין השרון ,ביוכימיה,אנדוקרינולוגיה; ביוכימיה; פרמקולוגיה,"ד""ר נגבה חן חנוכה",negbahe@clalit.org.il,פתח תקווה,קרן קיימת לישראל,7,,03-9372351,03-9372567,
"רמב""ם",פוריות,IVF,"ד""ר ילנה מילנר",ilena.milner@gmail.com,חיפה,שד בת גלים,,31096,04-8543470,,
"רמב""ם",פוריות,זרע,מגר' דינה אמינפור,d_aminpour@rambam.health.gov.il,חיפה,שד בת גלים,,31096,04-8542507,04-8542579,
"רמב""ם",רפואה כללית,מיקרוביולוגיה קלינית,"ד""ר אטיאס יהודית",j_attias@rambam.health.gov.il,חיפה,שד בת גלים,,31096,04-8542437,,04-8543745
"רמב""ם - מעבדה המטולוגית",המטולוגיה,המטולוגיה כללית,"ד""ר גלית שריג",j_sarig@rambam.health.gov.il,חיפה,שד בת גלים,,31096,04-8542217,04-8542343,
"רמב""ם",ביוכימיה,ביוכימיה; ביוכימיה קלינית,"ד""ר אודיל קפלן",M_kaplan@rambam.health.gov.il,חיפה,שד בת גלים,,31096,04-8542622,04-8542409,
"רמב""ם",אימונולוגיה,אימונולוגיה קלינית; סיווג רקמות; איידס (HIV),רינה כץ,R_katz@rambam.health.gov.i,חיפה,שד בת גלים,,31096,04-8542373,04-8295245,
"רמב""ם",פתולוגיה,היסטולוגיה; ציטולוגיה,פרופ' עופר בן-יצחק,o_benitzhak@rambam.health.gov.il,חיפה,שד בת גלים,,31096,04-8542235,04-8542877,
"רמב""ם",בנק דם,בנק דם,"ד""ר לילך בורנשטיין",L_bonstein@rambam.health.gov.il,חיפה,שד בת גלים,,31096,04-8542052,04-8542905,
"רמב""ם",ביוכימיה,אנדוקרינולוגיה,רעיה גנדלמן,r_gendelman@rambam.health.gov.il,חיפה,שד בת גלים,,31096,04-8542665,04-8542746,
"רמב""ם",מיקרוביולוגיה,בקטריולוגיה; מיקולוגיה; פרזיטולוגיה,"ד""ר יובל גפן",y_geffen@rambam.health.gov.il,חיפה,שד בת גלים,,31096,04-8542876,04-8542087,	
"רמב""ם",מיקרוביולוגיה,וירולוגיה,"ד""ר ציפורה קרא-עוז",Z_kra_oz@rambam.health.gov.il,חיפה,שד בת גלים,,31096,04-8542738,04-8542971,
שיבא,גנטיקה,אימונולוגיה קלינית;גנטיקה;סיווג רקמות,"ד""ר רוני לבנטל",Ron.Loewenthal@sheba.health.gov.il,רמת גן,תל השומר,,52621,03-5302829,03-5345964,
שיבא - מעבדה לביוכימיה קלינית (מטבולית),ביוכימיה,ביוכימיה קלינית,"ד""ר שולמית מסילתי",shlomit.mesilaty@sheba.health.gov.il,רמת גן,תל השומר,,52621,03-5302553,03-5302552,
שיבא - המעבדה העל אוטומטית,רפואה כללית,,"ד""ר רם דולמן",ram.doolman@sheba.health.gov.il,רמת גן,תל השומר,מרכז רפואי שיבא ,,"03-5302253
",03-5308160,
שיבא,אימונולוגיה,אימונולוגיה קלינית,"ד""ר מיכאל גורביץ",Michael.Gurevich@sheba.health.gov.il,רמת גן,תל השומר,,52621,03-5305785,03-5348186,
"שיבא - מכון גנטי ע""ש דנק",גנטיקה,גנטיקה מולקולרית,"ד""ר הדס להט ",Hadas.Lahat@sheba.health.gov.il,רמת גן,תל השומר,,52621,03-5302807,03-5302914,
שיבא,המטולוגיה,היסטולוגיה; קרישת דם,"ד""ר נורית רוזנברג",nuritros@sheba.health.gov.il	,רמת גן,תל השומר,,52621,03-5302105,03-5351568,
שיבא,גנטיקה,,"ד""ר שלמה אלמשנו",Shlomo.Almashanu@moh.health.gov.il,רמת גן,תל השומר,,52621,03-5302805,03-5358337,סקר ילודים	
שיבא,פרמקולוגיה וטוקסיקולוגיה,פרמקולוגיה קלינית,"ד""ר מיכל רוטנברג",michal.rotenberg@sheba.health.gov.il,רמת גן,תל השומר,,52621,03-5302073,03-5351596,
שיבא,מיקרוביולוגיה,וירולוגיה; מיקרוביולוגיה קלינית; איידס (HIV),פרופ' מרי בחנאשוילי,Bakhanus@yahoo.com,רמת גן,תל השומר,,5261,03-5304769,03-5303501,
שיבא,המטולוגיה,המטולוגיה כללית,"ד""ר נינט אמריליו",Ninette.Amariglio@sheba.health.gov.il,רמת גן,תל השומר,,52621,03-5302356/97,03-5303506,
שיבא,בנק דם,בנק דם,"ד""ר מטילדה מנדל",Mati.Mandel@sheba.health.gov.il,רמת גן,תל השומר,,52621,03-5304081,03-5303072,
שיבא,ביוכימיה,אנדוקרינולוגיה,"ד""ר חנה קנטי",Hannah.Kanety@sheba.health.gov.il,רמת גן,תל השומר,,52621,03-5302022,03-5302083,
שיבא,פוריות,IVF,"ד""ר מאשה ברינגאוז",Masha.Brengauz@sheba.health.gov.il,רמת גן,תל השומר,,52621,03-5348976,03-5302882,
שניידר מרכז רפואי לילדים,רפואה כללית,ביוכימיה; המטולוגיה כללית,"ד""ר ענת בן דור",anatbe4@clalit.org.il,פתח תקווה,קפלן אליעזר,14,49202,03-9253745,03-9271217,
שערי צדק,מיקרוביולוגיה,בקטריולוגיה; מיקולוגיה; פרזיטולוגיה,"ד""ר מרק עשוש",assousm@szmc.org.il,ירושלים,,,,02-6555123,02-6666823,
שערי צדק,ביוכימיה,אנדוקרינולוגיה; ביוכימיה קלינית,גב' נורית אלגור,nurit@szmc.org.il,ירושלים,,,,02-655078/9,02-6555717,
שערי צדק,בנק דם,בנק דם,"ד""ר מירה נעמד",Hani@szmc.org.il,ירושלים,,,,02-6555427,02-6555717,
שערי צדק,המטולוגיה,המטולוגיה כללית; קרישת דם,"ד""ר מירה נעמד",Hani@szmc.org.il,ירושלים,,,,02-6555427,02-6555717,
שערי צדק	,אימונולוגיה,אימונולוגיה קלינית,"ד""ר מרק עשוש",assousm@szmc.org.il,ירושלים,,,,02-6555123,02-6666823,סרולוגיה
