שם המוזאון,שם המנהל,מספר  טלפון,כתובת,כתובת מייל,כתובת אתר המוזאון
"בית אהרונסון – מוזאון נילי, זכרון יעקב",יואב אפרתי,04-6390120,המייסדים 40 זכרון יעקב 30950,nili@nili-museum.org.il,http://www.nili-museum.org.il/default.aspx
בית אוסישקין,ענת ניסים,04-6941704,קבוץ דן גליל עליון 12245,ussishkin@spni.org.il,http://www.datinet.co.il/1/usishkin
"בית המאירי, מוזאון ומכון לחקר תולדות היישוב היהודי בצפת",איל המאירי,04-6971307,"ת.ד. 1028 צפת, 13110",beit.hameiri@gmail.com,http://www.shimur.org/Beithameiri/
"בית חיים שטורמן – מוזאון ומכון לידיעת האזור, עין חרוד",עפרה ברעם,04-6533284,מ.א גלבוע 18120,shturman@en-harod.org,http://www.beit-shturman.co.il/he
בית טרזין – קרן להנצחת זכר חללי גטו טרזין,תמי קינברג,04-6369515,"גבעת חיים איחוד, ד.נ. עמק חפר 38935",tami@bterezin.org.il,http://www.bterezin.org.il
בית יגאל אלון – מרכז הנצחה,ערן שוורץ,04-6727700,קיבוץ גינוסר 14980,eranschwartz13@gmail.com,http://www.bet-alon.co.il
"בית לוחמי הגטאות ע""ש יצחק קצנלסון",יגאל כהן,04-9958080,ד.נ גליל מערבי 25220,vereda@gfh.org.il,http://www.gfh.org.il
"גן המדע ע""ש קלור","אסף צבן- מנכ""ל;
ד""ר ערן שמיט – מנהל תפעול",08-9343942,"מכון ויצמן, רחובות 76100",eran.shamit@weizmann.ac.il,http://davidson.weizmann.ac.il/science-garden
המוזאון הארכאולוגי בקיבוץ עין דור,כרמלה ארנון,04-6770333,קבוץ עין דור 19335,museum@eindor.org.il,http://www.eindormuseum.co.il
המוזאון הארכאולוגי לתולדות כפר סבא,ירדנה ויזנברג,09-7649262,"בית ספיר, רח' ירושלים 33 כפר סבא 44369",museum@ksaba.co.il,http://www.kfar-saba-museum.org
המוזאון הישראלי לקריקטורה ולקומיקס,דני וייס,03-6521849,"רח' ויצמן 61, חולון",info@cartoon.org.il,http://www.cartoon.org.il
"המוזאון לאמנות יהודית ע""ש סיר אייזיק וליידי אדית וולפסון בהיכל שלמה בירושלים",שלומית צבאג,02-6247908,רח' המלך ג'ורג' 58 ירושלים 91073,hechalshlomo.museum@gmail.com,http://www.hechalshlomo.org.il/exhibitions/
"מוזאון העמק ע""ש עודד ארצי","ד""ר אירית חן-זמרו",04-6548974,קבוץ יפעת 39969,yifmuseu@yifat.org.il,http://www.pioneers.co.il
"המשכן לאמנות ע""ש חיים אתר, עין חרוד",יניב שפירא,04-6531670,קבוץ עין חרוד איחוד 18965,museum@einharodm.co.il,http://www.museumeinharod.org.il
"חצר ראשונים, עין שמר",זיו חדוותי,04-6374327,ד.נ מנשה 37845,rishonim@ein-shemer.org.il,http://www.courtyard.co.il
חצר תל חי,טלי פייגלסון,04-6951333,ד.נ גליל עליון 12210,telhai@galil-elion.org.il,http://www.hatser-telhai.org.il
יד ל.א. מאיר מוזאון לאמנות האסלאם,נדים שיבן,02-5661291,"רח' הפלמ""ח 2 ירושלים 92542",nadim@iam.org.il,http://www.islamicart.co.il
מגדל דוד – המוזאון לתולדות ירושלים ,אילת ליבר,02-6265333,ת.ד 14005 ירושלים 91140,Eilat@tower.org.il,http://www.towerofdavid.org.il
"מדעטק - המוזאון הלאומי למדע, טכנולוגיה וחלל",אלי שרמייסטר,04-8614444,ת.ד 44927 חיפה 31448,elish@madatech.org.il,http://www.madatech.org.il
"מוזאון ארץ ישראל, תל אביב",עמירם כץ,03-6415244,"ת.ד 17068 רמת אביב, ת""א 61170",amik@eretzmuseum.org.il,http://www.eretzmuseum.org.il
"מוזאון ארצות המקרא, ירושלים",אמנדה וייס,02-5632118,ת.ד.4670 ירושלים 91000,director@blmj.org,http://www.blmj.org
מוזאון אשדוד לאמנות והמוזאון לתרבות הפלשתים,נעמי אדר,08-8545180,"רח' הגדוד העברי 16, אשדוד",neomi@ironit.org.il,"http://www.ashdodartmuseum.org.il/he
http://www.phcm.co.il/he"
"מוזאון בית מרים, - הים ומלואו, ארכיאולוגיה ואקולוגיה",-,03-9681281,קבוץ פלמחים 76890,bet_miriam@palmachim.org.il,http://www.betmiriam.co.il
מוזאון בית ראובן,משה פסי,03-5255961,"רח' ביאליק 14 ת""א 63324",passi2@rubinmuseum.org.il,http://www.rubinmuseum.org.il
"מוזאון האדם הקדמון , מעין ברוך",יעל אבוקרט-קליין,04-6954658,קבוץ מעיין ברוך עמק החולה 12220,hakadmon@gmail.com,http://haadamhakadmon.blogspot.co.il
מוזאון האדם והחי,דורית ווליניץ,03-6315010,"ת.ד 947 ר""ג 52109",musdorit@012.net.il,http://www.adamvechai.org.il
מוזאון האדם והסביבה,לימור ברזילי-קסבי,03-9286900,"רח' שרת 16, פתח תקווה 49522",limork@ptikva.org.il,http://www.adamsviva-pt.org.il/Pages/default.aspx
מוזאון החאן חדרה,דורית גורן,04-6322330,ת.ד 3232 חדרה 38131,khanhadera@013.net.il,http://www.khan-hadera.org.il
"מוזאון המדע ע""ש בלומפילד ירושלים",מיה הלוי,02-6544888,"גבעת רם, ירושלים,91904 ",mayah@mada.org.il,http://www.mada.org.il
"מוזאון המזגגה, נחשולים",רוני סופר רוזנבלום,04-6390950,קבוץ נחשולים 30815,ronisros@gmail.com,http://www.mizgaga.com
מוזאון הנגב לאמנות,"ד""ר דליה מנור",08-6206570,"ת""ד 15, באר שבע 84100",office@negev-museum.org.il,http://www.negev-museum.org.il
מוזאון העיצוב חולון,דני וייס,073-2151515,"רחוב פנחס אילון 8
חולון 5845400",info@dmh.org.il,http://www.dmh.org.il/heb/default.aspx
מוזאון הרצליה לאמנות עכשווית,"ד""ר איה לוריא",09-9551011,רח' הבנים 4 הרצליה 46809,info@herzliyamuseum.co.il,http://www.herzliyamuseum.co.il
"מוזאון התרבות הירמוכית, שער הגולן",נורית קצירי,04-6677386,קבוץ שער הגולן 15145,nurit@myc.org.il,http://www.myc.org.il
מוזאון וילפריד ישראל לאמנות וידיעת המזרח,רותם לבנון,04-9899566,קבוץ הזורע 30060,wilfridmus@gmail.com,http://www.wilfrid.org.il
"מוזאון חצר הישוב הישן ע""ש יצחק קפלן ז""ל",אורה פיקל צברי ,02-6284636,ת.ד.1604 ירושלים 91016,museumoy@zahav.net.il,http://oymuseum.datinet.co.il
מוזאון יד מרדכי משואה לתקומה,גיא טיומקין,08-6720559,קבוץ יד מרדכי חוף אשקלון 79145,moreshet@y-m.co.il,http://www.y-m-museum.co.il
"מוזאון יהדות איטליה ע""ש א.ש. נכון",גלעד לביאן,02-6241610,רח' הלל 27 ירושלים 94581,ceo.itjam@gmail.com,http://ijamuseum.org/he
מוזאון ינקו דאדא,רעיה זומר,04-9842350,ת.ד 51 עין הוד 30890,dadamus@bezeqint.net,http://www.jancodada.co.il
מוזאון ישראל,עידו ברונו,02-6708811,ת.ד.7111 ירושלים 91710,idobruno@imj.org.il,http://www.imjnet.org.il/HTMLs/Home.aspx
מוזאון לאמנות ישראלית רמת גן,מאיר אהרונסון,03-7521877,"רח' אבא הלל 146, רמת גן 52572",tammyt@bezeqint.net,http://www.m-i-a.co.il
מוזאון לתרבות הבדואים במרכז ג'ו אלון,אימי שופן,08-9918597,קבוץ להב 85335,imi@joealon.org.il,http://www.joealon.org.il
מוזאון נחום גוטמן לאמנות,מוניקה לביא ,03-5108554,"רח' רוקח 21 נווה צדק ת""א 65148",gutman22@netvision.net.il,http://www.gutmanmuseum.co.il
מוזאון עתיקות הגולן,אבינעם ברויאר,04-6361350,ת.ד 30 קצרין 12900,museumag@gmail.com,http://www.tourgolan.org.il/travel/details/museum_antiques.aspx
מוזאון פתח תקוה לאמנות ,דרורית גור אריה,03-9286300,"רח' ארלוזורוב 30, ת.ד. 1 פתח תקוה , 49100",DRORITG@PTIKVA.ORG.IL,http://www.petachtikvamuseum.com/he
מוזאון ראובן ועדית הכט ,שונית מרמלשטיין,04-8257773,אונ' חיפה 31999,mshunit@univ.haifa.ac.il,http://mushecht.haifa.ac.il
מוזאון ראשון לציון,נאוה קסלר,03-9598890,"אחד העם 2 ראשל""צ 75305",nava.kessler@gmail.com,http://rishonlezion-museum.org.il
מוזאון תל אביב לאמנות,סוזן לנדאו,03-6077000,"שד' שאול המלך 27 ת""א 64239",directof@tamuseum.com,http://www.tamuseum.com/he/default.aspx
מוזאוני חיפה,ניסים טל,04-8523255,רח' שבתאי לוי 26 חיפה 33043,director@hms.org.il,http://www.hms.org.il
"מכון בר דוד לאמנות יהודית, ברעם ",אבי איפרגן,04-6988295,קבוץ ברעם 13860,m_bardavid@baram.org.il,http://www.bardavid-museum.org.il
"עקבות בעמק, גן השלושה ",דרור סגל ואמיר נפתליס,04-6581630,גן השלושה ד.נ בית שאן 19150,homa@gan3.co.il,http://cms.education.gov.il/EducationCMS/Units/AgafA/Mozeon/Lefinosaim/Arhiologia/YkvotHaemek.htm
מוזאון מזכרת בתיה,טלילה שרעבי,08-9349525,"רוטשילד 40, מזכרת בתיה",museum@mazkeret-batya.muni.il,museum@mazkeret-batya.muni.il
יד ושם,ויויאן אוריה,02-6443600,"הר הזיכרון, ירושלים",Vivian.uria@yadvashem.org.il,http://www1.yadvashem.org/yv/he/museum/index.asp
בית התפוצות,דן תדמור,03-745-7888,"קלאוזנר, רמת אביב, תל אביב ",dan@bh.org.il,http://www.bh.org.il/he/default.aspx
המוזאונים הפתוחים תפן ,רותי אופק,04-9109611,גני התעשייה תפן,ruthi@omuseums.org.il,http://www.omuseums.org.il/
אוסף דגון,מיקי שרן,04-8664221,"כיכר פלמר 1, חיפה",msharan@dagon.co.il,http://cms.education.gov.il/EducationCMS/Units/AgafA/Mozeon
מוזאון הצייר משה קסטל,"אלי רז – מ.מ. מנכ""ל",02-5357000,"כיכר המוזאון 1, מעלה אדומים",eliraz80@gmail.com,http://www.castelmuseum.co.il
