נושא החוג,איש קשר,טלפון;,דואר אלקטרוני
רובוטים בחלל,מישל בן שטרית,04-9808670,michel@matnasim.org.il
רובוטיקה למתקדמים,סביון עמירם,08-8687400,amiram26@walla.com
רובוטיקה למתקדמים,סביון עמירם,08-8687400,amiram26@walla.com
רובוטיקה למתקדמים,סביון עמירם,08-8687400,amiram26@walla.com
אוריינות מדעית,ביטון מיכל,02-6222210,michal.lomda@gmail.com
רובוטיקה למתקדמים,חיה מלאך,04-8571102,maon@tirathak.matnasim.co.il
רובוטיקה למתקדמים,חיה מלאך,04-8571102,maon@tirathak.matnasim.co.il
בקרה וקוד פתוח,שנית אלמליח,08-9202003,shanieshkol25@gmail.com
רובוטיקה רפואית,מישל בן שטרית,04-9808670,michel@matnasim.org.il
בקרה וקוד פתוח,סיגל אלבז,04-6108822,sigalel@gmail.com
רובוטיקה למתקדמים,סיגל אלבז,04-6108822,sigalel@gmail.com
רובוטיקה למתקדמים,שנית אלמליח,08-9202003,shanieshkol25@gmail.com
רובוטים בחלל,אנואר פלאח,04-6166811,anwar110@walla.com
חוגי מדעים מדוייקים,עקיבא יוסליס,02-5353991,philip18@bezeqint.net
עריכת וידאו,ביטון מיכל,02-6222210,michal.loma@gmail.com
רובוטיקה למתקדמים,מלי אליגיוב,04-6507789/90,malie7@walla.com
רובוטיקה רפואית,אנואר פלאח,04-6166811,anwar110@walla.com
רובוטיקה רפואית,אומימה אבו סאלח,04-6981137,omaimaabusaleh@gmail.com
רובוטיקה רפואית,מהנא טאפש,04-9803777,mh_mb08@walla.com
רובוטיקה למתקדמים,אדרי מרדכי,08-9938910,motyedry@gmail.com
מחקרים בפיסיקה,יהושע סער,073-2657264,ofekshooky@gmail.com
בקרה וקוד פתוח,סמדר נבון,08-9422393,smadar@yavne.matnasim.co.il
רובוטים בחלל,אומימה אבו סאלח,04-6981137,omaimaabusaleh@gmail.com
רובוטים בחלל,מהנא טאפש,04-9803777,mh_mb08@walla.com
U-TECH,גניאל דרורי,08-6367542,drorig@eilat.muni.il
U-TECH,מחמוד נאסר,04-6452450,mhmood.nassar@gmail.com
רובוטיקה רפואית,"מנכ""ל רשת המרכזים הקהילתיים יקנעם",04-9893986,ran@yokneam.matnasim.co.il
בקרה וקוד פתוח,מלי אליגיוב,04-6507789/90,malie7@walla.com
רובוטיקה למתקדמים,חופית קוטאי,02-9960061,hkutai@gmail.com
בקרה וקוד פתוח,חופית קוטאי,02-9960061,hkutai@gmail.com
רובוטיקה רפואית,יעקוב שמעוני,04-9956000,kobi@akko.muni.il
רובוטיקה למתקדמים,נועם דרסינובר,02-6333748,noam@bs.matanasim.co.il
בקרה וקוד פתוח,אדרי מרדכי,08-9938910,motyedry@gmail.com
רובוטיקה רפואית,דרור ללוש,04-6533202,dror@hagilboa.org.il
רובוטים בחלל,דרור ללוש,04-6533202,dror@hagilboa.org.il
רובוטיקה רפואית,נביה שיח',04-9568865,nabihshekh@yahoo.com
רובוטים בחלל,נביה שיח',04-9568865,nabihshekh@yahoo.com
פרחי רפואה,מועתז תלאוי,09-7996672,markaz.t@gmail.com
מרכז חקר וחוגי מדע,רחל קנול,08-6583255,knollr@gmail.com
רובוטיקה למתקדמים,אבי רומנו,02-9939356,mada@toknow.co.il
רובוטיקה למתקדמים,סמדר נבון,08-9422393,smadar@yavne.matnasim.co.il
מבינים פיסיקה,מועתז תלאוי,09-7996672,markaz.t@gmail.com
