שם משפחה:,שם פרטי:,טל':,נייד:,"דוא""ל",אזור מתן שירות
אברמוב,ארז,03-9383733,050-3554422,erez_av@zahav.net.il,"מרכז,צפון,דרום,ירושלים"
אבגר,יואב,,054- 4291195,yoavavgar@gmail.com,בכל הארץ
אלמוגי ,מיכאל,,052-2562237,mike@lizard.co.il,"מרכז,צפון,דרום,ירושלים"
אסולין ,איציק,02-6310404,054-6702900,autovik@autovik.co.il,ירושלים
בן ארי,ניר,09-8948507,057-7573536,nir.dhs@gmail.co.il,"מרכז,צפון"
גולדפינגר,ברק,,054-4438015,barak.goldfinger@gmail.com,מרכז
גולשטיין ,ירון,03-7511234,054-4636386,yarongoldstein@walla.com; yaron@bmw.com,כל הארץ
דימאנד ,רלף,04-8218257,054-4755105,ralphdiamond@hotmail.com,"מרכז,צפון,דרום,ירושלים"
הרפז,בני,03-9362541,057-5332099,harpaz-b@zahav.net.il,"מרכז,צפון,דרום,ירושלים"
כץ,עזרא,04-6373722,050-5303512,motos@netvision.net.il,צפון
לביא ,ברוך,09-8998366,052-2498507,mhtbaruch@yahoo.com,מרכז
לוי,דני,03-6187996,054-4339807,mhrally@hotmail.com,"מרכז,צפון,דרום,ירושלים"
לסקי ,נחום,03-5511552,050-5758000,nlaski@walla.co.il,מרכז
מדהלה,צחי,08-8681058,052-3524064,zahima@zahav.net.il,מרכז
מומי,לוי,052-2302713,050-6666616,momilevy@zahav.net.il,מרכז
מלמד,יובל,,052-5210210,yuval@sparco.co.il,"מרכז,צפון,דרום,ירושלים"
ניב,גיל,08-9765712,057-7786002,giln1959@walla.co.il,"מרכז,דרום,ירושלים"
ראובן ,חיליק,08-9300469,054-7960633,hreuven@gmail.com,"מרכז, דרום."
רובינשטיין,יינון,054-2872155,052-3118877,yinonr@bezeqint.net,"מרכז,צפון,דרום,ירושלים"
שורץ,עופר,09-8940906,057-8126484,ofershwartz@gmail.com,"מרכז,צפון,דרום,ירושלים"
שחר,אליהו,08-9457610,057-7336438,eli.shahar.landrover@gmail.com,"מרכז,דרום,ירושלים"
