﻿שם,טלפון,דואר אלקטרוני,תפקיד
"ד""ר יגאל בן שלום – יו""ר המועצה",050-4000300,yigalbs@gmail.com,נציג ציבור
אברהם אסבן,052-5665611,aasaban@gmail.com,נציג ציבור
אילנית אסיף,050-6458766,ilanitas@gmail.com,נציגת מועצה אזורית
דימה אפיפי אגברייה,054-6705010,afifi.deema@gmail.com,עובדת מדינה
גרשון גורביץ',054-7107606,gershong@bezeqint.net,נציג ציבור
"ד""ר רות דורות",052-8708635,sf_moshed@bezeqint.net,אשת מקצוע
גלית וידרמן ,050-8170022,galitwid@gmail.com,עובדת מדינה
גלית והבה שאשו,050-6231316,galitwa@most.gov.il,עובדת מדינה
אלי חביב,053-2739954,eli_h@akko.muni.il,נציג עירייה
ליליאן ללום,054-6728091,lylianel@rishonlezion.muni.il,נציגת עירייה
מתן לב ארי,054-2990014,matan@mof.gov.il,עובד מדינה
מוטי מלכא,054-6356033,moti@mishkan-ashdod.co.il,נציג עירייה
גדי מארק,050-6247890,gadim@moch.gov.il,עובד מדינה
ציפי מזרחי,054-4836501,zipimiz@gmail.com,נציגת ציבור
רם עוזרי,058-7474356,ram.ozeri@gmail.com,איש מקצוע
אורלי צפדיה,054-4551165,orly1164@gmail.com,נציגת מועצה מקומית
"ד""ר אורית שמיר",052-4284822,orit@israntique.org.il,אשת מקצוע
עמרי שלמון,050-5282952,omrishalmon@gesher.org.il,איש מקצוע
מרי שק,050-6556020,marieshek@gmail.com,אשת מקצוע
