מוסד,שם האחראי,תפקיד,טלפון,דואר אלקטרוני
המכללה האקדמית להנדסה אורט בראודה,"ד""ר תמר גדריך",דקנית הסטודנטים,04-9901692,tamarg@braude.ac.il
,,,04-9901906,
המכללה האקדמית ספיר,נורית ארזי-דחוח,,077-9802368,Nurita@sapir.ac.il
האוניברסיטה העברית בירושלים,"ד""ר אשל אופיר","מנהל מרכז המעבדות למדעים ע""ש בלמונטה", 02-6586165,belmonte@savion.huji.ac.il
,,,02-6581461,
מכון ויצמן למדע,עמית סנדיק,מזכירות-מינהלה ארצית,08-9378310,Perach.sherut@gmail.com
"אורנים - המכללה האקדמית לחינוך, התנועה הקיבוצית",סיגל נודלמן,מנהלת מרכז שרות לסטודנט,04-9838858,Sigal.n@oranim.ac.il
המכללה האקדמית אחווה,אירית נוריאל,ראש היחידה למלגות ומעורבות חברתית בדיקן הסטודנטים,08-8588173,irit_n@ACHVA.AC.IL
"אקדמיית אלקאסמי (ע""ר)",הלאל זיד,ראש מרכז המחקר,04-6286765,hilal.zaid@gmail.com
המכללה האקדמית אשקלון,יואל ישורון,דיקאן הסטודנטים,08- 6789195,yoel@aac.ac.il
המכללה האקדמית הערבית לחינוך בישראל - חיפה,"ד""ר נעים נג'מי",ראש החוג לביולגיה,050-5650252,najamina@gmail.com
אוניברסיטת אריאל בשומרון,אלינור עינת ,מנהלת מרכז שרות לסטודנט,03-9066318,Student_dean@ariel.ac.il
"המכללה האקדמית להנדסה ע""ש סמי שמעון SCE",יוליה ברוורמן,"רמ""ד מלגות הלוואות",08-6475676,yuliyab@sce.ac.il
המרכז האקדמי לב,שלמה זלביץ,רכז פרוייקט חונכות ולמידה מתוקשבת,02-6751047,zelevich@g.jct.ac.il
"מכללת סכנין (ע""ר)","ד""ר טארק מוראד",מרצה בכיר וראש מערך ההדרכה הפדגוגית במכללת סחנין,054-4253132,tarenal22@hotmail.com
אפקה המכללה האקדמית להנדסה בתל אביב,אורנת שור,מנהלת היחידה למעורבות חברתית,03-7688685,
