﻿שם הרשות ,ראש הרשות ,טלפון ,פקס ,כתובת,מנהל מחלקת ספורט,טלפון נייד ,מייל,אתר אינטרנט,מייל בלשכה,הערות,מחוז
אכסאל,עבד אלסלאם דראושה,04-6554339,04-6550906,ת.ד. 6 אכסאל מיקוד 16920,שדפנה מחמוד,050-5909234,mahmoud234@walla.com,,,גמאל דראושה (גזבר) 050-5389599 ,צפון - גאזי נוגידאת
אלבטוף,יאסר עומר,052-4601073,6517394,מ.א. אלבטוף – כפר עוזר מיקוד17904,אבו חוסיין מנסור,0522-365905,mansurabu999@gmail.com,,rnet_yaser@bezeqint.net,,צפון - גאזי נוגידאת
אעבלין,שיח אחמד מאמון,050-4765278,04-9869192,אעבלין 30012 ת.ד.2135,עאוני אדריס,052-6368079,auni10@yahoo.com,,mamoon.shekh@gmail.com,,צפון - גאזי נוגידאת
בוסתן אל מרג,אחמד זועבי,,6421556,מ.א בוסתן אל מרג ת.ד 1072 עפולה עילית מיקוד: 18550,   זוהיר זועבי,544496113,zoher.zoabi@gmail.com,http://www.bustanelmarg.muni.il/Pages/default.aspx,az1757@hotmail.com,sima833@walla.com,צפון - גאזי נוגידאת
בועינה נוגידאת,סאלח סולימאן,04-6705085,04-6730319,ת.ד. 2 בועינה נוגידאת  מיקוד 16924,משהור נוגידאת ,054-4905116,mshhorn@gmail.com,http://www.bueine-nujeidat.muni.il/Pages/default.aspx,wfe.suria2@gmail.com,,צפון - גאזי נוגידאת
ביר אל מכסור,מוחמד גדיר,04-9865702     0507680814,     04-9869849,מ.מ ביר אל מכסור מיקוד: 17925,סולימאן  חמד,050-5744306,soli85@hotmail.com,http://www.beer-almksor.com/,helana.g1@gmail.com,,צפון - גאזי נוגידאת
בית שאן,רפאל בן שטרית,04-6489400,04-6480706,"מתנ""ס מ.מ בית שאן מיקוד: 10900",שמעון דנאן -        גיל, 0505-364341 4165341 050,beitshea@matnasim.org.il ,http://www.bet-shean.org.il/Pages/default.aspx,rafi@bet-shean.org.il,,צפון - גאזי נוגידאת
עמק המעיינות ,יורם קרין,04-6065851 - נורית -04-6969701,6480216,ת.ד 90000 בקעת בית שאן מיקוד: 11710,אלעד פשחור,052-5640522,sport@maianot.co.il,www.maianot.co.il,yoram@maianot.co.il,נעמה 050-5217747,צפון - גאזי נוגידאת
גולן מ.א,אלי מלכא,04-6969701,6963366,"מתנ""ס רמת הגולןמ.א גולן מיקוד :12900",יאיר נירון,546548040,yair.niron@gmail.com,http://www.golan.org.il/387/,elim@golan.org.il,,צפון - גאזי נוגידאת
גלבוע,דני עטר,04-6533233/6,6522179 -04             04-6526752    ,מ.א גלבוע מיקוד: 19134,שלומי אייל,ענבל04-6071208   שלומי 050-6926657,eyalsh2@gmail.com,http://www.hagilboa.org.il/,dany@hagilboa.org.il,,צפון - גאזי נוגידאת
גליל עליון,גיורא זלץ,04-6816621,6945239,מ.א גליל עליון ת.ד. 90000 מיקוד: 12100,,052-6191978,yonatanv@galil-elion.org.il,,gsalz@galil-elion.org.il,,צפון - גאזי נוגידאת
גליל תחתון,מוטי דותן,050-5368808,6628235,מ.א גליל תחתון מיקוד: 14101,ארי מובסוביץ,057-5636815,arim@glt.org.il,,motidotan@glt.org.il,,צפון - גאזי נוגידאת
דבוריה,זוהיר יוספיה,04-6701156, 6702424 6701129,"מתנ""ס דבוריה ת.ד. 163 מיקוד 16910",יוסף מוחמד,0506-958503,m.0506958503@gmail.com,,rodina.mattar@gmail.com,,צפון - גאזי נוגידאת
דיר חנא,חוסיין סמיר,04-6782039,04-6780589,מ.מ דיר חנא ת.ד. 18224               מיקוד 24973,טארק חגו(ממלא מקום),050-2441360,tarikhajjo@hotmail.co.il,terikhajjo@hotmail.co.il ,,,צפון - גאזי נוגידאת
זרזיר,עאטף גריפאת,052-6901000,6415526,ת.ד 81 ד.נ בית זרזיר מיקוד: 10600,אברהים -,050-5420120,,,,,צפון - גאזי נוגידאת
חצור,סויסה שמעון,04-6916901,6935760,"ת.ד 178 מ.מ חצור הגלילית מיקוד 10300 חן מתנ""ס חצור מתנ""ס קהילתי אוהל משה רח ההסתדרות 1 ת.ד. 175",יודה טאהר,052-6065239,tahar56@gmail.com,,shimonsuisa@gmail.com,,צפון - גאזי נוגידאת
טבריה,בן דוד יוסי,04-6739513,6739657,עירית טבריה מיקוד: 14105,דורון עמיר,057-3512183,dorona88@gmail.com,,tveria@tiberias.muni.il,,צפון - גאזי נוגידאת
טובה זנגריה,הייב חוסין,04-6023218 ,04-6023338,מ.מ.טובה מיקוד 12310,עוגבא יונס,052-6207815,ugaba44@gmail.com,http://www.tuba-zangariyye.muni.il/Moatza/Pages/les.aspx,,,צפון - גאזי נוגידאת
טורעאן,דחלה עימאד,04-6414000/8,04-6414016               04-6518534,מ.מ. טורעאן  ת.ד. 45 מיקוד 16950,שאדי עדווי,054-5291177,adwi-shadi@hotmail.com,,amad@turan.muni.il,,צפון - גאזי נוגידאת
טמרה,סוהיל דיאב,04-9946526,04-9943529,טמרה-ת.ד.4005 מיקוד 30811,מוחמד כנעאן,052-5693366,muhammad_kn@hotmail.com,,mayor@iula.org.il,,צפון - גאזי נוגידאת
יבנאל,כהן רוני,04-6708346,6708106,"מתנ""ס יבנאל ת.ד 177 מיקוד: 15225","רותי יער-       רמי רבינוביץ מהנל המתנ""ס ",052-6708551 050-6828697,ruty_1960@walla.com;yavniel@matnasim.org,,diza4@walla.co.il,,צפון - גאזי נוגידאת
יסוד המעלה,אור אילן,04-6937511,6937710,"ת.ד 123 מתנ""ס יסוד המעלה מיקוד 12105",שרון טל,050-8645180,sharontal@matnasim.org.il,,,"הטלפון במתנ""ס 04-9634932",צפון - גאזי נוגידאת
יפיע,כנאנה עימראן,04-6557555,6552448,"ת.ד.678 מתנ""ס יפיע מיקוד: 16955",בשארה הישאם,054-7708567,sportsyafa@gmail.com,http://www.yaffa.org/he/NoDFiles.aspx,,,צפון - גאזי נוגידאת
כאוכב אבו אלהיגא,זאהר סאלח,052-4488844,9998406,מ.מ.כאוכב  מיקוד 20185,עלי  חליל,      052-8511353,alimkh68@gmail.com,,andera20185@hotmail.com,zaher1722@walla1722,צפון - גאזי נוגידאת
כעביה טבאש,"זידאן כעביה,",052-7502266,9533849,ת.ד 362 מ.מ כעביה מיקוד: 30925,זאהי כעביה,050-3093385,zahi_mz@hotmail.com,,,,צפון - גאזי נוגידאת
כפר כנא,מוגאהד עואודה,04-6517741,6419993, ,דהאמשה פהד - הישאם ריאחין ,050-7411111     052-8338247,fahed10@walla.com,,local.cana@gmail.com,,צפון - גאזי נוגידאת
כפר מנדא,עבד אלחלים טאהא,04-9864710,9863373,"מתנ""ס כפר מנדא ת.ד.415",עאדל עזאם,052-5695005,adel.azam@gmail.com,,,,צפון - גאזי נוגידאת
כפר קמא,זכריא נאבסו,04-6760772/8,6772311,ת.ד 285 מ.מ כפר קמא מיקוד: 15235,מורד שווג,050-3223703,viga@smile.net.il,,lishka.kk@gmail.com ,,צפון - גאזי נוגידאת
כפר תבור,יוסי דולה,050-8237676,6769585,"מתנ""ס כפר תבור מיקוד: 152414",עמית שחם ,526673688,shaham.amit@gmail.com,http://www.kefar-tavor.muni.il/,ktavor@kefar-tavor.muni.il,tami@kefar-tavor.muni.il,צפון - גאזי נוגידאת
מבואות חרמון,בני בן מובחר,04-6818000/8,6902039,"מתנ""ס צומת כוח ד.נ גליל עליון מיקוד 12000",יוסי ראוך,050-7585121,yossir@mvhr.org.il,BeniB@mvhr.org.il,mevoot@matnasim.org.il,"דני קוסן מנהל מתנ""ס-050-6373789",צפון - גאזי נוגידאת
מגדל,ישראל שושן אמרוסי,6720659 -04,6717708,"מתנ""ס מגדל ת.ד 399 מיקוד מיקוד :14950",רמי רבינוביץ,050-6828697,migdal@matnasim.org.il,,,,צפון - גאזי נוגידאת
מגדל העמק,אליהו ברדה ,04-6507711,6417022,"מתנ""ס מגדל העמק מיקוד: 23000",מיטל מלול,052-3717865,meitalmalul4@walla.com,http://www.migdal-haemeq.muni.il/Pages/default.aspx,rozabe@migdal-haemeq.muni.il,a,צפון - גאזי נוגידאת
מגידו,יצחק חולבסקי,9598453 -04,9598400,מ.א מגידו חבל מגידו מיקוד: 19200,אריאל ירון,052-6663165,sport@megido.org.il,,lishka@megido.org.il,,צפון - גאזי נוגידאת
מטולה,הרצל בוקר,04-6837001,04-6950779,"הראשונים 8 ת""ד 1     מטולה 10292",רוחמה נקש ,053-7203188,ruhama@metulla.muni.il,,,,צפון - גאזי נוגידאת
משגב,רון שני,04-9902312,04-9902393,ד.נ. 20179 משגב- מח ספורט,שלומי טחן,050-6706345,shlomi@misgav.org.il,,ron@misgav.org.il,,צפון - גאזי נוגידאת
משהד,מוחמד חסן,04-6519092,04-6412878,ת.ד2473,מחמד סאלח,052-4707861,Salhm1@walla.com,http://www.mash-had.net/he/,,,צפון - גאזי נוגידאת
נצרת,עלי סלאם ,04-6459201/213,6453185,"רח המעין 807  ת""ד 31 נצרת 16100",ראזי סרוגי,0545-419357,raji.s@nazareth.muni.il,,mayor@nazareth.muni.il,,צפון - גאזי נוגידאת
נצרת עילית,אלכס גדלקן(ממלא מקום),6478888- 04,6014736,"ת.ד 1144 מתנ""ס ברקוביץ נצרת עילית",רועי כהן,057-7685208,roi@nallit.org.il,,,,צפון - גאזי נוגידאת
סחנין,מאזן גנאים,04-6788888/8,04-6788869,עיריית סכנין -ת.ד.35 מיקוד 30810,גנאים חמיד,0528-901452,ghk1953@gmail.com,,mayor@sekhnin.muni.il,,צפון - גאזי נוגידאת
עיילוט,אבראהים אבו אס,04-6565115,,מ.מ. עילוט ,גוני אבו ראס ,054-2235811,johnnyjwan@yahoo.com,,,,צפון - גאזי נוגידאת
עילבון,גריס מטר,6786407- 04,6785680,מ.מ. עילבון מיקוד : 16972,סאהר סמעאן ,052-6463509,f_g_saher@hotmail.com,,grmattar@gmail.com,,צפון - גאזי נוגידאת
עין מאהל,וליד אבו ליל,04-6086800,6469532,מ.מ. עין מאהל ת.ד. 1341,עמאד חביב אללה,050-9300521,eamad_73@hotmail.com,,hamid64@walla.com,,צפון - גאזי נוגידאת
עמק הירדן,יוסי ורדי,6757601 -04,6709628,מ.א עמק הירדן מיקוד: 15132,גיורא אסתרי,0505-655878,sport@j-v.org.il,,lishca@j-v.org.il,,צפון - גאזי נוגידאת
עמק יזרעאל,אייל בצר,04-6520001,6520000,ת.ד. 90000 עפולה מיקוד 18200,ארז ביטמן,054-7615965,Erezb@eyz.org.il,http://www.emekyizrael.org.il/,EyalB@eyz.org.il,,צפון - גאזי נוגידאת
עפולה,יצחק מירון,04-6520321,6520300,עירית עפולה מיקוד 18000,עודד פרל ,052-3798838,odedp@afula.muni.il,http://www.afula.muni.il/,lishka@afula.muni.il,אתי ועקנין 0503199351       ,צפון - גאזי נוגידאת
עראבה,עלי עאסלה,    0527490444-8789666,04-6744802,"כפר עראבה, ת""ד 106, מיקוד 30812",מוחמד נסאר,052-6500231,naasar_fastnet@hotmail.com,,,,צפון - גאזי נוגידאת
קצרין,אפרצב דימי דמיטרי,6969610 -04,04-6969609,"ת.ד 147 מתנ""ס קצרין מיקוד 12900",חיים,508567495,kazrin@matnasim.org.il           sport@kazrin.matnasim.co.il,,zahava@qatzrin.muni.il,dimi@qatzrin.muni.il,צפון - גאזי נוגידאת
קרית שמונה,ניסים מלכה,04-6908408,04-6959623,עריית קרית שמונה מחלקת ספורט ת.ד.1001 מיקוד 11019,אופיר אורן,0508-284248,ofirsport8@walla.com,,mayor@k-8.co.il,,צפון - גאזי נוגידאת
ריינה,חאלד טאטור,04-6094700,6555610,מ.מ ריינה  ת.ד 770 מיקוד 16940,אין מנהל ,,,,khalidlcr2013@gmail.com,050-5783302חאלד טאטור ראש הרשות,צפון - גאזי נוגידאת
רכסים,יצחק רייך,04-8308400,9849218,רח  הרקפות מס 1 מיקוד 20496 רכסים,אבי אביטן ,0577-228619,rechasim@matnasim.org.il,,,,צפון - גאזי נוגידאת
רמת ישי,עופר בן אליעזר,04-9831616,9837096,"ת.ד. 376 מתנ""ס נאות ישי רמת ישי מיקוד 30095",טלי גולן,050-7285591,tali@ramatish.matnasim.co.il,http://www.ramat-yishay.com/BRPortal/br/P100.jsp,lishka@ramat-yishay.co.il,,צפון - גאזי נוגידאת
שבלי,שבלי נעים,04-6765644,6766140,ת.ד. 266 מ.מ. שבלי מיקוד 16805,עיאש שבלי,050-6318454           מוניר0507235939,shibli.shibli365@gmail.com,,naeem14000@gmail.com,,צפון - גאזי נוגידאת
שפרעם, אמין ענבתאוי,04-9059111,9059121,ת.ד. 3 עירית שפרעם מיקוד 20200,סובח כארם,052-6009710,sobeh.k@gmail.com ,אין אתר,maktab.shfa@gmail.com,,צפון - גאזי נוגידאת
אזור,אריה פחטר,03-5567144,03-5594066,"מתנ""ס אזור",שמוליק גבע כהן ,052-2550004,shmulik@azor.matnasim.co.il,אין אתר,,,תל אביב - דורית נבון
אשדוד,"ד""ר יחיאל לסרי",08-8545000/022,08-8545026,עיריית אשדוד,מיקי רוזנברג,052-3177977,mikiroz@ashdod.muni.il,,,,תל אביב - דורית נבון
אור יהודה,יוסף דוד,03-5334385,03-5334385,"מתנ""ס אור יהודה",דייגו לוינסון,052-4572779,diego@my-or.org.il,,,,תל אביב - דורית נבון
בני ברק,הרב זייברט חנוך,03-5795796,03-5795796,עיריית בני ברק,מאיר שטנרייך,050-7303014,Smeir@bbm.org.il,,,,תל אביב - דורית נבון
בני עייש,אריה גארלה,08-8592947,08-8592947,מ.מ. בני עייש,אלכס בלניצקי ,054-4869129,sportby@zahav.net.il,,,,תל אביב - דורית נבון
ברנר,דורון שידלוב,08-9413346,08-9413346,מ.א. ברנר קיבוץ גבעת ברנר,אבי דרי,050-5326089,sport@brener.org.il,,,,תל אביב - דורית נבון
בת ים,"יוסי בכר (מ""מ)",03-5558666,03-5558666,עיריית בת ים,אשר בן יאיר,052-2646205,asher@tarbut-batyam.co.il,,,,תל אביב - דורית נבון
באר יעקב,ניסים גוזלן,08-9281595,08-9281595,מ.מ. באר יעקב,אין מנהל מח,,,,,,תל אביב - דורית נבון
בית דגן,רחמים תנעמי,03-9604048,03-9604048,"מתנ""ס בית דגן",טל שוורץ,052-8477666,talsch2000@yahoo.com,,,,תל אביב - דורית נבון
גן יבנה,אהרון דרור,04-8545600,08-8574566,מ.מ. גן יבנה,מיכל שלומי,052-9409606,michalshlomi113@gmail.com,,,,תל אביב - דורית נבון
גן רוה,אלימלך שלמה,08-9408242,08-9408242,מ.א. גן רוה,מיכאל גוטליב,052-3878777,gm979@walla.com,,,,תל אביב - דורית נבון
גבעתיים,רן קוניק,03-5722217,03-5722250,עיריית גבעתיים,עמוס פרשימן,054-7536892,amosf@givatayim.muni.il,,,,תל אביב - דורית נבון
גדרות,קנדלשטיין יוסי,08-8592950,08-8598793,מתנס גדרות מושב עשרת,מרק ליבשין,050-3399852,mark1973@zahav.net.il,,,,תל אביב - דורית נבון
גני תקוה,ליזי דלריצה,03-5310888,03-5345918,מ.מ. גני תקוה,יואל כלפון,052-6409528,Yoelk@gtsport.org.il,,,,תל אביב - דורית נבון
חבל יבנה,משה ליבר,08-622111,08-8524343,מ.א. חבל יבנה,שורי לוי,050-3200293,surilevi22@gmail.com,,,,תל אביב - דורית נבון
חולון,מוטי ששון,03-5027222,03-6511851,עיריית חולון,יגאל אייל,052-3886323,igale@reh.co.il,,,,תל אביב - דורית נבון
יבנה,צבי גוב ארי,08-9433300,08-9431837,"מתנ""ס יבנה",שאול דוד,054-9789250,davidshaul@barak.net.il,,,,תל אביב - דורית נבון
יהוד,יעלה מקליס,03-5391212,03-5361683,עיריית יהוד,משה שבת,052-5551887,shabat1954@walla.com,,,,תל אביב - דורית נבון
לוד,יאיר רביבו,08-9279028,08-9279928,עיריית לוד,מאיר אליהו,052-8510735,meire@lod.muni.il,,,,תל אביב - דורית נבון
נס ציונה,יוסף שבו,08-9383822,08-9403016,אגף החינוך עיריית נס ציונה,אריק גמייטיס,053-7921913,arikz@ness-ziona.muni.il,,,,תל אביב - דורית נבון
סביון,מוטי לנדאו,03-5351030,03-5349320,מ.מ. סביון,מייקי טננבאום,050-5744048,mikyte@gmail.com,,,,תל אביב - דורית נבון
עמק לוד,דוד יפרח,03-9606961,03-9606189,מ.א. עמק לוד,אין מנהל מח,,,,,,תל אביב - דורית נבון
קרית אונו,ישראל גל,03-5311111,03-5351170,עיריית קרית אונו,ישראל שצוצינסקי,052-5265526,israels@kiryatono.muni.il,,,,תל אביב - דורית נבון
רמת גן,ישראל זינגר,03-6753555,03-6753222,עיריית רמת גן,רמי לוי,054-9299245,rami-le@ramat-gan.muni.il,,,,תל אביב - דורית נבון
ראשון לציון, דב צור,03-9682362,03-9682407,החברה העירונית ראשון לציון,אמיר סולרסקי,054-7009008,amir@hironit.co.il,,,,תל אביב - דורית נבון
רחובות, רחמים מלול,08-9392222,08-9494682,החברה העירונית הנביאים 8 רחובות,איציק עובדיה,050-5374000,itziko@ironitr.co.il,,,,תל אביב - דורית נבון
רמלה,יואל לביא,08-9771795,08-9771672,עיריית רמלה,ניסים רון,052-3987906,nisimr@ramla.muni.il,,,,תל אביב - דורית נבון
תל אביב,רון חולדאי,03-5218438,03-5244093,"דיזינגוף 200 ת""א",מוטי אמברם,053-2503602,motti_a@mail.tel-aviv.gov.il,,,,תל אביב - דורית נבון
מ.אלפי. מנשה,קטן שלמה,09-7925511,09-7925713,מרכז קהילתי אלפי מנשה ד.נ. לב השומרון 44851,גיא שרון                                      ,054-7402673,gb09@walla.com            ,,,,מרכז -אבי בינבישתי
מ.א מנשה ,,,,,אוהד בלוך,050-4004777,,,,,מרכז -אבי בינבישתי
אור עקיבא,יעקב אדרי,04-6361340,04-3232697,"מתנ""ס אור עקיבא ת.ד12   30600",אורי לוי,050-7818465,ednir@walla.com,,,,מרכז -אבי בינבישתי
חדרה,גנדלמן צביקה,04-9118807,04-6248247,ת.ד16 חדרה 38100,אילת בן משה,057-9044404,speb2010@gmail.com,,,,מרכז -אבי בינבישתי
רעננה,זאב בילסקי ,09-7610619\336             09-7610456,09-7610705,רשות הספורט העירונית אחוזה103  מיקוד43100,אלה ביאר,054-4805643,aleb@raanana.muni.il,,,,מרכז -אבי בינבישתי
אבן יהודה,אברהם הררי,09-8910070,09-8912032,"מתנ""ס אבן יהודה 40600",רותם בן דור,050-8213784,sportrotem@gmail.com,,,,מרכז -אבי בינבישתי
הרצליה,משה פדלון,09-9705117\8,09-9705250,עיריית הרצליה בן גוריון 14-ת.ד1 הרצליה 461000,מיקי גורנשטיין,052-2943135,mickeyg@herzliya.muni.il,,,,מרכז -אבי בינבישתי
מ.א דרום השרון ,מוטי דלגו,03-9000540,03-9000536,מ.א. דרום השרון-נוה ירק  קרית המעוצה ת.ד500        49945,ששי דניאל ,052-6215532,sport@dsharon.org.il,,,,מרכז -אבי בינבישתי
קדימה צורן,שביט מס,09-8991446,09-8991006,"מתנ""ס קדימה 60920",עמית ראובן,052-8000570,sport@kadima.matnasim.co.il,,,,מרכז -אבי בינבישתי
מ.א.חוף השרון         ,,,,,אין מנהל ,,,,,,מרכז -אבי בינבישתי
מ.א. חוף הכרמל,סלע כרמל,04-9549234,04-9840833,ד.נ. חוף הכרמל30860,שרית אלחנטי,052-2244198,sarit@merav.org.il,,,,מרכז -אבי בינבישתי
פתח תקוה,איציק ברורמן,03-9052904\5,03-9052947,בר כוכבא 61 ת.ד 1 פתח תקווה 49100,אריה ניר,050-5396937,arien@ptikva.org.il,,,,מרכז -אבי בינבישתי
גבעת שמואל,יוסף ברודני,03-5323258,03-5322745,"מתנ""ס גבעת שמואל   נחום 1 ת.ד. 215 גבעת שמואל 54023",סמו יצחק,050-7661997,semosport@gmail.com,,,,מרכז -אבי בינבישתי
מ.מ. פרדס חנה-כרכור,חיים געש,04-6378551,,"הבוטנים מתנ""ס פרדס חנה 37000",יאיר שושן,050-6570693,shushan27@gmail.com,,,,מרכז -אבי בינבישתי
מועצה אזורית עמק חפר,רני אידן,04-6251050,04-6251005,מ.א עמק חפר מדרשת רופין 40250,פיליפ סימון,054-9290066,philp@hefer.org.il,,,,מרכז -אבי בינבישתי
מ.א. אלונה,אריה שרון,04-6388165,46388933,עמיקם ד.נ.מנשה מ.מ אלונה 37830,חוי רוטשטיין אונגר,057-6288525,havir2@walla.com,,,,מרכז -אבי בינבישתי
פרדסיה,"טל גורקי,",09-8945551,09-8946402,שלום שבזי 1 פרדסיה 42815,רנה מידן-שני,052-3461854,renamsh@gmail.com,,,,מרכז -אבי בינבישתי
אורנית ,שלומי לנגר,03-9360707,03-9160022,מ.מ אורנית-ד.נ.אפריים 44813,דקלה ארליך,054-7542163,diklaehrlich@gmail.com,,,,מרכז -אבי בינבישתי
אריאל,אלי שבירו,03-9061811---03-9061800,03-9364635,מח הספורט אריאל ת.ד25  ד.נ.אפריים 44837 ,רינה דור,052-4572773,rinad@gvanim-ariel.com,,,,מרכז -אבי בינבישתי
בנימינה,פנחס פינקי זוארץ,04-6288292,04-6288307,"מתנ""ס בנימינה דרך נילי 28       305000",הילה בר מכר,054-4959500,gstudiog@gmail.com,,,,מרכז -אבי בינבישתי
הוד השרון,חי אדיב,09-7759613,09-7759606,ת.ד.4 הוד השרון מיקוד 45100,יצחק בן דור,050-5550088,itchakb@hod-hasharon.muni.il,,,,מרכז -אבי בינבישתי
זכרון יעקב,אבוטבול אלי,04-6297000,04-6392332,ת.ד 211זכרון יעקב 30900,ורד נבות,050-8645187,sport.art@cramim.org.il,,,,מרכז -אבי בינבישתי
יקנעם עלית,אלפסי סימון,04-9893986,04-9893110--04-9890260,"ת.ד18 מתנ""ס יקנעם עילית",צור לביא,,zurlavi@yokneam.matnasim.co.il,,,,מרכז -אבי בינבישתי
כוכב יאיר,אליאל שימי,09-7494264\3,09-7494539,ת.ד 60כוכב יאיר 44864,טל אשר,054-2288915,tala@m-kz.org,,,,מרכז -אבי בינבישתי
כפר שמריהו,דרור אלוני,09-9556192,09-9556192,קרן היסוד 18 כפר שמריהו,איתי דקל,054-7916837,itay.dek@kfar.info,,,,מרכז -אבי בינבישתי
כפר יונה,אפי דרעי,09-8985111---               09-89415003,09-8947881,"מתנ""ס כפר יונה ת.ד.662 כפר יונה 40300",ישראל ויזל,050-5446403,sport@kfaryon.matnasim.co.il,,,,מרכז -אבי בינבישתי
נתניה,מרים פיירברג איכר ,09-8609777,09-8821251,עיריית נתניה תל חי 8 נתניה 42400,מוטי שעיבי,057-7624454,motis@netanya.muni.il,,,,מרכז -אבי בינבישתי
קרני שומרון,יגאל להב,09-7920201\3,09-7920167,"מתנ""ס קרני שומרון הברוש28 מיקוד 44853 ",אמיר מנחם,052-6162465,amir1964@orange.net.il,,,,מרכז -אבי בינבישתי
רמת השרון,יצחק רוכברגר,03-5494456,03-5402503,ביאליק 41 רמת השרון47206,אריק דורון,050-8555867,aric@sport-hasharon.co.il,,,,מרכז -אבי בינבישתי
ראש העין, שלום בן משה,03-9030098,,עיריית ראש העין ת.ד359מיקוד40800,אריה שריה,054-4940306,sraia@rosh.org.il,,,,מרכז -אבי בינבישתי
שומרון,מסיקה גרשון,03-9066410,03-9066411,"מתנ""ס שומרון ",מאיר ברכיה,050-9224043,shomronteam@gmail.com,,,,מרכז -אבי בינבישתי
לב השרון,עמיר ריטוב,09-7967267,09-7967267,מ.א לב השרון צומת בני דרור40600,גילה ברנס,050-6839755,gila@lev-hasharon.com,,,,מרכז -אבי בינבישתי
תל מונד,רוני גולן,09-7964520,09-7964520,מ.מ תל מונד הדקל52 מיקוד 40600,גלית צרפתי ששון,050-5443782,sportaf@telmond.matnasim.co.il,,,,מרכז -אבי בינבישתי
"עיריית כפ""ס",יהודה בן חמו ,09-7640836,09-7640875,עיריית כפר סבא ת.ד25 מיקוד 44160,שאול מיטלברג,050-7181297,shaulm@ksaba.co.il,,,,מרכז -אבי בינבישתי
חיפה,יונה  יהב,04-8356823,04-8356389,עיריית חיפה  ת.דץ 4811     מיקוד 31047,שמוליק  זגגי,057-7548230,shmulikz@haifa.muni.il        ,,,,חיפה - אמין סאלח
קרית  טבעון,דודי אריאלי,04-9831181,04-9831076,ככר בן גוריון  ת.ד. 1060,שרון טל ברנע,052-3776819,SHARON@KIRYATTIV.MATNASIM.CO.IL,,,,חיפה - אמין סאלח
מרום  הגליל,אמית  סופר,777030901,04-6987814,דואר צפת  ת.ד. 90000  מיקוד 13110,מיטל  פלה,054-2128908,mtella@walla.com,,,,חיפה - אמין סאלח
זבולון,דב  ישורון,04-8478111,04-8417150,דואר כפר המכבי מיקוד 30030,דני אלימלך,054-6833017,Danil8@walla.co.il,,,,חיפה - אמין סאלח
קרית  מוצקין,חיים  צורי,04-8763090,8756111,שד משה גושן 92  ת.ד. 14  מיקוד 26311,שי  מנסתר,050-8213774,sportgo@km.matnasim.co.il,,,,חיפה - אמין סאלח
כרמאיל,עדי  אלדר,04-9580444,04-9881742,שדרות קקל 100 מיקוד 20100,סנדו  בדנגיו,054-6626933,sport@m-karmiel.org,,,,חיפה - אמין סאלח
קרית ביאליק,אלי דוקרוסקי,04-8780878,04-8780843, ת.ד. 110  מיקוד 27100,כימי גרינברג,054-7288277,greenberg_hemi@walla.com,,,,חיפה - אמין סאלח
קרית  ים ,דוד אבן צור,04-8789711,04-8750678,שד משה שרת קרית ים ת.ד 660  מיקוד 29027,מנחם  שוורץ,054-5411035,Menachem114@walla.com,,,,חיפה - אמין סאלח
נשר,אבי  בינמו,04-8210875,04-8210852,דרך השלום 20 נשר מקוד 36651,בלקין  אליה,054-7939388,Ilia1973@gmail.com,,,,חיפה - אמין סאלח
קרית  אתא,יעקוב  פרץ,04-8456712,04-8456722,רח כיכר העירייה 7  ת.ד. 1  מיקוד 28000,משה  אלפיה,052-374404,ALFIA.M@KA.MATNASIM.CO.IL,,,,חיפה - אמין סאלח
עכו,שמעון  לנקרי,04-9811005,04-9550226,רח ויצמן 35 ת.ד. 2007 מיקוד 24100,חיים פרץ,052-6189827,haimperez33@gmail.com,,,,חיפה - אמין סאלח
נהרייה,גקי  סבג,04-9879831,04-9922303,שד הגעתון 19  ת.ד. 78  מיקוד 22100,משה  שטרית,052-5798019,smoshe@nahariya.muni.il,,,,חיפה - אמין סאלח
מטה  אשר,יורם ישראלי,04-9879671,04-9828483,ד.נ. גליל מערבי מיקוד 25206,גל  מנצור,050-6952105,galm@matteasher.org.il,,,,חיפה - אמין סאלח
טירת  הכרמל,אריה  טל,04-8573554,04-8581076,ת.ד 49 מיקוד 39100  טירת הכרמל,אליקו  קוקוס- אבנר כהן ,052-3730439 050-7806159,Eliko_k@walla.com,,,,חיפה - אמין סאלח
ראש  פינה,אביהוד  רסקין,04-6808600,04-6808613,ראש פינה  12000,אבי לוגסי,522473395,Roshpina@matnasim.org.il,,,,חיפה - אמין סאלח
שלומי,גבריאל  נעמן,04-9808670,04-9808291,שלומי  ת.ד.  1  מיקוד 22832,אבי  חגג,054-7731892,shlomi@matnasim.org.il,,,,חיפה - אמין סאלח
מעלות תרשיחא,שלמה  בוחבוט,04-9578802,04-9573542 9578787 לשכה,רחוב בן גוריון 1  ת.ד. 59  -מיקוד 24952,סילס ליביליה + יוסי בן שמחון,506501247,YBS22@HOTMAIL.CO.IL,,,,חיפה - אמין סאלח
כפר  ורדים,סיון יחיאלי,04-9977142 ,04-9570385, כפר ורדים  ת.ד. 501  מיקוד 25147,אורי  בר  צורי,054-2224314,sport@-vradim.org.il,,,,חיפה - אמין סאלח
צפת,אילן  שוחט,04-6971222,04-6971673,רחוב  ירושליים 50   צפת 13010,גולייט  חזן  + ויקי אואקי,050-8381370,viktor01234@walla.co.il,,,,חיפה - אמין סאלח
מעלה  יוסף,שמעון גואטה,04-9571723,04-9571743,גרנות הגליל ד.נ. גליל מערבי  מקוד 22868,איתי קדם,507775773,sport@maaleyo.matnasim.co.il,,,,חיפה - אמין סאלח
חורפיש,מאגד עאמר,04-9977473,04-9574559,ת.ד 1  מיקוד 25155,זיאד  פארס,054-4652657,Zyad100@walla.com,,,,חיפה - אמין סאלח
בית  גן,ביאן  קבלאן,04-9802220,04-9802240,ת.ד. 751  מיקוד 24990,ראדי  קבלאן,050-9022315,bssamkh@hotmail.com,,,,חיפה - אמין סאלח
אבו  סנאן,נוהאד משלב,04-9568800,04-9568838,"מו""מ אבו סנאן  ת.ד. 16 מקוד 24905",נביה  אלשייך,057-8810876,nabihshekh@yahoo.com,,,,חיפה - אמין סאלח
גוליס,סלמאן עאמר,04-9996060,04-9962238, ת.ד 67  מיקוד  24980,ואכד  עאמר,054-6312313,WAKIDAMIR1@WALLA.COM,,,,חיפה - אמין סאלח
כסרא/סמיע,נביה   אסעד,04-9872420,04-9873483,כסרא/סמיע ת.ד. 396 מיקוד 20138,רמזי  נסראלדין,054-2460160,ramzin@walla.co.il,,,,חיפה - אמין סאלח
ינוח/גת,מעדא    חסבאני,04-9979072,04-9973335,יאנוח/גת  מיקוד 25145,והאב  זיאדה,054-8199650,wahabzea@walla.com,,,,חיפה - אמין סאלח
ירכא, והיב  חביש,04-9568111,04-95661761,ת.ד. 1  מיקוד 24967,ואיל אלחג,,waelhag@walla.com,,,,חיפה - אמין סאלח
פקיעין,דר  עאזי פארס,04-9573134,04-9572914,ת.ד. 6   מיקוד 24914,כמאל  עאמר,050-7339402,Kamal_amer@walla.co.il,,,,חיפה - אמין סאלח
מגאר,זיאד דגש,04-6787001/000,04-6784562,מיקוד 20128,סאלח  בדר,054-5915338,salihbader@hotmail.com,,,,חיפה - אמין סאלח
סאגור,גבר  חמוד,04-9886880,04-9995742,ת.ד. 20130  סאגור,שרין  חמוד,052-5628265,shirham@walla.com,,,,חיפה - אמין סאלח
עוספיא,וגיא  כיוף,04-8391678,04-8391455,עספיא ת.ד. 35  מיקוד 30090,חסן דבור,526684375,hasanda1953@gmail.com,,,,חיפה - אמין סאלח
דאלית אלכרמל,רפיק חלבי,04-8397226,04-8394301,דאלית אל כרמל 30056,נגיב  נסר אלדין,050-7922539,Nageep_hany@walla.com,,,,חיפה - אמין סאלח
בוקעאתא,אוסאמה  זאהווי,04-6981478,04-6982060,רמהג  ת.ד. 1020  מיקוד 12437,אין מנהל מחלקה,,osama_1969@walla.com,,,,חיפה - אמין סאלח
מגדל שמס,דולאן אבו סאלח,04-6981137,04-6982111,רמהג  ת.ד. 1  מיקוד 12435,אין מנהל מחלקה,,Aiman69@gmail.com,,,,חיפה - אמין סאלח
מסעדה,מתי אבני,04-6982832,04-6981480,רמהג  מיקוד 12435,זיד בטחיש,506282715,r_z3@hotmail.com,,,,חיפה - אמין סאלח
עין קניא,מועדאד זהר אלדין,04-6981350,04-6982138,רמהג  ת.ד. 123  מיקוד 12432,אין מנהל  מחלקה,,,,,,חיפה - אמין סאלח
עגר,פתאלי  אחמד,04-6951213,04-6901212,רמהג  מיקוד 12440,בסאם  חטיב,057-5536028,bssamkh@hotmail.com,,,,חיפה - אמין סאלח
בסמת  טבעון,מוניר זבידאת,04-9531073,04-9531398, ת.ד. 6030  מיקוד 36008,אמיר עליסאת,052-6324108,alisat.amer1@gmail.com,,,,חיפה - אמין סאלח
גדידה/ מכר,מחמד  שאמי,04-9962128,04-9964370, ת.ד. 879  מיקוד25105,אין מנהל מחלקה,052-2975285,jamal_kaial@walla.co.il,,,,חיפה - אמין סאלח
גוש    חלב,אליאס  אליאס,04-6989107,04-6980401,גוש חלב ת.ד. 193  מיקוד 13872,אין מנהל מחלקה,052-2412077,georgezaknoun@gmail.com,,,,חיפה - אמין סאלח
פסוטה,אדגאר דקואר,04-9870486,04-9870304, פסוטה  מיקוד 25170,מישיל  דקואר,050-3606611,mhdakwar@gmail.com,,,,חיפה - אמין סאלח
ראמה,שוקי אבו לטיף,04-9888065,04-9905610,ראמה 30055,דני  עזאוי,052-5887096,danegazawy@gmail.com,,,,חיפה - אמין סאלח
מעיליא,חאתם עראף,04-9979522,04-9972590,מעליא  ת.ד. 185  מיקוד 25140,מאזן  עבד,052-3763892,Mazen-abed@walla.com,,,,חיפה - אמין סאלח
מזרעה,עוד  פואד עואד,04-9820104,04-9520562,ד.נ. גלךיל מערבי - מיקוד 25230,אכרם   דאאוד,052-8981811,Akram_d@iula.org.il,,,,חיפה - אמין סאלח
כפר יסיף,עאוני  תומא,04-9967345,04-999621, כפר יאסיף  מיקוד 24908,זאהי  אנדראוס,050-5573928,Zahi_Andrawes@hotmail.com,,,,חיפה - אמין סאלח
נחף,עומר אסמאעיל,04-9987140,04-9985693, נחף  ת.ד. 693  מיקוד  20137,גמאל עבד אלכרים,050-8637713,Jamal60@walla.com,,,,חיפה - אמין סאלח
כאבול,סאלח ריאן,04-9943450,04-9941886,ת.ד 2424  מיקוד 24963  כאבול,מוצטפא  שחאדה,054-6763383,mustafa.1602@hotmail.com,,,,חיפה - אמין סאלח
דיר  אל אסד,אחמד דבאח,04-9886655,04-9989591,דיר אל אסד ת.ד. 1 מיקוד 20188,פריד עאוד,508499150,awadfarid@yahoo.com,,,,חיפה - אמין סאלח
מגד  אלכרום,סלים סליבי,04-988375 ,04-9582406,מגד אל כרום  מיקוד 20190,חיר בדראן,542270136,khairpc@gmail.com,,,,חיפה - אמין סאלח
בענה,עבאס תיתי,04-9582693,04-9888522,בענה ת.ד. 513   מיקוד 20189,מחמד תיתי,502662404,noarbeana@gmail.com,,,,חיפה - אמין סאלח
שעב,פיסל שחיבר,04-9883437,04-9883439, שעב  מיקוד 20165,סעיד חאמד,052-6504833,ghalib5@walla.co.il,,,,חיפה - אמין סאלח
אופקים ,איציק דנינו,08-9928578,08-9960270,הרצל 40 ת.ד. 1 אופקים,אילנה איטח,050-6770813,ela_rviv@walla.com,http://www.ofaqim.muni.il/,,דרום-דניאל,דרום - דניאל
אילת,מאיר יצחק הלוי,08-6367059,08-6367570,ת.ד. 14 אילת,    יעקב מלכה     ,052-2761927,malka@eilat.muni.il                 ,http://www.eilat.muni.il/,,,דרום - דניאל
אשכול,חיים ילין,08-9929102         ,08-9929172,מועצה אזורית אשכול ד.נ. נגב 8546500,סמדר בלדיגה,054-7919202,smadar.noar@gmail.com,http://www.eshkol.info/154-he/Eschol.aspx,,,דרום - דניאל
אשקלון,איתמר שמעוני,08-6792380,08-6792508,רחי הגבורה 7 אשקלון,שמעו בן דוד,054-9908600,shimon@ashkelon.muni.il,http://www.ashkelon.muni.il/,,,דרום - דניאל
באר שבע,רוביק דנילוביץ,08-6463790                 ,08-6274874,"מנחם בגין 1, ת.ד. 15 באר שבע 84100",                    ניסים סספורטס                                          בת אל גרבי                                               יפה בן דוד                                              ,053-7955836                                        053-7956055                                      053-7955835                                         ,nisims@kivunim7.co.il               batelg@kivunim7.co.il                      yafas@kivunim7.co.il,http://www.beer-sheva.muni.il/openning.asp?Lang=1,,,דרום - דניאל
באר טוביה ,דרור שור,08-8509701,08-8509704,רח ניר אזור התעשייה באר טוביה 83815,אורי צבעוני,050-5773847,uri1953@gmail.com,http://www.beer-tuvia.org.il/,,,דרום - דניאל
בני שמעון,סיגל מורן,08-9911705,08-9911738,צומת בת קמה ד.נ. נגב 8532400,יוסי טוביאנה,050-5679384,yosi@bns.org.il,http://bns.org.il,,,דרום - דניאל
דימונה,בני ביטון,08-6563100,08-6563231,ת.ד. 1 דימונה,אלירן אבו,052-6085072,Eliranavi2@walla.co.il,,,,דרום - דניאל
הערבה התיכונית,אייל בלום,08-6592203,08-6581487,מרכז ספיר ד.נ. ערבה 86825,יוסי לין,052-2392727,yossi@arava.co.il,,,,דרום - דניאל
הר חברון ,יוחאי דמרי,02-99691100,02-9963236,פארק תעשיות מיתרים ד.נ. הר חברון 9043550,יוחאי סביון,052-8990215,yohais@hrhevron.co.il,,,,דרום - דניאל
חבל איילות ,אודי גת ,08-6355834,08-6355800,ד.נ. חבל אילות 88820,אורן אלמוג,053-4244273,sport@matnas-4u.co.il,,,,דרום - דניאל
חוף אשקלון,יאיר פרגון,08-6775500,08-6727304,ת.ד.  78100מועצה אזורית חוף אשקלון 78100,איציק צבי,052-2495651,itsvi@walla.co.il,,,,דרום - דניאל
יואב,"ד""ר מטי צרפתי הרכבי",08-8500702               ,08-8500750,ד.נ. שקמים מועצה אזורית יואב,נתן בר,050-5711102,natan@yoav.org.il,,,,דרום - דניאל
ירוחם,מיכאל ביטון ,08-6598202,08-6598206,ת.ד. 1 ירוחם 80500,רפי אברגל,050-7514393,       Rafi@yruham.matnsim.co.il    yeruham@matnasim.org.il,,,,דרום - דניאל
להבים ,אלי לוי ,08-9554761,08-9554763,ת.ד. 1 להבים 85338,                         עובדיה צבי                                       עידית כתרי שינמן,050-2041001                                       054-4595114,lc@lehavim.muni.il                  sport@lehavim.matnasim.co.il,,,,דרום - דניאל
לכיש,דני מורביה ,08-6871653,08-6848176,מושב נאורה ד.נ. לכיש דרום 793400,מיכאל יפרח,052-2767391,sport@lachish.org.il,,,,דרום - דניאל
מיתר,אבנר בן גרא,08-6518615,08-6519164,ת.ד. 1 מיתר 85025,סימה שמיט,050-2111042,sima@metar.muni.il,,,,דרום - דניאל
מצפה רמון ,רוני מרום,08-6588185        ,08-6587478,ת.ד. 1 מועצה אזורית מצפה רמון 8060000,אייל אלמקייס,052-2712785,elia1504@walla.co.il                   yehuditd@mitzpe-ramon.muni.il,,,,דרום - דניאל
מרחבים ,שי חגג,08-9929420,08-9929427,צומת גילת ד.נ. נגב מועצה אזורית מרחבים 8510300,אבי כליף,050-8645798,avik@merchavim.org.il,,,,דרום - דניאל
נתיבות,יחיאל זוהר ,08-9938701,08-9944397,כיכר יהודית צרפת 4 ת.ד. 1 נתיבות,אבי לוגסי,054-6677252,AVISPORT28@WALLA.COM,,,,דרום - דניאל
עומר,פיני בדש,08-6291133,08-6291110,ת.ד. 1 עומר 84965,עמי זפרני,057-6484177,amizafrani@walla.com,,,,דרום - דניאל
ערד,טלי פלוסקוב,08-9951601,08-9951685,ת.ד. 100 ערד 8910002,דודי שושטרי,050-5559406,dudi@arad.matnasim.co.il,,,,דרום - דניאל
קריית מלאכי,אליהו זוהר,08-8500842,08-8586220,ת.ד. 1 קרית מלאכי 83100,                         הראל מלכה                                      סופי                 ,050-2206105,harel238@gmail.com              sofia@k-m.org.il,,,,דרום - דניאל
קריית גת,אבירם דהרי ,08-6874502,08-6602240,ת.ד. 1 קרית גת 82501,אמיר בן שמחון,057-7447024,amir.matnasim@gmail.com,,,,דרום - דניאל
רמת נגב,שמואל ריפמן ,08-6564152          ,08-6553296,ת.ד. חלוצה 85515 מועצה אזורית רמת נגב,דרור הראל,050-7706224,dror@rng.org.il,,,,דרום - דניאל
שדות נגב,תמיר עידאן,08-9938900,08-9930807,ד.נ. נגב מועצה אזורית שדות נגב 85200,אריה אזרד,050-7649240,aryeazrad@gmial.com,,,,דרום - דניאל
שדרות,אלון דוידי,08-6620200,08-6893156,כיכר הנשיא 1 שדרות,חיים אביטן,050-5290145,Avitanh1@walla.com,,,,דרום - דניאל
שער הנגב,אלון שוסטר,08-6806225,08-6891006, מועצה אזורית שחר הנגב ד.נ. חוף אשקלון  78100,דפנה סבוני,052-3840397,dafnasibony@gmail.com,,,,דרום - דניאל
שפיר,אשר אברגיל,08-8508956,08-8508900,מרכז שפירה מועצה אזורית שפיר 79411,מירב לוי,050-8756511,meravlevi79@gmail.com,,,,דרום - דניאל
כפר קאסם,עאדל בדיר,03-9754900,03-9072021,אלשוהדא 1 מיקוד 48810,עאדל בדיר,054-4726953,advbader@netvision.net.il,,, נייד ראש הרשות-054-4726953,מרכז דרום - לואי בדיר
כפר ברא,מחמוד עאסי,03-9389173,03-9382018,כפר ברא ת.ד 700 מיקוד 45863,מאהר ריאן,050-5374510,maher_rayan@walla.com,,,050-8922020,מרכז דרום - לואי בדיר
גלגוליה,פאיק עודה,0-39397493,0-3996069,גלגוליה מקוד 45850,חוסני עראר,0-545759666,hosni12@gmail.com,בהקמה ,,050-5389512,מרכז דרום - לואי בדיר
טירה,עבד אל חי מאמון,0-97751413,09-7751430,טירה המשולש מיקוד 44915,חאזם פדילה,050-2209091,hazemf@walla.co.il,,,050-5510010,מרכז דרום - לואי בדיר
טייבה,אריק בראמי,07-22563431,09-7990355,טייבה ת.ד 1 מיקוד 40400,שאדי תלי ,052-3978910,shaditali@gmail.com,,,050-5786786,מרכז דרום - לואי בדיר
קלנסווה,עבד אל-באסט סלאמה,0-98780388,09-8781202,קלנסוואה ת.ד 1 מיקוד 406400,יוסף תאיה,050-6850033,taih10@zahav.net.il,,,050-5536083,מרכז דרום - לואי בדיר
זימר,דיאב גאנם,09-8743569,09-8743567,זמר-ימה מיקוד 38828,פאייק נאסר,050-7655050,faik.sport.zemer@live.com,,,050-5570683,מרכז דרום - לואי בדיר
גת המשולש,חאלד גרה,04-6176800,04-6382776, גת המשולש -מיקוד 30091,סמירה ותד,050-6623331,achva.smerh@gmail.com,,,050-7494436,מרכז דרום - לואי בדיר
באקה אלגרביה,מורסי אבו מוך,04-6286502,04-6286502,באקה אלגרביה,עומר ביאדסה,054-2031142,omarbyadsi@gmail.com,,,050-5220044,מרכז דרום - לואי בדיר
כפר קרע,חסן עתאמה,04-6356730,04-6356604,כפר קרע  ת.ד -1 מיקוד 3007500,יוסף עסלי,054-2869061,wyasali@gmail.com,,,050-5250609,מרכז דרום - לואי בדיר
ערערה במשולש,מודר יונס,07-32407101,04-6352595,ערערה מיקוד 30026,יצחק גלנץ,0-542383580,galanz@zahav.net.il,,,052-2229537,מרכז דרום - לואי בדיר
בסמה,ראיד כבהא,04-6257701,04-6257702,ברטעה ת.ד.500,ראפת כבהא,050-5473322,educ_basma@walla.com,,,054-4837731,מרכז דרום - לואי בדיר
אום אלפחם,חאלד אגבאריה,04-6119020,04-6314534,ת.ד 1090 אום אל פחם מיקוד 3001000,אחמד גבארין,050-2111666,amtld@hotmail.com,,,050-3055066,מרכז דרום - לואי בדיר
מעלה עירון,מוסטפה אגבריה,04-6409006,04-6409034,עפולה מיקוד 1512201 תד 2255,נסים אגבריה,052-6008622,naseem_ig@hotmail.com,,,050-9940122,מרכז דרום - לואי בדיר
גסר אלזרקא,עמאש מוראד פתחי,04-6360047,04-6360046,גסר אלזרקא ,עאטף טואטחה,,atifw8@gmail.com,,,052-2360015,מרכז דרום - לואי בדיר
פורדיס,יונס מרעי,04-6397839,04-6390655,כתובת: ת.ד 1266 פרדיס,מנאסק מראענה,054-2339067,sweet_manasek@hotmail.com,,,050-9707023,מרכז דרום - לואי בדיר
רהט,טלאל אל-קרינאווי,08-9914805,08-9919513,מרכז מסחרי רהט ,חסן אלזוואידה,050-4474707,sporthasan@hotmail.com,,,050-5242094,מרכז דרום - לואי בדיר
תל שבע,טואמן אבו רקייק,08-6293900,08-6293901,תל שבע,מרים אבו גאנם,,miriam1983@walla.com,,,050-9669999,מרכז דרום - לואי בדיר
לקייה,סאלם אבו עאיש,08-6512370,08-6512363,ת.ד 6126 באר שבע מיקוד 84160,נבהאן אלסאנע,050-5492421,doritelk@walla.com,,,050-9011125,מרכז דרום - לואי בדיר
כסייפה,אבו רביעה סאלם,08-6591300,08-9972731,ת.ד 1524 כסיפה מיקוד 84923,עדנאן אלעמור,050-5353883,adnan712@walla.com,http://kuseife.net/ ,,050-5223760,מרכז דרום - לואי בדיר
נווה מדבר,רחמים יונה ,08-6202550,08-6651181,"שד יצחק רגר 11, מגדל 7, קומה ג, ת.ד. 533 באר שבע מיקוד 84100",עלי אלהואשלה,050-7572012,alihwashla@gmail.com,http://www.nevemidbar.org.il/,,057-8666660,מרכז דרום - לואי בדיר
ערערה בנגב,מטאוע אבו עראר,08-9958410,08-9972311,ת.ד 6192 באר שבע מיקוד84911,אמיר אבו עראר,054-2126378,amer.abo.arar@gmail.com,,,054-5214957,מרכז דרום - לואי בדיר
חורה,אלנבארי מוחמד,08-6868444,03-7256133,ת.ד 1 מרכז אזרחי חורה מיקוד 85730,חמד אבו אלקיעאן ,054-7891212,hamedsport@walla.co.il,,,050-8277100,מרכז דרום - לואי בדיר
שגב שלום,עאמר אבו מעמר,08-6561001,08-6287880,ת.ד 804 באר שבע מיקוד 84106,עבד אלחמיד אלפראונה,546287118,alfrona@walla.com,,,054-6566654,מרכז דרום - לואי בדיר
אלקסום,דר איציק תומר,08-6796120,08-6796128,שדרות רגר באר שבע,ניר שמואלי,050-6283111,nirs@alqasoum.org.il,,,050-6282626,מרכז דרום - לואי בדיר
אבו גוש , עיסא גבר,02-5332890,5700345,"מתנ""ס אבו גוש - ת.ד. 40019 - מבשרת ציון 90805",מוחמד גבר,050-7123652,mohamed.jaber81@gmail.com,http://www.abugosh.muni.il/mayor.,lishka@abugosh.muni.il,,ירושלים - שי שטרית
אלעד,הרב ישראל פורוש,03-9078100,03-9078177,רח ניסים גאון 1 אלעד 48900,ברק שטיגליץ,052-7102989,baraks@elad.muni.il,www.elad.muni.il,elad@elad.muni.il,,ירושלים - שי שטרית
אלקנה,אסף מינצר,03-9363843,03-9151213,"מתנ""ס אלקנה  - ד.נ. אפריים 44814",זיו הרנוי,054-5994185,zivharnoy@gmail.com,http://muni.tik-tak.co.il/webPro/index.asp?codeClient=1750,asafmintzer@elkana.org.il,,ירושלים - שי שטרית
אפרתה,עודד רביבי,02-9939310,9933549,"מתנ""ס אפרת - שד דוד המלך , ת.ד.1031 אפרת 90435",יואב שוגרמן,050-7731947,efrat.matnas@gmail.com,www.efrat.muni.il,mayor@efrat.muni.il,,ירושלים - שי שטרית
בית אל,שי אלון,02-9971555,9700529,מ.מ. בית אל  - ד.נ. מזרח בנימין מיקוד 90631,"יאיר חרל""פ",054-2328790,yairh@bet-el.muni.il,www.bet-el.info,MoranT@bet-el.muni.il,,ירושלים - שי שטרית
בית אריה ,אבי נעים,08-9127001,08-9297265,"מתנ""ס בית אריה-עפרים - בית אריה",אושרת זכריה,050-3889907,zoshrat@beit-arye.co.il,www.beit-arye.co.il,Navi@beit-arye.co.il,,ירושלים - שי שטרית
בית שמש,משה אבוטבול,02-9909801/2/3,9909965,"עירית בית שמש - מחלקת הספורט -מרכז משחרי ת.ד. 5 ב""ש ",יצחק קניזו,052-6227992,kanizoe@walla.com,www.betshemesh.muni.il,mosheab@bshemesh.co.il,,ירושלים - שי שטרית
ביתר עלית,הרב מאיר רובינשטיין,02-5482860,,עירית ביתר עלית - רבי עקיבא 38 - ביתר עלית,ישראל מלמד,050-9133711,melamed64@gmail.com,www.betar-illit.muni.il,meirr@betar-illit.muni.il,,ירושלים - שי שטרית
גבעת זאב,יוסי אברהמי,02-5360101,,"מתנ""ס גבעת זאב - התאנה 6 - גבעת זאב",אורלי יצחק,052-5907097,sport@givatze.matnasim.org.il,www.givat-zeev.muni.il,lishka1@givat-zeev.muni.il,,ירושלים - שי שטרית
גדרה,יואל גמליאל,08-8593501,08-8591381,"מתנ""ס גדרה - כנפי נשרים 3 - גדרה - 70701",אין רכז ספורט,,msport.gedera@gmail.com,www.gedera.muni.il,lishka@gedera.muni.il,,ירושלים - שי שטרית
גוש עציון,דוידי פרל,02-9939910,9932618,"מתנ""ס גוש עציון - אלון שבות - גוש עציון - 90433",כפיר כהן,050-7970740,kfir@gush.matnasim.co.il,www.baitisraeli.co.il,lishka@gush-etzion.org.il,,ירושלים - שי שטרית
גזר,פטר וייס,08-9274020,08-9274090,מ.א. גזר  בית חשמונאים - ד.נ. שמשון 99789,אריק דרוקמן,052-2931059,arik@gezer-region.muni.il,www.gezer-region.muni.il,peter@Gezer-region.muni.il,,ירושלים - שי שטרית
הר אדר ,חן פיליפוביץ,02-5344710,,"ד""נ צפון יהודה           הר אדר 90836         ",אין רכז ספורט,,,www.har-adar.muni.il,chen@har-adar.muni.il,,ירושלים - שי שטרית
חבל מודיעין,שמעון סוסן,03-9722802,03-9722800,מרכז שוהם - ד.נ. מרכז רמלה 73100,גלעד שיפר,052-5860007,gshiffer@gmail.com,www.modiin-region.muni.il,shimon@Modiin-Region.Muni.il,,ירושלים - שי שטרית
חברון,,,,,שלמה חלבה,052-6071216,shlomoja@walla.com,,,,ירושלים - שי שטרית
ירושלים ,ברקת ניר,02-6297720,6297561,רשות הספורט העירונית - כיכר ספרא 10 - ת.ד.775 - ירושלים 91007,איציק קורנפיין,054-2404053,kritzik@jerusalem.muni.il,www.jerusalem.muni.il ,daphna@jerusalem.muni.il,,ירושלים - שי שטרית
מבשרת ציון ,יורם שמעון,02-5348500,5349763,מ.מ. מבשרת ציון - ת.ד. 3556 - החוצבים 1 מעוז ציון - 90805,אהוד עידו,054-5692222,ehudi@m-zion.org.il,www.m-zion.org.il,yoramsh@m-zion.org.il,,ירושלים - שי שטרית
מגילות,מרדכי דהמן,02-9943222,,ד.נ. ערבות הירדן 90666,אין רכז ספורט,050-5356383,dblau@dead-sea.org.il,www.dead-sea.org.il,sima_iluz@dead-sea.org.il,,ירושלים - שי שטרית
מודיעין , חיים ביבס ,08-9726010,08-9702060,"מתנ""ס מודיעין - ת.ד. 51 - מודיעין ",חנן דנציגר,050-2129058,sport@modiin.matnasim.co.il,www.modiin.muni.il,Netanela_o@modiin.muni.il,,ירושלים - שי שטרית
מודיעין עלית ,הרביעקב אשר גוטרמן ,08-9141201,073-2347417,מ.מ. מודיעין עילית - שער המלך 4 - מודיעין עילית 71919 - תהילה 050-4189780,חיה רוט,(050) 414 5296,chayasport@gmail.com,www.modil.org.il,Lishka@modil.org.il,,ירושלים - שי שטרית
מזכרת בתיה ,מאיר דהן,08-9371100,08-9349893,"שד אליהו  2 מתנ""ס מזכרת בתיה  76804",ירון זרד,050-7735874,sport@mazkeretba.matnasim.co.il,www.mazkeret-batya.muni.il,lishka@mazkeret-batya.muni.il,,ירושלים - שי שטרית
מטה בנימין,אבי רואה,02-9977178,9973425,מ.א. מטה בנימין - ד.נ. מזרח בנימין - פסגות 90867 ,זאב המאיר,052-5666189,sport1@matnas-binyamin.org.il,www.binyamin.org.il,dikla@binyamin.org.il,,ירושלים - שי שטרית
מטה יהודה ,משה דדון,02-9900959,9900850,מ.א. מטה יהודה - ד.נ. שמשון  - מטה יהודה 99700,עוזי קאחו,052-7250829,uzi@m-yehuda.org.il,www.m-yehuda.org.il,mosd@m-yehuda.org.il,,ירושלים - שי שטרית
מעלה אדומים,בני כשריאל ,02-5418901,5357608,"מתנ""ס מעלה אדומים - ת.ד. 77  - מעלה אדומים 90610",חיים לוי,052-2383372,sport@mmasport.com,www.maale-adummim.muni.il,mayor@maale-adummim.muni.il,,ירושלים - שי שטרית
מעלה אפרים ,שלמה ללוש,02-9941223,,"מתנ""ס מעלה אפרים- ד.נ. בקעת הירדן - מעלה אפרים 7499",טיבי ורדי,052-7893335,tibimtns@inter.net.il,www.maaleefraim.co.il,lishka.mo@gmail.com,,ירושלים - שי שטרית
נחל שורק,אלי אסקוזידו,08-8634200,08-8693143,"מתנ""ס נחל שורק - דואר נע נחל שורק , מיקוד 76812",שריאל אבקסיס,050-8610838,soreksport@gmail.com,www.ma-soreq.org.il,elie@ma-soreq.org.il,,ירושלים - שי שטרית
ערבות הירדן,דוד אלחייני,02-9946620,9942025,מ.א. בקעת הירדן - ד.נ. בקעת הירדן - ערבות הירדן 10945,שימרית דה ולנסה,050-4466641,sshimritushh@walla.co.il,www.jordanvalley.org.il,david@jordanvalley.org.il,,ירושלים - שי שטרית
קדומים,חננאל דורני,09-7921221,,ד.נ. צפון שומרון - קדומים 44856,אסתי בוקובסקי,052-8119067,tarbut@kedumim.org.il,www.kedumim.org.il,lishka@kedumim.org.il,,ירושלים - שי שטרית
קרית ארבע,מלאכי לוינגר,02-9969500,9963970,"מתנ""ס קרית ארבע חברון - ת.ד.29 חברון  90100 ",שלמה חלבה,052-6071216,shlomoja@walla.com,www.kiryat4.org.il,malachi@kiryat4.org,,ירושלים - שי שטרית
קרית עקרון,חובב צברי,08-6228858,08-9414979,"מתנ""ס קרית עקרון -  ת.ד. 125  - קרית עקרון 70500",פיני עייש,054-4884035,sport@ekron.matnasim.co.il,www.kiryat-ekron.muni.il,lishca@ekron.org.il,,ירושלים - שי שטרית
קרית יערים,הרב אברהם רוזנטל,02-5410020,02-5332737,"רח הגר""א 25 - קרית יערים ",שושי שוורץ,052-7604817,shoshi@yearim.co.il,www.kiryatyearim.muni.il,vardit@Yearim.co.il,,ירושלים - שי שטרית
שוהם,גיל ליבנה,03-9723010,03-9772725,מ.מ. שוהם  - ת.ד. 1 ד.נ. מרכז 73142,אמיר בן עזר,054-2800309,amirspo@netvision.net.il,www.shoham.muni.il,gil@shoham.muni.il,,ירושלים - שי שטרית
תמר,דב ליטבינוף,08-6688809,08-6688923,נוה זוהר - ים המלח - 86410 - ד.נ. ים המלח,יעקב אקריש,050-7275055,akrish@ma-tamar.co.il,www.ma-tamar.org.il,Dovl@ma-tamar.co.il,,
