"מדינת ישראל
משרד האנרגיה 
חטיבת אנרגיה מקיימת",,,,,,
עדכון אחרון: 8.10.2023,,,,,,
"רשימת בוחני נצילות במתקני שאיבה
רשימה זאת מוצגת כשירות לציבור והינה וולונטרית. אין לראות רשימה זאת כחובה. כמו כן, כל האחריות לביצוע הסקר לרבות כל נזק או אובדן אשר
ייגרם למבצע הסקר או למזמין הסקר, תהיה עליו בלבד, ולא תחול על המדינה כל אחריות כאמור.",,,,,,
דואר אלקטרוני ,ישוב ,טלפון נוסף ,מספר טלפון ראשי ,חברה,שם פרטי ,שם משפחה 
eliavwater@gmail.com,מסד,04-6778733,053-7548289,"ענבל הנדסה בע""מ",אלי,אברהם
oscar@enercom.co.il,חולון,03-5050999,050-7303070,,אוסקר ,האינהורן
roieshy@gmail.com,רחובות,,054-2190335,,רועי,שי
yk4all@gmail.com,רעננה,,054-5402225,א.צ מערכות מיזוג אוויר,יערי,כוכבי
arzydael@gmail.com,פתח תקווה,054-3435034,054-3435034,גדיר הנדסה,דעאל,ארזי
"rafi.siluk@gmail.com
rafis@ecotraders.co.il",ראש העין,,054-9220129,אקוטריידרס,רפי,סלוק
shayko25@gmail.com,נתניה,,052-8540860,,שי,קורן
uzic99@zahav.net.il,תל אביב - יפו,054-6572001,03-6241215,משרד צפריר וינשטין,עוזי,כהן
alon@shifris.co.il,חיפה,054-5230383,054-5230383,,אלון,שיפריס
shauli@mmm.org.il,מעגן מיכאל,,052-2465750,,שאול,אורן
taliris@iwwa.co.il,תלמי יוסף,09-7603444,050-3750671,ארגון עובדי המים,טל,רודיטי
pollak.yossy@gmail.com,נהריה,04-9925540,053-7251006,יוסי פולק הנדסת מיזוג אוויר,יוסי,פולק
etrogeng@gmail.com,ירושלים,055-6662519,077-5300087,אתרוג הנדסה,מיכאל,זלבה
cran1ster@gmail.com,רמת גן,,054-6776220,,רן,כרמי
rraz@mekorot.co.il,אשקלון,08-6789627,050-8925644,,רפאל,רז
maharaban@walla.com,זכרון יעקב,,050-5541002,,משה,מהרבן
yossi80.cohen@gmail.com,מודיעין-מכבים-רעות,,055-6677877,,יוסף,כהן
yosi@shifris.co.il,חיפה,054-5230384,04-8650396,,יוסף,שיפריס
DrPump@PumpingMachinery.com,באר שבע,,050-8650451,Pumping Machinery,לב,נליק
hhammer@hammer-ag.co.il,ירושלים,02-5665013,052-3686773,ח.המר - אנרגיה מתקדמת,חגי,המר
uri@shifris.co.il,תל אביב - יפו,054-5230385,04-8650396,,אורי,שיפריס
altmanofir@gmail.com,אלקנה,054-7878224,,,אופיר,אלטמן
udabuju@gmail.com,כרם בן זמרה,,050-8855593,"בוז'ו חקלאות ומים בע""מ",יהודה,בוז'ו
hsar@walla.co.il,אילת,08-6334796,053-7783722,,חיים ,סהר
tomerisraeli88@gmail.com,קדרון,03-9204847,052-8466460,גדיר הנדסה,תומר,ישראלי
benshare11@gmail.com,,,054-7873331,,בן,שר
michat@ide-tech.com,בית עזרא,052-6088900,,,מיכה,טאוב
"barro16@gmail.com
royb@omis-water.com",הוד השרון,,050-3220075,"אומיס מים בע""מ",רועי,בר
omri_m@gadir.co.il,פתח תקווה,,054-2332111,גדיר הנדסה,עומרי,מורג
natan@livolt.net,אלון מורה,054-6978169,050-6488324,ליוולט,נתן,שחר
avihais@citech.co.il,ראש העין,054-2227703,08-6291415,,אביחי,שרון
alon.mandel@gmail.com,נתניה,09-9528643,052-4706666,,אלון,מנדל
vaksilan@gmail.com,חולון,,052-6095337,מתקן התפלה אדום אשקלון  ,אלון,וקס
tufikian.eng@gmail.com,אילת,,053-3318030,טופיקיאן הנדסה,ישראל אבישי,טופיקיאן כהן
