שם,תעודת זהות,מס' היתר,סוג ההיתרים ,תוקף ההיתר,יצרן ודגם מכשיר המדידה,מספר סידורי של מכשיר המדידה,תוקף כיול המכשיר,חברה,טלפון בעבודה,נייד  ,פקס,מען למכתבים  ,כתובת דואר אלקטרוני
אביב יוסי,65165482,2126-01-6,RF,10/28/2024,PMM  EP-330  TENMARS TM-196,WJ50860101   16010009,16/10/2021  10/01/2022,"מלר""ז - מעבדה מוסמכת למדידות קרינה ע""י הרשות הלאומית להסמכת מעבדות",072-2223860/6,052-4446197,03-5250037,רחוב אלוף דוד 141 רמת גן 52241,yosiaviv59@gmail.com
אביב יוסי,65165482,2126-01-4,ELF,10/28/2024,GIGAHERTZ  SOLUTION  TENMARS TM-192,35000000901 170504095,08/03/2022,"מלר""ז - מעבדה מוסמכת למדידות קרינה ע""י הרשות הלאומית להסמכת מעבדות",072-2223860/6,052-4446197,03-5250037,רחוב אלוף דוד 141 רמת גן 52241,yosiaviv59@gmail.com
אבנטוב אלי,52773256,3500-01-4,ELF,02/07/2022,AARONIA  NF-5035  TENMARS TM-192D,1745  180500665,22/12/2022  27/06/2021,אבן גרין בדיקות קרינה ,077-3323567,054-3030011,,יעל רום 3/77 פתח תקווה 4906214,info@evengreen.co.il
אבנטוב אלי,52773256,3500-01-6,RF,02/07/2022,NARDA  NBM-520  narda ef-0691,B-0350  H-0097,07/08/2022,אבן גרין בדיקות קרינה ,077-3323567,054-3030011,,יעל רום 3/77 פתח תקווה 4906214,info@evengreen.co.il
אור ניראל,37154572,5046-01-04,ELF,11/07/2023,AARONIA  HF-60105,58046,08/20/2021,"קרן אור לי 1996 בע""מ",,052-2000222,09-7941732,רחוב האלון 3 קרני שומרון ,nirelor@gmail.com
אטיאס יואב,237552543,5150-01-6,RF,10/10/2021,SMART FIELD  RFP-05M  PI-01/PI-05,613  594+F96,24/09/2021  23/09/2021,תעשייה אווירית - מפעל מבת,,054-5510029,,אזור התעשייה יהוד 56100 ת.ד. 105 ,yoattias@iai.co.il
אטיאס יואב,237552543,5150-01-4,ELF,10/10/2021,TENMARS  TM- 192D,141101795,10/13/2022,תעשייה אווירית - מפעל מבת,,054-5510029,,אזור התעשייה יהוד 56100 ת.ד. 105 ,yoattias@iai.co.il
אטיאס יצחק,32328460,5257-01-6,RF,03/15/2026,NARDA EF-1891  NARDA EF-5092,G-0065  01234,12/28/2021,רפאל,03-9432457,052-9251252,03-9432453,"בת""א 30 בסיס פלמחים מה""ן/ רפאל",
אייזנמן צבי,57265563,5240-01-4,ELF,10/28/2024,TENMARS  TM- 192D,180500222,08/20/2021,המפתח לניהול והנדסת בטיחות,02-6742626,054-4412622,,רחוב פרנק 17 בית וגן ירושלים,tzvi@eizenman.com
אייזנמן צבי,57265563,5240-01-5,RF,10/28/2024,TENMARS TM-195,180603293,08/20/2021,המפתח לניהול והנדסת בטיחות,02-6742626,054-4412622,,רחוב פרנק 17 בית וגן ירושלים,tzvi@eizenman.com
אילוז אהוד,31451990,5043-01-4,ELF,11/04/2024,MAAGAR-TEC TM-192,18050031,01/09/2022,"עמי שפט הנדסת חשמל בדיקות תרמוטרפיות בע""מ",,050-8292055,,חטיבת הנמל 39 חדרה,udiiluz@gmail.com
אילן אליהו ,25116476,2123-01-6,RF,06/04/2024,NARDA NBM-550,E-1080,04/30/2021,"ממ""ג שורק - מרכז למחקר גרעיני נחל שורק",08-9434364,050-6292092,08-9434670,המרכז למחקר דרעיני נחל שורק 81800,radsafe@soreq.gov.il
אלבויים יוסף,56244361,2070-01-4,ELF,08/14/2024,NARDA EFA-300 WAVECONTROL SMP2                   ,S-0025  17SN0627 3151 3735 3739 3250 ,04/05/2021 21/06/2022 24/08/2021 03/05/2021 20/01/2021 20/04/2021,"חברת החשמל לישראל בע""מ ",04-8646345,052-2899141,04-8183676,"ת.ד 10 ,חיפה 31000",yosef@iec.co.il
אלגלי ציון,56638901,4900-01-5,RF,10/05/2024,NARDA  NBM-520,D-1044,11/24/2022,"חטיבת אלתא בע""מ",09-9551659,052-4238649,08-8575249,רח יאיר שטרן 5/13 הרצליה 4641205,zelgali@elta.co.il
אלגלי ציון,56638901,4900-01-4,ELF,10/05/2024,KAISE SK-8301,1656,12/02/2021,"חטיבת אלתא בע""מ",09-9551659,052-4238649,08-8575249,רח יאיר שטרן 5/13 הרצליה 4641205,zelgali@elta.co.il
אלחיאני שי,23057086,5018-01-6,RF,07/28/2022,TENMARS  TM-196,181100570,02/03/2022,אורגל הנדסה,08-9422333,054-5424710,15389422333,שנף 18 יבנה,orgalh@gmail.com
אלחיאני שי,23057086,5018-01-4,ELF,10/28/2022,MRC TM-192,181100570,11/17/2022,אורגל הנדסה,08-9422333,054-5424710,15389422333,שנף 18 יבנה,orgalh@gmail.com
אלחלל מיה ,13697352,5249-01-4,ELF,07/26/2025,ALPHALAB UHS2 ,406,11/21/2021,"תעות בע""מ Mlstake Ltd",03-7578722,054-4926304,,נחל בשור 17 רמת השרון,mayaa@mayaelhalal.com
אלחלל מיה ,13697352,5249-01-6,RF,07/22/2025,wandel&golterman,T-0021,11/20/2021,"תעות בע""מ Mlstake Ltd",03-7578722,054-4926304,,נחל בשור 17 רמת השרון,mayaa@mayaelhalal.com
אלעד מור,33693037,5153-01-4,ELF,01/01/2022,MRC  TM-192D   ,180500606,06/16/2021,פרטי,,054-2471801,,רחוב עוזיאל 7 רמת גן,morelad@gmail.com
אלשופרה אוסמה ,40412975,5090-01-4,ELF,12/11/2024,TENMARS  TM-192D,180500789,02/02/2021,ספקטרום טק,02-6277754,058-7700788  054-7884171,02-6277754,א-טור אל כילה 19 ת.ד 38651 ירושלים,SHURAFA.OSAMA@GMAIL.COM
אלשופרה אוסמה ,40412975,5090-01-6,RF,12/11/2024,TENMARS  TM-196  TM-192,19060040 181100838,27/04/2021  10/02/2021,ספקטרום טק,02-6277754,058-7700788   054-7884171,02-6277754,א-טור אל כילה 19 ת.ד 38651 ירושלים,SHURAFA.OSAMA@GMAIL.COM
אמסלם מתן,308343128,5225-01-4,ELF,02/04/2024,TENMARS TM-192,180500494,01/13/2022,"מני סגל בדיקות קרינה ומיגון בע""מ",,050-5777406,,נורדאו 14 א' קרית אתא    ,amsalematan@gmail.com
אמסלם מתן,308343128,5225-01-6,RF,02/04/2024,TENMARS  TM-196  ,171200003,01/13/2022,"מני סגל בדיקות קרינה ומיגון בע""מ",,050-5777406,,נורדאו 14 א' קרית אתא    ,amsalematan@gmail.com
אציל יורם,54086152,5226-01-4,ELF,02/13/2024,TENMARS TM-192,181100842,02/20/2022,"לבטח הנדסה ובטיחות בע""מ",054-6866812,050-9003277,,סחרוב 11 ראשון לציון,yoram@lvth.co.il
אקטושב אולג,321178634,5235-01-4,ELF,03/27/2024,KAISE SK-8301,1656,12/02/2021,GAL-EL (MMIC),08-8626938,052-6399447,08-8626945,יצחק הנשיא 100,oaktushev@elta.co.il
ארבל אריק ,40832560,2040-21-6,RF,01/12/2026,NARDA NBM,A-0070,08/07/2022,"ד.ג.ש מדידות, הנדסה וייעוץ בע""מ",,052-2514913,,"התע""ש 25 ,כפר סבא ",service@dgsm.co.il
ארבל אריק ,40832560,2040-21-4,ELF,01/12/2026,EMDEX 11,3374,07/06/2022,"ד.ג.ש מדידות, הנדסה וייעוץ בע""מ",,052-2514913,,"התע""ש 25 ,כפר סבא ",service@dgsm.co.il
ארדן חיים ,21629225,5245-01-4,ELF,27.02.2025,AARONIA  NF-5035,45122,01/11/2021,כיל ישראל,,052-7929791,,מנחם קרויצר 1 באר שבע ,Haim.ardan@icl-group.com
ארליך מוטי,1362797,5131-01-4,ELF,02/01/2021,MRC TM-192D,150701477,04/15/2021,תעשייה אווירית - מפעל מבת,,052-4236294,,אלטלף 3 יהוד,motyerlich@gmail.com
ארליך מוטי,1362797,5131-01-6,RF,02/01/2021,MRC TES-593,160306375,04/11/2021,תעשייה אווירית - מפעל מבת,,052-4236294,,אלטלף 3 יהוד,motyerlich@gmail.com
באסל חסן,39445127,5255-01-6,RF,02/15/2026,WAVE CONTROL  WPF    AMPLIFER RESEURCH SMP 2,16WP090165   0580656,31/12/2023  27/08/2021,"חברת החשמל לישראל בע""מ ",076-8630823,054-6092770,,טובים 2 חיפה,basasel.hassan.co.il
באסל חסן,39445127,5255-01-4,ELF,02/15/2026,WAVE CONTROL   NARDA  ENERTECH EMDEX II,17WP100353  2245/90  2989  3151  3250  3735  3739 ,21/06/22 04/05/21  01/02/23  03/05/21  24/08/2 ,"חברת החשמל לישראל בע""מ ",076-8630823,054-6092770,,טובים 2 חיפה,basasel.hassan.co.il
בבילה הרצל,300120912,5126-01-4,ELF,12/31/2025,TENMARS  TM-192D ,180500609,01/02/2022,"לייף סייבר פתרונות קרינה בע""מ",04-6414311,050-2204848,03-9442233,העמל 17 ראש העין,herzel@life-saver.co.il
בולוניה אורי,,3000-02-4,ELF,05/03/2025,MAGNII TECHNOLOGIE dsp-523,151001,04/15/2021,בדיקות קרינה RAY WATCH,077-9400357,054-4425913,,ת.ד. 3676 רמת הדרון 47100,orib1234@gmail.com
בולוניה אורי,,3000-02-5,RF,01/15/2022,TENMARS  TM-196,17050077,01/15/2022,בדיקות קרינה RAY WATCH,077-9400357,054-4425913,,ת.ד. 3676 רמת הדרון 47100,orib1234@gmail.com
בוסני דן ,33559956,2210-01-4,ELF,07/30/2025,KAISE SK-8301,1620,11/23/2021,תעשיה אווירית מרכז הנדסה ,03-9356915,052-6126583,03-9357772,"מח' 4464 נתב""ג ,לוד",dbussani@iai.co.il
בוסני דן ,33559956,2210-01-6,RF ,01/18/2021,NARDA NBM 520,A0309,09/17/2022,תעשיה אווירית מרכז הנדסה ,03-9356915,052-6126583,03-9357772,"מח' 4464 נתב""ג ,לוד",dbussani@iai.co.il
ביניאשווילי מישל,16901670,2040-11-6,RF,05/13/2025,NARDA NBM,A-0070,08/07/2022,"ד.ג.ש מדידות, הנדסה וייעוץ בע""מ",1800-30-30-45,,09-7666673,"התע""ש 25 ,כפר סבא ",service@dgsm.co.il
ביניאשווילי מישל,16901670,2040-11-4,ELF,02/12/2026,EMDEX 11,3374,07/06/2022,"ד.ג.ש מדידות, הנדסה וייעוץ בע""מ",1800-30-30-45,,09-7666673,"התע""ש 25 ,כפר סבא ",service@dgsm.co.il
בן- עזרא יאיר,39082318,5020-01-6,RF,01/01/2023,AARONIA HF-4040,63839,10/28/2022,יאיר - מדידות ובדיקות קרינה,052-4218154,052-4218154,15398349493,רחוב קצין 3 דירה 1 רעננה,yairkrina@gmail.com
בן- עזרא יאיר,39082318,5020-01-4,ELF,07/29/2024,AARONIA NF-5035  KAISE SK-8301,43985  01804,10/28/2022,יאיר - מדידות ובדיקות קרינה,052-4218154,052-4218154,15398349493,רחוב קצין 3 דירה 1 רעננה,yairkrina@gmail.com
בן - חורין יואב ,32816977,5057-01-6,RF,07/06/2025,TENMARS  TM-196,19060084,06/30/2022,"ג. בן - חורין מהנדסים בע""מ",03-5781311,054-2200820,03-5706870,ז'בוטינסקי 168 בני - ברק ,yoav@chorin-eng.net
בן - חורין יואב ,32816977,5057-01-4,ELF,07/29/2024,MAAGAR TEC TM-196,170500182,06/30/2022,"ג. בן - חורין מהנדסים בע""מ",03-5781311,054-2200820,03-5706870,ז'בוטינסקי 168 בני - ברק ,yoav@chorin-eng.net
בן - חורין עמיר ,31717549,5101-01-6,RF,02/21/2020,TENMARS  TM-196,190600084,06/30/2022,עמיר בן - חורין,,054-4916817,04-6767232,רחוב הנשר 11 בנימינה ,amirbenh@gmail.com
בן משה עידן,201531787,5228-01-4,ELF,02/15/2022,TENMARS TM-192,18050692,02/15/2022,"נקסטקום בע""מ",04-8322823,054-4446179,,שושנים 8/2 קרית ביאליק,idanb3@gmail.com
בן - שטרית בני,27260181,5112-01-4,ELF,09/21/2021,AARONIA NF-5010   AARONIA NF-3020,37321  011511,09/21/2022,טלרוז הנדסה ,,050-7549602,,אמרלד 4 אשדוד,bennyb@ashdodport.co.il
בן עטר שלומי ,35825330,5094-01-4,ELF,01/21/2025,ENERTECH  EMDEX ,26264,09/21/2022,P.M.D.S,,052-6895318,04-8221467,אברהם דנינו 16 א' /6 עכו ,Shlomiba9@walla.com  
בן עמי כופר,51060895,5220-01-4,ELF,11/13/2023,MRC TM-192D,190801427,06/30/2022,פרטי,04-8481133,050-6240682,153-506240682,האשל 29 קרית אתא 2823628,benamiko@gmail.com
בן ציון מיכאלי,16792707,5248-01-4,ELF,06/28/2025,TENMARS TM-192D,180500697,06/14/2021,"מ.ב.ד חברה להנדסת חשמל בע""מ",03-9624725,052-3995295,,רחוב החלמוים 32/7 ראשון לציון,benzhionmichaeli@gmail.com
בנישתי ז'ק,11138005,2124-01-7,RF,01/20/2025,PMM EMR-300 ,2244/31,06/27/2021,מרס אנטנות,03-5599661,050-8559910,03-5599677,רח' המנור 3 חולון 58861,Jacques@marsant.co.il
בקיש אלירן,301829214,5218-02-4,ELF,11/06/2023,TENMARS  TM-192,181100657,11/19/2022,"ארנולד בריל בע""מ ",08-9214015,050-8913433,,הברוש 18 בית אריה ,
ברנפלד אלדד,32096547,3800-01-4,ELF,06/20/2021,TENMARS  TM-192,181100778,04/23/2021,"א.וו. הנדסת חשמל ובקרה בע""מ",04-8402255,050-2081016,04-8402256,מרווה 3 נהריה,eldad@awe.co.il
ברסלר ליאור,29555703,5215-01-6,RF,12/16/2022,TENMARS  TM-196,19060021,12/13/2022,אינג' ליאור ברסלר - מדידות קרינה ,,054-3020655,,נחל ירקון 27 הוד השרון ,liorbres@gmail.com
ברסלר ליאור,29555703,5215-01-4,ELF,12/13/2022,TENMARS  TM-192D,180500799,12/16/2022,אינג' ליאור ברסלר - מדידות קרינה ,,054-3020655,,נחל ירקון 27 הוד השרון ,liorbres@gmail.com
גבאי יורם,24242067,2031-01-5,RF,06/26/2024,TENMARS TM-196,170500016,07/08/2022,גלית החברה לשירותי איכות הסביבה- בדק בית,1-700-505054,057-7740988,09-7724446,"ת.ד 425 ,רעננה 43000  4360306",yoram@galit.co.il
גבאי יורם,24242067,2031-01-4,ELF,03/16/2024,AARONIA 1010E AARONIA NF-3020 ,1456 37401,01/11/2023,גלית החברה לשירותי איכות הסביבה- בדק בית,1-700-505054,057-7740988,09-772446,"ת.ד 425 ,רעננה 43000  4360306",yoram@galit.co.il
גבאי רפי,23533334,5148-01-4,ELF,08/04/2021,TENMARS TM-192,180500451,02/21/2022,רם-אור,08-6813296,050-8788822,08-6891489,רחבת צופר 6 קריית גת ת.ד. 9005,rafisg4@gmail.com
גוזלן חיים,28473171,5144-01-04,ELF,03/20/2021,TENMARS TM - 192,18110745,06/30/2022,אור חיים חשמל,,054-6560339,,אורות ישראל 16 באר שבע,haim20571@bezeqint.net
גולדברג לב,303798375,5242-01-04,ELF,11/04/2024,TENMARS  TM-192,90801472,06/25/2022,"נרן לב אור בע""מ",,050-4606808,,"המהר""ל 3 פתח תקווה",Goldberg.lev@gmail.com
גיגי אריה,78784832,3000-04-4,ELF,09/12/2021,AARONIA NF-5035,43166,11/23/2022,גיגי טק   Gigitech,04-6350012,052-2921411,,ישוב שקד ד.נ. מנשה 37862,aryegigi7@gmail.com
גיגי אריה,78784832,3004-04-5,RF,09/12/2021,AARONIA HF-60105,58243,11/25/2022,גיגי טק   Gigitech,04-6350012,052-2921411,,ישוב שקד ד.נ. מנשה 37862,aryegigi7@gmail.com
גרשקוביץ' סלביק,307609958,2032-02-4,ELF,01/27/2025,TENMARS  TM-192D,140902117,27.04.2021,פרטי,,052-3323351,088-556298,הכלנית 3 אשדוד,sg.medidot@gmail.com
גרשקוביץ' סלביק,307609958,2030-02-5,RF,09/03/2024,WANDE& GOLTERMAN  2244/90,AY-0085,08/25/2021,פרטי,,052-3323351,088-556298,הכלנית 3 אשדוד,sg.medidot@gmail.com
דור מתן,39258694,5258-01-6,RF,03/24/2026,AARONIA  HF-60105 TENMARS TM-192D,60398  180500626,04/11/2021  11/11/2021,ראדור,054-5828133,052-7360051,,התמדה 6 ג' דירה 11 חריש ,raddor2019@gmail.com
דוד בצלאל דוקטורי,51342566,5129-01-4,ELF,01/17/2022,ENERTECH EMDEX,26274,12/28/2022,אורגד הנדסה,,052-4478940,,רחוב צבעוני 2 נצרת עילית,or-gad@012.net.il
"ד""ר אהוד נאמן",3989258,2161-01-5,RF,11/11/2024,PMM EP-330 ,101WJ41024,10/18/2021,"ד""ר אהוד נאמן",03-6476706,052-4802021,03-6444353,"רח' אלכסנדר פן 6 ב', תל אביב 69641",dr_ehudn@netvision.net.il
"ד""ר אהוד נאמן",3989258,2161-01-4,ELF,11/11/2024,AARONIA  NF-5035,43038,10/18/2021,"ד""ר אהוד נאמן",03-6476706,052-4802021,03-6444353,"רח' אלכסנדר פן 6 ב', תל אביב 69641",dr_ehudn@netvision.net.il
"ד""ר הישאם טאהא ",29867835,5106-01-4,ELF ,03/05/2020,AARONIA NF-1010,33426,04/15/2021,"נומאס טק בע""מ",054-6998599,054-6998599,,בועיינה - נוג'ידאת 16924,numas.tk@gmail.com
"ד""ר הישאם טאהא ",29867835,5106-01-5,RF,03/05/2020,AARONIA HF-4040,25600,04/10/2021,"נומאס טק בע""מ",054-6998599,054-6998599,,בועיינה - נוג'ידאת 16924,numas.tk@gmail.com
"ד""ר הראובני רונן",5715374,2123-14-4,ELF,,ENERTECH EMDEX II,3382,04/22/2021,"ממ""ג שורק - מרכז למחקר גרעיני נחל שורק",08-9434364,050-6292092,08-9434670,המרכז למחקר דרעיני נחל שורק 81800,radsafe@soreq.gov.il
"ד""ר הראובני רונן",5715374,2123-14-5,RF,,NARDA  NBM-550,E-1080,04/30/2021,"ממ""ג שורק - מרכז למחקר גרעיני נחל שורק",08-9434364,050-6292092,08-9434670,המרכז למחקר דרעיני נחל שורק 81800,radsafe@soreq.gov.il
"ד""ר פקר יוסף",15937402,2163-01-8,חוות דעת מקצועית,,,,01/02/2023,יעוץ הדרכה,04-8218183,050-7548234,04-8218183,רח' הנורית 14/2 נשר 36790,iosef.peker@gmail.com
"ד""ר פקר יוסף",15937402,2163-01-4,ELF,03/08/2022,MAGNII TECHNOLOGIE MT-263,141001,03/08/2021,יעוץ הדרכה,04-8218183,050-7548234,04-8218183,רח' הנורית 14/2 נשר 36790,iosef.peker@gmail.com
דוארי שמואל,54292651,5156-01-4,ELF,01/30/2022,NFA-400 GIGAHERTZ SOLUTIONS,35000001123,05/19/2022,ראדיטק raditech,,050-6776638,,אמיר דרורי 16 חולון,shmulikdu@gmail.com
דוארי שמואל,54292651,5156-01-6,RF,01/30/2022,TENMARS TM-196,171200190,11/19/2021,ראדיטק raditech,,050-6776638,,אמיר דרורי 16 חולון,shmulikdu@gmail.com
דר' כהן ישראל,24165102,3004-02-4,ELF,08/25/2025,  MAGNII TECHNOLOGIES DSP-523  LUTRON EMF-828  LUTRON EMF-03H,171110   I.433828  Q601978,17/05/2021 17/05/2021 ,אינספקטרום ייעוץ קרינה - דוקטור כהן,,054-4571069,077-4703381,רחוב נחלה 6 רמת גן 5233819,israel1492@gmail.com
דר' כהן ישראל,24165102,3004-02-5,RF,08/29/2021,LUTRON EMF-829  TENMARS TM-196,q6901978 190800028, 04/06/2022,אינספקטרום ייעוץ קרינה - דוקטור כהן,,054-4571069,077-4703381,ההסתדרות 70 גבעתיים 53526,israel1492@gmail.com
האפטמן ירמיהו,24957375,2032-04-4,ELF,,PMM EHP-50B,241WM30520,06/21/2022,גל - בטוח,03-6347012,03-6347012,03-6347013,ת.ד 5332 ראשון לציון 75153,yirmi@galsafe.com
האפטמן ירמיהו,24957375,2032-04-5,RF,,PMM 8053A  PMMEP-183,142WK2128  000WJ30616,07/24/2021,גל - בטוח,03-6347012,03-6347012,03-6347013,ת.ד 5332 ראשון לציון 75153,yirmi@galsafe.com
היים אורי,27283696,2060-01-4,ELF,02/26/2020,EMDEX II    ,3404,01/21/2022,RF CELL,03-9032990,050-3376660,09-9032989,המלאכה 14 ראש העין פארק אפק,uri@rfcell.com
היים אורי,27283696,2060-01-5,RF,02/26/2020,PMM 8053B  EP-330 NBM-550-90GHz,000WJ61217 H-0710,10/09/2022 11/01/2023  10/09/2022,RF CELL,03-9032990,050-3376660,09-9032989,המלאכה 14 ראש העין פארק אפק,uri@rfcell.com
הרטל אורן,1501295,3003-01-5,RF,04/03/2021,PMM EP-330 ,101WJ80926  142WK21210,02/10/2021  08/10/2021,פרטי,04-9834927,052-6662580,,"רח' הציפורנים 20 ,קריית טבעון 36066",hartalo@bezeqint.net
הרטל אורן,1501295,2126-01-4,ELF,04/03/2021,MG 4080,543,03/28/2022,פרטי,04-9834927,052-6662580,,"רח' הציפורנים 20 ,קריית טבעון 36066",hartalo@bezeqint.net
וייס ליאופלד,13133590,5029-01-4,ELF,08/14/2024,NARDA EFA-300 WAVECONTROL SMP2                   ENERTECH EMDEX II ,S-0025  17SN0627 3151 3735 3739 3250 2989,04/05/2021 21/06/2022 24/08/2021 03/05/2021 20/01/2021 20/04/2021,"חברת החשמל לישראל בע""מ ",04-8646304,,,רח' אשכולית 1 נשר,uj45a@iec.co.il
וייס ליאופלד,13133590,5029-01-6,RF ,02/26/2023,AARONIA  60100,65691,27/08/2022 20/01/2021,"חברת החשמל לישראל בע""מ ",04-8646304,,,רח' אשכולית 1 נשר,uj45a@iec.co.il
זאביחי יצחק ,36182301,2190-01-6,RF,10/01/2024,TENMARS TM-196,190200080,11/07/2021,המכון לבדיקות קרינה סביבתית    -  RAD TEST,03-9361835,050-8311184,077-8211182,"רח' יהודה הנשיא 13 ,פתח תקווה ",rad_test@walla.com
זאביחי יצחק ,36182301,2190-01-4,ELF,10/01/2024,TENMARS TM-192D,180500844,04/21/2021,המכון לבדיקות קרינה סביבתית    -  RAD TEST,03-9361835,050-8311184,077-8211182,"רח' יהודה הנשיא 13 ,פתח תקווה ",rad_test@walla.com
זומר עוזי ,55373336,5000-01-4,ELF,10/30/2021,F.W BELL  5080,9645188,05/01/2027,פרטי,03-9193444,050-7336444,03-9193444,רחוב יוסף נקר 44 פתח תקווה,uzys@102.gov.il
זומר עוזי ,55373336,500-01-5,RF,10/30/2021,CORNET ED78S ,1204000678,01/01/2027,פרטי,03-9193444,050-7336444,03-9193444,רחוב יוסף נקר 44 רפתח תקווה ,uzys@102.gov.il
זלבה מיכאל,33797168,2041-01-4,ELF,09/15/2021,EHP-50A EP-408 EHP-50A,1311L20320  000WX40307 1311L20320,02/10/21 08/10/2021 08/10/2021,אתרוג מהנדסים,077-5300087,,02-5710733,רחוב שאול אביגדור 27/3 מיקוד 93211 ירושלים,cmtzlb@gmail.com
זלבה מיכאל,33797168,2041-01-5,RF,09/15/2021,PMM EP-330 ,101WJ80926  142WK21210,02/10/2021  08/10/2021,אתרוג מהנדסים,077-5300087,,02-5710733,רחוב שאול אביגדור 27/3 מיקוד 93211 ירושלים,cmtzlb@gmail.com
זליג פול,15672645,5211-01-4,ELF,26.02.2023,GIGAHERTZ  NFA 30M,35000001961,01/10/2022,אנליסט - בדיקות ופתרונות קרינה ,02-6760260,050-6237687,,שבתאי הנגבי 46 דירה 29 ירושלים,pzelig@013.net.il
טוני וולפמן,15159155,5137-01-4,ELF,02/18/2021,EMDEX MATE,26277,02/12/2021,סביבה בריאה ,,054-2271364,,סמטת נס ציונה 4 א' תל - אביב,tony@sviva-briya.co.il
טל בן עמי,21643747,5051-01-4,ELF,02/18/2021,AARONIA  NF-1010E,33374,12/09/2021,"עופר בטיחות בע""מ",,050-3344848,03-9060302,ת.ד. 528 הוד השרון,tal@ofersafety.co.il
יאנובסקי דימיטרי,307264937,2060-06-5,RF,,PMM 8053B  EP-330 NBM-550-90GHz,000WJ61217 H-0710,10/09/2022 11/01/2023  10/09/2022,RF CELL,03-9032990,050-3376660,09-9032989,המלאכה 14 ראש העין פארק אפק,uri@rfcell.com
יגר אמיר,57109282,2070-05-4,ELF,08/11/2024,NARDA EFA-300 WAVECONTROL SMP2                   ENERTECH EMDEX II ,S-0025  17SN0627 3151 3735 3739 3250 2989,04/05/2021 21/06/2022 24/08/2021 03/05/2021 20/01/2021 20/04/2021,חברת ניהול המערכת,,,,מרכז קסטרא משה פלימן 8 חיפה,amir.yeger@sysmc.co.il
יוסף יצחק,11160579,5044-01-6,RF,01/26/2024,TENMARS  TM-196  ,150100061,  25/09/2021,פרטי,08-9493608,050-9493608,,רח' שוהם 53 רחובות 76227,isacyosef@gmail.com
יוסף יצחק,11160579,5044-01-4,ELF,01/26/2024,  LANTEX MG-2000TD,170400110,09/26/2021,פרטי,08-9493608,050-9493608,,רח' שוהם 53 רחובות 76227,isacyosef@gmail.com
יוחננוב איליה,310913157,5207-01-4,ELF,11/23/2022,AARONIA NF 5035,43160,09/27/2022,יוחננוב הנדסת חשמל,,502981525,,צאלון 4 דירה 11 חריש ,ilya-yohananov@gmail.com
יחזקאל גבריאל,27172584,5234-01-4,ELF,05/16/2024,TENMNARS TM-192D,190801635,02/18/2022,משטרת ישראל ,03-5705398,505071724,,יגאל אלון 15 בני ברק ,gaby858@bezeqinet.net
יעקב  מאיר,64229255,2120-02-4,ELF,05/19/2024,TENMARS  TM-192D,120600071,04/06/2023,"מדידות מאיר בע""מ",,054-4700805,153-544700805,דוויט אייזנהאואר 1 נתניה,medidot@gmail.com
יעקובי שמיר,31839996,2060-12-6,RF,05/12/2026,PMM 8053B  EP-330 NARDA EF9091,000WJ61217 00WJ0715 A-0082,11.01.2023  10.09.2022  10.09.2022,RF CELL,03-9032990,050-3376660,09-9032989,המלאכה 14 ראש העין פארק אפק,tzahi@rfcell.com
ירימי דוד,55559454,5055-01-6,RF,08/30/2020,MRC TES-593,140905069,04/09/2021,פרטי,02-6753621,050-6233566,02-6753621,רח' הרימון 61 ד.נ. שמשון מיקוד 99750 מושב צלפון,dyarimy@knesset.gov.il
ירימי דוד,55559454,5055-01-4,ELF,12/09/2024,EMDEX,26260,11/21/2021,פרטי,02-6753621,050-6233566,02-6753621,רח' הרימון 61 ד.נ. שמשון מיקוד 99750 מושב צלפון,dyarimy@knesset.gov.il
ירימי שלמה,66665811,5252-01-04,ELF,12/24/2025,EMDEX ,26260,11/21/2021,ש.י. חשמל,077-4300418,052-5246065,,מני אליהו 6 ירושלים,e0527131251@gmail.com
ישראל דני ,56147366,2070-06-4,ELF,08/14/2024,NARDA EFA-300 WAVECONTROL SMP2                   ENERTECH EMDEX II ,S-0025  17SN0627 3151 3735 3739 3250 2989,04/05/2021 21/06/2022 24/08/2021 03/05/2021 20/01/2021 20/04/2021,"חברת החשמל לישראל בע""מ ",04-8646345,,04-8183676,"ת.ד 10 ,חיפה 31000",yegera@iec.co.il
כהן  גל רפאל,38279964,2040-14-6,RF,,NARDA NBM,EF-1891  NBM-550 G-0274  H-0259,07/24/2021,"ד.ג.ש מדידות, הנדסה וייעוץ בע""מ",1800-303045,,09-7666673,"התע""ש 25 ,כפר סבא ",service@dgsm.co.il
כהן יוסף,300871514,5231-01-4,ELF,03/26/2024,TENMARS  TM-192D,180500810,01/01/2022,"לייף סייבר פתרונות קרינה בע""מ",04-6414311,054-5548669,03-9442233,עמל 17 ראש העין,yosef@life-saver.co.il
כהן נטע,25271073,5111-01-4,ELF,08/17/2025,KAISE SK-8301,1710,03/18/2021,"אלתא מערכות בע""מ",,052-3010913,,שדרות יצחק הנשיא 100 אשדוד,cneta@elta.co.il
לאון יאבל,310720321,2060-04-6,RF,12/20/2023,PMM 8053B  EP-330 NBM-550-90GHz,000WJ61217 H-0710,01/21/2022,RF CELL,03-9032990,050-3376660,09-9032989,המלאכה 14 ראש העין פארק אפק,uri@rfcell.com
לאופר צחי,38398889,2060-01-4,ELF,06/10/2025,  EMDEX II  ,3404,01/21/2022,RF CELL,03-9032990,050-3376660,09-9032989,המלאכה 14 ראש העין פארק אפק,uri@rfcell.com
לאופר צחי,38398889,2060-07-6,RF,01/27/2020,PMM EP-330 3 NBM-550,000WJ61217  H-0710 ,10/09/2022 11/01/2023  10/09/2022,RF CELL,03-9032990,050-3376660,09-9032989,המלאכה 14 ראש העין פארק אפק,uri@rfcell.com
לבל גבריאל,54143722,5209-01-4,ELF,11/21/2021,MG 4080,543,03/28/2021,עצמאי,,054-7885072,,רח' אלברט שוויצר 75 חיפה,gb.loebl@gmail.com
לוי ארז,53008934,4200-01-5,RF,30.10.2021,NARDA  NBM-550,E-1239,02/07/2022,"מלט, תעשייה אווירית",03-9359303,052-7907815,,מקלף 12 חולון,levi@iai.co.il
לוי ארז,53008934,4200-01-4,ELF,30.10.2021,NARDA EHF-50D,230wx31050,01/16/2022,"מלט, תעשייה אווירית",03-9359303,052-7907815,,מקלף 12 חולון,levi@iai.co.il
לוי ניסים,12086476,3008-02-4,ELF,06/03/2020,MRC TM-192D ,180500606  180500469  180500435,06/16/2022,"להיט מערכות בע""מ",03-6776606    1700-700-979,,03-6776670,רח' עוזיאל 65 רמת - גן ,laheat.sys@gmail.com
לוי ניסים,12086476,3008-02-5,RF,06/03/2020,MRC TM-196,17120037,06/16/2022,"להיט מערכות בע""מ",03-6776606    1700-700-979,,03-6776670,רח' עוזיאל 65 רמת - גן ,laheat.sys@gmail.com
לומברג יעקב ,309939460,5214-01-4,ELF,18.03.2023,GIGAHERTZ  NFA-30M,35000001960,01/19/2022,יעקב לומברג ,077-7007099,050-6233195,,רחוב שבתאי הנגבי 44/18 ירושלים,lomberg77@gmail.com
לנקביץ יורם,12332326,5092-01-4,ELF,27.04.2026,TENMARS TM-192,180500446,09.03.2023,אינג' יורם לנקביץ מהנדס חשמל - בודק,,050-5435455,04-8262549,הראל 17 חיפה,yoramlenkiewicz@yahoo.com
מוסקוביץ' משה,26809475,2006-04-6,RF,,PMM EMR-300 ,2244/31,06/27/2021,מרס אנטנות,03-5599661,050-8559910,03-5599677,רח' המנור 3 חולון 58861,jacpoes@marsant.co.il
מיכאל רוטנברג,24288284,5236-01-4,ELF,26.08.2024,TENMARS TM-192,180500532,07/30/2021,"א.מ. רוטנברג הנדסת חשמל בע""מ",077-9313977,054-7482802,077-9313977,יהלום 57/2 מודיעין,micharothenberg@gmail.com
מלכי אבי,24155806,3004-01-4,ELF,03.03.2025,AARONIA NF-5035  AARONIA NF-5035,43995  43076,21/12/2022  09/12/2022,קבוצת קוואנטום - פיסיקאים מומחים בקרינה,,052-2681834,077-4448686,היובל 4 א' רעננה ,info@quantum-group.co.il
מלכי אבי,24155806,3004-01-5,RF,,NARDA  SRM-300,Y2007,05/06/2022,קבוצת קוואנטום - פיסיקאים מומחים בקרינה,,052-2681834,077-448686,היובל 4 א' רעננה ,info@quantum-group.co.il
מקסימוב איגור,306678426,5110-01-4,ELF,08/17/2025,KAISE SK-8301,1710,03/18/2021,"אלתא מערכות בע""מ",,052-6040886,,רחוב העצמאות 48/43 אשדוד 7745248,maksimov@elta.co.il
מקסימוב איגור,306678426,5110-01-6,RF,08/17/2025,NARDA NMB-520,D-1044,01/24/2022,"אלתא מערכות בע""מ",,052-6040886,,רחוב העצמאות 48/43 אשדוד 7745248,maksimov@elta.co.il
מרום יהונדב,40603151,2040-08-5,RF,05/13/2025,NARDA NBM,A-0070,08/07/2022,"ד.ג.ש מדידות, הנדסה וייעוץ בע""מ",1800-303045,,09-7666673,"התע""ש 25 ,כפר סבא ",service@dgsm.co.il
מרום יהונדב,40603151,2040-08-4,ELF,01/12/2026,EMDEX 11,3374,07/06/2022,"ד.ג.ש מדידות, הנדסה וייעוץ בע""מ",1800-303045,,09-7666673,"התע""ש 25 ,כפר סבא ",service@dgsm.co.il
מרחסין איליה,309528297,5161-01-6,RF,,TENMARS  TM-196,61100098,02/17/2021,רפאל,077-5502049,050-4039140,,זכרון יעקב 15 חוגלה ,merhasin.ilya@gmail.com
מרחסין איליה,309528297,5161-01-4,ELF,,TENMARS TM- 192D,161201846,02/17/2023,רפאל,077-5502049,050-4039140,,זכרון יעקב 15 חוגלה ,merhasin.ilya@gmail.com
מרינו אדריאן,11586476,3003-01-5,RF,07/22/2025,GENERAL MICROWAVE 495,230071,05/27/2022,פרטי,03-9515337,052-7254049,03-9515337,רח' גרנית 5/1 ראשון לציון ,cama021@gmail.com
מרינו אדריאן,11586476,3003-01-4,ELF,07/22/2025,ALPHALAB UHS 345,4643168,05/20/2022,פרטי,03-9515337,052-7254049,,רח' גרנית 5/1 ראשון לציון ,cama021@gmail.com
מרינל מיקהל,68189174,3005-01-6,RF,,  LUTRON EP-03H  ,Q600727  ,03/14/2023,שזטק,04-6921320,,04-6921320,שיכון עממי 9/ ב צפת 13250,SZTECH@BEZEQINT.NET
מרינל מיקהל,68189174,3005-01-1,ELF,,AARONIA NF-1010E,35318,02/01/2023,שזטק,04-6921320,,04-6921320,שיכון עממי 9/ ב צפת 13250,SZTECH@BEZEQINT.NET
מרציאנו ציון,40853053,2060-13-6,RF,,PMM 8053B  EP-330 NBM-550-90GHz,000WJ61217 H-0710,10/09/2022 11/01/2023  10/09/2022,RF CELL,03-9032990,050-3376660,09-9032989,המלאכה 14 ראש העין פארק אפק,mhui1126@gmail.com
מרציאנו ציון,40853053,2060-13-4,ELF,,EMDEX II  ,3404,01/21/2022,RF CELL,,050-2000349,,אנה פרנק 43 בת - ים ,mhui1126@gmail.com
נוואמה חיים,54050232,5032-01-6,RF,,TENMARS  TM-196,171200109,05/15/2021,משטרת ישראל ,02-5853085,050-7335555,02-5426677,חיים לסקוב 8 ירושלים,navamah@inter.net.il
נוואמה חיים,54050232,5032-01-4,ELF,,TENMARS TM-192D,180500661,05/15/2021,משטרת ישראל ,02-5853085,050-7335555,02-5426677,חיים לסקוב 8 ירושלים,navamah@inter.net.il
ניסים עיד,23259815,5108-01-4,ELF,03/17/2025,NARDA EFA-300 WAVECONTROL SMP2                   ENERTECH EMDEX II ,S-0025  17SN0627 3151 3735 3739 3250 2989,04/05/2021 21/06/2022 24/08/2021 03/05/2021 20/01/2021 20/04/2021,חברת החשמל לישראל מעבדת חשמל,076-8630795,054-6693435,,אשכולות 1 נשר,eid.nassim@iec.co.il
ניסים עיד,23259815,5108-01-6,RF,03/17/2025,  WAVE CONTROL TES-593,160603527 0580656,03/12/2021 27/08/2021,חברת החשמל לישראל מעבדת חשמל,054-6693435,054-6693435,,נצרת ת.ד. 8841 מיקוד 16481,nassimeid@gmail.com
ניסני שרית,34698266,3000-03-4,ELF,07/31/2021,TENMARS TM-192D,180500630,01/02/2022,"לייף סייבר פתרונות קרינה בע""מ",04-6414311,054-8119978,03-9442233,העמל 17 ראש העין,sarit@life-saver.co.il
ניר משה,56758451,2002-01-4,ELF,09/15/2024,  F.W.BELL 4190,12288006,12/19/2021,"א.מ.נ המכון לבדיקות קרינה ובריאות סביבתית בע""מ",  09-7439917,050-6518890,09-7439917,רחוב ויצמן 47 כפר-סבא 44351,info@radon.co.il
נמיר אלבז צופיה,301863270,5227-01-6,ELF,07.03.2024,KAISE  SK-8301,1638,03/11/2023,רכבת ישראל,08-6533305,052-8657800,08-653360,יוספטל 1 לוד,tsopian@rail.co.il
נצר משה,50423920,2050-01-5,RF,,PMM EP-330 ,101WJ80926  142WK21210,02/10/2021  08/10/2021,"הנדסת תאימות ובטיחות אלמ""ג",04-8347186,052-2827476,04-8347186,שד' הנדיב 9 חיפה 34611 ,netzerm@netvision.net.il
נצר משה,50423920,2050-01-4,ELF,,EHP-50A EP-408 EHP-50A,1311L20320  000WX40307 1311L20320,02/10/21 08/10/2021 08/10/2021,"הנדסת תאימות ובטיחות אלמ""ג",04-8347186,052-2827476,04-8347186,שד' הנדיב 9 חיפה 34611 ,netzerm@netvision.net.il
סבן מוטי,67307421,2001-03-4,ELF,,KAISE SK-8301 ,1656,12/02/2021,"אלתא מערכות  בע""מ -אשדוד",08-8577389,052-4238410,08-8572420,שדרות יצחק הנשיא 100 אשדוד,gito@inter.net.il
סבן מוטי,67307421,2001-03-5,RF,,NARDA  NBM-520,D-1044,11/13/2020,"אלתא מערכות  בע""מ -אשדוד",08-8577389,052-4238410,08-8572420,שדרות יצחק הנשיא 100 אשדוד,gito@inter.net.il
סגל מני,59153106,2162-01-4,ELF,08/20/2024,KAISE SK-8301  TENMARS TM-192  TENMARS TM-192D,2085  180500534 180500654,20/04/22 13/01/22  13/02/21,"מני סגל בדיקות קרינה ומיגון בע""מ",04-8480554,052-8755666,04-8480554,"רחוב צבי הרר 70/1 ,קריית אתא 28323",menisegall@gmail.com
סגל מני,59153106,2162-01-6,RF,08/20/2024,TENMARS TM-196 ,190200032,01/13/2022,"מני סגל בדיקות קרינה ומיגון בע""מ",04-8480554,052-8755666,04-8480554,"רחוב צבי הרר 70/1 ,קריית אתא 28323",menisegall@gmail.com
סדן דניאל,60547239,2080-01-4,ELF,,PMM NARDA EHP-50C,352WN40613,07/30/2021,"קמ""ג",08-6568394,,08-6568505,ת.ד. 9001 אשדוד,dsadan@gmail.com
סדן דניאל,60547239,2080-01-5,RF,,PMM  HP-032  PMM EP-330,001WJ40309  101WJ40705,31/07/2021 29/07/2021,"קמ""ג",08-6568394,,08-6568505,ת.ד. 9001 אשדוד,dsadan@gmail.com
סויסה אוריאל,33462243,5205-01-04,ELF,08/15/2022,KAISE SK-8301,1656,08/15/2022,"אלתא מערכות בע""מ",08-8626405,050-6981288,08-8572330,שדרות יצחק הנשיא 100 אשדוד,oswisa@elta.co.il
סויסה אוריאל,300490919,5205-01-06,RF,08/15/2022,NARDA NBM-520,W-0049,08/15/2022,"אלתא מערכות בע""מ",08-8626405,050-6981288,08-8572330,שדרות יצחק הנשיא 100 אשדוד,oswisa@elta.co.il
סופר אברהם ,300490919,5149-01-4,ELF,,NARDA EFA-300 WAVECONTROL SMP2                   ENERTECH EMDEX II ,S-0025  17SN0627 3151 3735 3739 3250 2989,04/05/2021 21/06/2022 24/08/2021 03/05/2021 20/01/2021 20/04/2021,חברת ניהול המערכת,,,,מרכז קסטרא משה פלימן 8 חיפה,abraham.soffer@iec.co.il
סיבוני ישראל,38584736,2125-03-6,RF,,TES 593,130208664,11/24/2022,CELLTEST,1599500760,052-8455404,15352837121,קיבוץ נגבה 7985600,celltest@celltest.co.il
סיבוני ישראל,38584736,2125-03-4,ELF,,GIGAHERTZ COMBINOVA FD1,35000000877 888,03/23/2022,CELLTEST,1599500760,052-8455404,15352837121,קיבוץ נגבה 7985600,celltest@celltest.co.il
סלומון אורן,33137712,2040-09-7,RF,05/13/2025,NARDA NBM,A-0070,08/07/2022,"ד.ג.ש מדידות, הנדסה וייעוץ בע""מ",1800-303045,,09-7666673,"התע""ש 25 ,כפר סבא ",service@dgsm.co.il
סלומון אורן,33137712,2040-06-4,ELF,01/12/2026,EMDEX 11,3374,07/06/2022,"ד.ג.ש מדידות, הנדסה וייעוץ בע""מ",1800-303045,,09-7666673,"התע""ש 25 ,כפר סבא ",service@dgsm.co.il
סלוצקי מאור ,43362755,5107-01-4,ELF,,TENMARS TM-192,141101585,07/27/2021,"א.סלוצקי הנדסה בע""מ",,052-8967999,,שארית הפליטה 28 חיפה,sloo@017.net.il
סלימן אלון,25241654,5235-01-4,ELF,,MRC TM-192D  AARONIA NF-5035, 44270   180500848,23/02/2022   09/03/2021,פרטי,,052-2650262,,קיבוץ המעפיל ד.נ. עמק חפר ת.ד.221 38857,alon.elf.rf@gmail.com
סלימן אלון,25241654,5235-01-6,RF,,MRC TM-196,190200060,03/09/2021,פרטי,,052-2650262,,קיבוץ המעפיל ד.נ. עמק חפר ת.ד.221 38857,alon.elf.rf@gmail.com
סלם יאיר,33206210,2040-10-5,RF,05/13/2025,NARDA NBM,A-0070,08/07/2022,"ד.ג.ש מדידות, הנדסה וייעוץ בע""מ",09-7666693,,09-7666673,"התע""ש 25 ,כפר סבא ",service@dgsm.co.il
סלם יאיר,33206210,2040-10-4,ELF,01/12/2026,EMDEX 11,3374,07/06/2022,"ד.ג.ש מדידות, הנדסה וייעוץ בע""מ",09-7666693,,09-7666673,"התע""ש 25 ,כפר סבא ",service@dgsm.co.il
סמוכיאן שי,22268395,5017-01-4,ELF,,MRC  TM-192,180500578,06/22/2022,שי אור - גל,077-3523511,050-5605910,,הגיבור האלמוני 14 תל אביב,shaiorg@netvision.net.il
סער דני,57193179,2030-14-4,ELF,02/12/2025,PMM 8053 ,124WK21131,07/22/2022,גל סייף,03-6347012,,03-6347013,יוני נתניהו 5 אור יהודה בית יחזקאל,dani.galsafe@gmail.com
סער דני,57193179,2030-14-4,RF,09/09/2024,PMM 8053,124WK21131,07/22/2022,גל סייף,03-6347012,,03-6347013,יוני נתניהו 5 אור יהודה בית יחזקאל,dani.galsafe@gmail.com
סרוסי קובי,31913833,2032-07-05,RF,04.09.2024,TENMARS TM-196,200600074,10/11/2021,"גל בטוח הנדסה בע""מ",03-6347015,,,ששת הימים 20 יהוד,support@gale.co.il
סרוסי קובי,31913833,2032-07-05,RF,04.09.2024,TENMARS TM-192,200600074,10/11/2021,"גל בטוח הנדסה בע""מ",03-6347015,,,ששת הימים 20 יהוד,support@gale.co.il
סרוסי קובי,31913833,2032-01-04,ELF,23.06.2025,TENMARS TM-192,40902101,11/03/2021,"גל בטוח הנדסה בע""מ",03-6347015,,,ששת הימים 20 יהוד,support@gale.co.il
סרור ברוך,629182530,2050-03-5,RF,,PMM EP-330 ,101WJ80926  142WK21210,02/10/2021  08/10/2021,"הנדסת תאימות ובטיחות בע""מ",04-8446571,052-2365295,04-8446571,רח' השופטים 16 ק. אתא 28076,sgila1@bezeqint.net
סרור ברוך,629182530,2050-03-4,ELF,,EHP-50A EP-408 EHP-50A,1311L20320  000WX40307 1311L20320,02/10/21 08/10/2021 08/10/2021,"הנדסת תאימות ובטיחות בע""מ",04-8446571,052-2365295,04-8446571,רח' השופטים 16 ק. אתא 28076,sgila1@bezeqint.net
עוז גל,301067989,5050-01-4,ELF,11/07/2023,TENMARS  TM-192D,180500810,01/01/2022,"לייף סייבר פתרונות קרינה בע""מ",04-6414311,052-3807350,03-9442233,עמל 17 ראש העין,gal@lifesaver.co.il
עזריאל שרעבי,31503519,5219-01-4,ELF,,TENMARS TM-192D,3876318850,08/15/2021,תעשייה אווירית - מפעל מבת,,052-6126583,03-9357772,אזור התעשייה יהוד 56100 ת.ד 105 ,azsharabi@iai.co.il
עזריאל שרעבי,31503519,5219-01-6,RF,,SMART FIELD  RFP-05M  PI-01/PI-05,613  594,24/09/2021  23/09/2021,תעשייה אווירית - מפעל מבת,,052-6126583,03-9357772,אזור התעשייה יהוד 56100 ת.ד 105 ,azsharabi@iai.co.il
עקירב דודו,34417667,2040-16-5,RF,05/13/2025,NARDA NBM,A-0070,08/07/2022,"ד.ג.ש מדידות, הנדסה וייעוץ בע""מ",1800-303045,03-6347012,03-6347013,"התע""ש 25 ,כפר סבא ",service@dgsm.co.il
עקירב דודו,34417667,2040-16-4,ELF,01/12/2026,EMDEX 11,3374,07/06/2022,"ד.ג.ש מדידות, הנדסה וייעוץ בע""מ",1800-303045,03-6347012,03-6347013,"התע""ש 25 ,כפר סבא ",service@dgsm.co.il
פאפו רועי,41863366,5113-01-4,ELF,08/17/2025,NARDA NBM-520,D-1044,03/18/2021,"אלתא מערכות בע""מ",,052-6093968,,שד' יצחק הנשיא 100 אשדוד,rpapo@elta.co.il
פאפו רועי,41863366,5113-01-6,RF,08/17/2025,KAISE SK-8301,1710,03/18/2021,"אלתא מערכות בע""מ",,052-6093968,,שד' יצחק הנשיא 100 אשדוד,rpapo@elta.co.il
פבליש דימטרי,309524510,5260-01-6,RF,05/30/2026,TENMARS TM-196,200600115,05/19/2023,פרטי,,054-6590931,,רח' סביון 39 דירה 9,dimonich.p@gmail.com
פבליש דימטרי,309524510,5260-01-4,ELF,05/30/2026,TENMARS TM-192D,200820196,05/13/2023,פרטי,,054-6590931,,רח' סביון 39 דירה 9,dimonich.p@gmail.com
פדוביץ דניאל,38350534,3300-01-6,RF,06/30/2022,TENMARS  TM-196,200604503,06/24/2022,דניאל - ייעוץ חיזוי ופתרונות קרינה ,1800800707,052-3952253,,אורנה פורת 25 ראשון לציון,daniel@krina.biz
פדוביץ דניאל,38350534,3300-01-4,ELF,01/20/2020,TM-192,190801672,06/30/2022,דניאל - ייעוץ חיזוי ופתרונות קרינה ,1800800707,052-3952253,,אורנה פורת 25 ראשון לציון,daniel@krina.biz
פדלון משה ,57883720,5000-01-4,ELF,02/18/2022,TENMARS TM-192,190801635,02/18/2022,משטרת ישראל ,08-6710050,050-3245673,08-9124546,גבעתי 63 אשקלון,mfadlon@gmail.com
פוקסמן איגור ,304042047,5206-01-4,ELF,,KAISE SK-8301,2078,10/29/2021,משרד ראש הממשלה,,050-4829717,,רחוב המעלות 11 חולון,fuksman@gmail.com
פורמן  אולג,304428238,5115-01-6,RF,,TENMARS TM-196,161100193,01/29/2021,SMBIT,077-6001070,050-5940775,077-4701769,חיים מלר 13 מזכרת בתיה,oleg@smbit.co.il
פורשט יחיאל,65120271,2070-09-5,RF,12/04/2024,WAVECONTROL  wpf8,19wp040963,09/02/2021,ברק ורעם,04-8236666,052-3995932,,רח' לסקוב 47 א' דירה 5 רמת גולדה חיפה 3495047,yfor1955@gmail.com
פורשט יחיאל,65120271,2070-09-4,ELF,12/04/2024,TENMARS TM-192D,180500809, 03/09/2021,ברק ורעם,04-8236666,052-3995932,,רח' לסקוב 47 א' דירה 5 רמת גולדה חיפה 3495047,yfor1955@gmail.com
פלדמן לודמילה ,306369364,5213-01-4,ELF,02/18/2023, TENMARS  TM-192,1612001539,03/17/2022,יועצי חשמל - אולשאנצקי,03-9344619,054-3912271,03-9344619,יועצי חשמל - אולשאנצקי,alex2003@zahav.net.il
פקמן אברהם,51535540,2032-08-5,RF,08/25/2024,TM-196,131008145,11/06/2021,אבי פקמן בדיקות קרינה ,03-9694205,052-4658846,,ברזילי 9 ראשון לציון 7520609,avipakman@walla.co.il
פקמן אברהם,51535540,2032-08-4,ELF,02/21/2025,TENMARS  TM-192D,140902117,11/07/2021,אבי פקמן בדיקות קרינה ,03-9694205,052-4658846,,ברזילי 9 ראשון לציון 7520609,avipakman@walla.co.il
פרדס בתיה,8472045,2123-02-5,RF,05/16/2024,AARONIA  HF-6065,33508,12/22/2022,מיקרוטסט המרכז הישראלי לבדיקות קרינה,1800-40-50-60,052-3380123,09-7712594,יעקב אורלנד 6 רעננה,microtest.info@gmail.com
פרדס בתיה,8472045,2121-02-4,ELF,, AARONIA NF-5035 TENMARS TM-192D,1736  180500237,05/08/2022 12/02/2022,מיקרוטסט המרכז הישראלי לבדיקות קרינה,1800-40-50-60,052-3380123,09-7712594,יעקב אורלנד 6 רעננה,microtest.info@gmail.com
פריזר דוד,55494793,5114-01-6,RF,08/17/2025,KAISE SK-8301,1710,03/18/2021,"אלתא מערכות בע""מ",,052-5250759,,רחוב ליבנה 1 נווה- נוף לוד 7140023,Parizer@elta.co.il
צ'יקולייב דן,314081423,2030-01-4,RF,,EMC PI-03,206,10/25/2021,גלוריה,03-6813335   1800-226886,054-2280101,077-4813370,ת.ד.3064 תל אביב 61030,dan@gloriarad.com
צ'יקולייב דן,314081423,2030-01-4,ELF,,AARONIA  NF-5020,5839,07/16/2021,גלוריה,03-6813335   1800-226886,054-2280101,077-4813370,ת.ד.3064 תל אביב 61030,dan@gloriarad.com
קוגמן אורן ,28917177,3008-03-4,ELF,,MRC TM-192D ,180500606  180500469  180500435,06/16/2022,"להיט מערכות בע""מ",03-6776606     1700-700-979,054-2820054,03-6776670,רחוב השר משה 38 רמת גן ,laheat.sys@gmail.com
קוגמן שלום,27752500,3008-01-5,RF,,MRC TM-196,17120037,06/16/2022,"להיט מערכות בע""מ ",03-6776606    1700-700-979,054-2820054,03-6776670,רח'עוזיאל 65 רמת - גן ,laheat.sys@gmail.com
קוגמן שלום,27752500,3008-01-4,ELF,10/20/2025,MRC TM-192D ,180500606  180500469  180500435,06/16/2022,"להיט מערכות בע""מ ",03-6776606    1700-700-979,,03-6776670,רח'עוזיאל 65 רמת - גן ,laheat.sys@gmail.com
קולט אברהם,7949126,5052-01-6,RF,,TENMARS TM-195,190502011,03/04/2022,אברהם קולט מדידות קרינה,,054-6226898,,רחוב עמנואל קוזידלו 3 פתח תקווה 4937831,akolet@gmail.com
קולט אברהם,7949126,5052-01-4,ELF,,TENMARS TM-195,190502011,03/04/2022,אברהם קולט מדידות קרינה,,054-6226898,,רחוב עמנואל קוזידלו 3 פתח תקווה 4937831,akolet@gmail.com
קליגון יצחק,50551977,5042-01-4,ELF,,EHP-50A EP-408 EHP-50A,1311L20320  000WX40307 1311L20320,02/10/21 08/10/2021 08/10/2021,נצר משה,04-8728306,052-8321816,077-7872830,רח' ששת הימים 19/3 חיפה,itzhak.kligun@gmail.com
קליגון יצחק,50551977,5042-01-6,RF,,PMM EP-330 ,101WJ80926  142WK21210,02/10/2021  08/10/2021,נצר משה,04-8728306,052-8321816,077-7872830,רח' ששת הימים 19/3 חיפה,itzhak.kligun@gmail.com
קליש חיים,50194471,4100-02-5,RF,06/16/2021,AARONIA  HF-6065,37457,02/13/2022,פרטי,,053-7738822,,רחוב הקציר 10 פתח - תקווה,hkalish2@gmail.com
קמר אבי ,59109108,2125-01-4,ELF,,GIGAHERTZ COMBINOVA FD1,35000000877 888,03/23/2022,CELLTEST,,054-22335752,,השריון 16 נס ציונה,avi.kamer@gmail.com
קמר אבי ,59109108,2121-04-6,RF,,NARDA ENR-21C,BA-0017,11/24/2022,CELLTEST,,054-22335752,,השריון 16 נס ציונה,avi.kamer@gmail.com
קציר ראובן,27079359,5127-01-4,ELF,,AARONIA NF-5035,43076,01/13/2021,נמל אשדוד,050-4057051,052-4777480,,ת.ד. 9001 אשדוד,katsir1@walla.com
רבינוביץ יורי,303946933,2070-12-4,ELF,,NARDA EFA-300 WAVECONTROL SMP2                   ENERTECH EMDEX II ,S-0025  17SN0627 3151 3735 3739 3250 2989,04/05/2021 21/06/2022 24/08/2021 03/05/2021 20/01/2021 20/04/2021,חברת ניהול המערכת,,,,מרכז קסטרא משה פלימן 8 חיפה,yuri.rabinovich@sysmc.co.il
רונן אורי ,53208807,5098-01-6,RF,03.06.2025,TENMARS,170500016,07/08/2022,גלית החברה לשירותי איכות הסביבה- בדק בית,09-7400040,058-4006067,09-7724446,אוסטרובסקי 11 רעננה 4360306,ori@galit.co.il
רונן אורי ,53208807,5098-01-4,ELF,09.02.2025,AARONIA NF-3020  AARONIA 1010E ,1456  37401,01/11/2023,גלית החברה לשירותי איכות הסביבה- בדק בית,09-7400040,058-4006067,09-7724446,אוסטרובסקי 11 רעננה 4360306,ori@galit.co.il
רז לירן שמואל,33718479,3000-01-4,ELF,,TES TM-192  ,1805245,29/10/2021  11/10/2021,"רזאור הנדסה וייעוץ בע""מ",03-6022210,054-9755777,03-6022209,"רזאור הנדסה וייעוץ בע""מ",info@razore.co.il
רז לירן שמואל,33718479,3000-02-5,RF,, TES TM-196,171200007,27/10/2021 31/10/2021 28/10/2021,"רזאור הנדסה וייעוץ בע""מ",03-6022210,054-9755777,03-6022209,"רזאור הנדסה וייעוץ בע""מ",info@razore.co.il
שדה נתנאל,22354781,5244-014,ELF,17.02.2025,LUTRON EMF-8218SD,I.491397,08/14/2021,"אגרו הנדסה ופיתוח בע""מ",,054-4235041,03-7252767,מושב יכיני משק 52 79170,agrohandasa@gmail.com
שוורצברג דניאל,29031564,4600-01-6,RF,,PMM EP-330 ,101WJ80926  142WK21210,02/10/2021  08/10/2021,דריה מהנדסי בריאות,08-6326390,050-5105050,08-6326390,רחוב טופז 5 דירה 10 באר יעקב,daniel@darya.biz
שוורצברג דניאל,29031564,4600-01-4,ELF,,EHP-50A EP-408 EHP-50A,1311L20320  000WX40307 1311L20320,02/10/21 08/10/2021 08/10/2021,דריה מהנדסי בריאות,,,,,daniel@darya.biz
שחר אדות יוסף,57911661,5028-01-4,ELF,02/26/2023,"NARDA  EFA-300, 4* EMDEX II, Wavecontrol SMP2   ",S-0025 3250 3151 3735 3739 17SN0627 ,04/05/2021 21/06/2022 24/08/2021 03/05/2021 20/01/2021 20/04/2021,"חברת החשמל לישראל בע""מ ",04-9990606,054-6090557,072-3470830,ת.ד. 10 קרית טבעון,yos@iec.co.il
שיף יוני,65800054,5028-01-4,ELF,03/15/2025,ENERTECH  TM- 196,131008129,10/30/2021,"גל בטוח הנדסה בע""מ",03-6347015,,03-6347013,ששת הימים 20 יהוד,support@gale.co.il
שיף יוני,65800054,2032-11-4,RF,06/04/2025,PMM 8053A  PMMEP-183,142WK2128  000WJ30616,10/11/2021,"גל בטוח הנדסה בע""מ",03-6347015,,03-6347013,ששת הימים 20 יהוד,support@gale.co.il
שלזינגר יואב,21601430,5040-01-4,ELF,05/23/2024,WAVECONTROL  SMP2,15WP050082,06/02/2021,"טבת - בריאות וגהות תעסוקתית בע""מ",08-9298580,08-9287212,08-9298579,רח' הגפן 2 ת.ד. 3280 כרמי יוסף,tevet@012.NET.IL
שלזינגר יואב,21601430,5040-01-6,RF,05/27/2024,WAVECONTROLWPF8  GENERALMICROWAVE RAHAM,13MT0219  13WP040298,03/06/2021  02/02/2021,"טבת - בריאות וגהות תעסוקתית בע""מ",08-9298580,08-9287212,08-9298579,רח' הגפן 2 ת.ד. 3280 כרמי יוסף,tevet@012.NET.IL
שלמה סטובצקי ,23557390,5223-01-4,ELF,,TENMARS  TM-192D,180500719,10/27/2021,ב.ה. יזמות,,050-6793715,03-6583458,"רובינשטיין יצחק 51 ת""א- יפו   ",stobezki@walla.co.il
שניר מרדכי,51430353,5051-01-3,לייזרים,,,,09/04/2024,אלביט מערכות / אל אופ-אלקטרו אופטיקה,03-9659296,054-9993694,,רח' בילו 35 מיקוד 75321 ראשון לציון,moti.snir@elbitsystems.com;snirmoti@gmail.com
שפט עמי,55412324,5042-01-6,RF,,MAAGAR-TEC,TM-196,11/13/2021,"עמי שפט הנדסת חשמל בדיקות תרמוטרפיות בע""מ",09-8987535,050-8292051,09-8987535,ת.ד. 7261 כפר יונה,amishefet@gmail.com
שפט עמי,55412324,5042-01-4,ELF,11/04/2024,MAAGAR-TEC,TM-192,01/09/2022,"עמי שפט הנדסת חשמל בדיקות תרמוטרפיות בע""מ",09-8987535,050-8292051,09-8987535,ת.ד. 7261 כפר יונה,amishefet@gmail.com
