organization_eng,phone,contact_name_eng,email,url,fax
I DISCOVER ISRAEL,"<a href=""tel:nan"">nan</a>",,"<a href=""mailto:ido@idisrael.com"">ido@idisrael.com</a>","<a href=""http://www.idisrael.com/home/"">http://www.idisrael.com/home/</a>",
IC&S,"<a href=""tel:02-6240350"">02-6240350</a>",,"<a href=""mailto:Info@israelservices.co.il"">Info@israelservices.co.il</a>","<a href=""http://israel-services.com/"">http://israel-services.com/</a>",02-5701755
IM ISRAEL TRAVEL,"<a href=""tel:+972-54-2027404"">+972-54-2027404</a>",,"<a href=""mailto:shirley@imisraeltravel.com"">shirley@imisraeltravel.com</a>","<a href=""https://www.imisraeltravel.com/"">https://www.imisraeltravel.com/</a>",
Royal VacationsTours,"<a href=""tel:02 5833131. 0544874730"">02 5833131. 0544874730</a>",Khader Raad,"<a href=""mailto:info@royalvacations.co.il"">info@royalvacations.co.il</a>","<a href=""https://royalvacations.co.il"">https://royalvacations.co.il</a>",02 6262844
V.P.I - Voyages Et Pelerinages En Israel,"<a href=""tel:052-2293171"">052-2293171</a>",,"<a href=""mailto:sarfati.vpi@gmail.com"">sarfati.vpi@gmail.com</a>","<a href=""http://www.tourisrael.travel/"">http://www.tourisrael.travel/</a>",08-6513348
A.R. ELAND TOURS LTD,"<a href=""tel:077-4046077"">077-4046077</a>",Adi Licar,"<a href=""mailto:elandandrei@hotmail.com"">elandandrei@hotmail.com</a>","<a href=""http://www.elandandrei.com/"">http://www.elandandrei.com/</a>",077-4046078
Avitours,"<a href=""tel:972 54 4388055"">972 54 4388055</a>",Avinoam Nehmad,"<a href=""mailto:avitours5@gmail.com"">avitours5@gmail.com</a>","<a href=""http://www.avitours.co.il/"">http://www.avitours.co.il/</a>",077-4041134
AGADA TOURS,"<a href=""tel:052 2949092, 972 3 6430149"">052 2949092, 972 3 6430149</a>",Dror Druker,"<a href=""mailto:dror@agadatours.co.il"">dror@agadatours.co.il</a>","<a href=""https://AGADATOURS.CO.IL"">https://AGADATOURS.CO.IL</a>",972-3-6430149
Israel Youth Hostel Association,"<a href=""tel:025945550"">025945550</a>",Ofer Shpira,"<a href=""mailto:info@iyha.org.il"">info@iyha.org.il</a>","<a href=""https://www.iyha.org.il"">https://www.iyha.org.il</a>",
EDI Travel,"<a href=""tel:077-4100985"">077-4100985</a>",,"<a href=""mailto:boaz@editravel.co.il"">boaz@editravel.co.il</a>","<a href=""http://www.editravel-israel.com"">http://www.editravel-israel.com</a>",077-4100986
Ahalan - Olympus Ltd,"<a href=""tel:08-6347022"">08-6347022</a>",Kfir Schwartz,"<a href=""mailto:kfir@ahalan.co.il"">kfir@ahalan.co.il</a>","<a href=""http://www.ahalan.co.il/"">http://www.ahalan.co.il/</a>",072-2446071
O.S. Tours & Travel,"<a href=""tel:026289260"">026289260</a>",Shukri Abu Hamdan,"<a href=""mailto:os@os-tours.com"">os@os-tours.com</a>","<a href=""https://www.os-tours.com"">https://www.os-tours.com</a>",026264979
O.S. Tours & Travel,"<a href=""tel:02 6289260"">02 6289260</a>",Shukri Abu Hamdan,"<a href=""mailto:os@os-tours.com"">os@os-tours.com</a>","<a href=""https://os-tours.com"">https://os-tours.com</a>",02 6264979
Obrat Tours,"<a href=""tel:03-7297330"">03-7297330</a>",NATHALIE OBRAT,"<a href=""mailto:nathalie@obratours.co.il"">nathalie@obratours.co.il</a>","<a href=""http://www.obratours.co.il/Account/LogIn?ReturnUrl=%2f"">http://www.obratours.co.il/Account/LogIn?ReturnUrl=%2f</a>",03-5479771
Overseas Travel Bureau,"<a href=""tel:026287090"">026287090</a>",,"<a href=""mailto:izumot@otbtravel.com"">izumot@otbtravel.com</a>","<a href=""https://www.otbtravel.com"">https://www.otbtravel.com</a>",
Eventos Israel,"<a href=""tel:0544480962"">0544480962</a>",Ilana Weissman,"<a href=""mailto:Ilana@eventosisrael.com"">Ilana@eventosisrael.com</a>","<a href=""https://eventosisrael.com"">https://eventosisrael.com</a>",073 2510333
Universal Eligh Ltd,"<a href=""tel:02-6247010"">02-6247010</a>",Gad Gershfeld,"<a href=""mailto:info@universal.co.il"">info@universal.co.il</a>","<a href=""http://universal.co.il/"">http://universal.co.il/</a>",02-6235394
Ophir Tours,"<a href=""tel:03-526-9561"">03-526-9561</a>",,"<a href=""mailto:ophirincoming@ophirtours.co.il"">ophirincoming@ophirtours.co.il</a>","<a href=""http://www.ophir-peltours.com"">http://www.ophir-peltours.com</a>",03-526-9655
OFAKIM TRAVEL AND CONGRESSES LTD,"<a href=""tel:972-3- 7610713"">972-3- 7610713</a>",Israel Rodrigue,"<a href=""mailto:israel@ofakim.co.il"">israel@ofakim.co.il</a>","<a href=""https://OFAKIM.CO.IL"">https://OFAKIM.CO.IL</a>",050/8960049
ATLANTIS JOHNNY KOR TRAVEL LTD,"<a href=""tel:02 6737025"">02 6737025</a>",,"<a href=""mailto:jogtours@hotmail.com"">jogtours@hotmail.com</a>","<a href=""https://אין"">https://אין</a>",02 6711436
ATLANTIS TRAVEL & TOURISM,"<a href=""tel:03 6552500"">03 6552500</a>",,"<a href=""mailto:info@atlantistravel.co.il"">info@atlantistravel.co.il</a>","<a href=""HTTP://atlantistravel.co.il"">HTTP://atlantistravel.co.il</a>",
IM Israel Travel,"<a href=""tel:0542027404"">0542027404</a>",,"<a href=""mailto:ram@imisraeltravel.com"">ram@imisraeltravel.com</a>","<a href=""https://imisraeltravel.com"">https://imisraeltravel.com</a>",
IGT Israel Group Travel,"<a href=""tel:02-5619990"">02-5619990</a>",,"<a href=""mailto:Lior@igt.co.il"">Lior@igt.co.il</a>","<a href=""http://www.igt.co.il/"">http://www.igt.co.il/</a>",02-5665277
IPCS Joshua Koonin,"<a href=""tel:0532798437"">0532798437</a>",Joshua Koonin,"<a href=""mailto:josh@pi2922israel.com"">josh@pi2922israel.com</a>","<a href=""https://www.pi2922israel.com"">https://www.pi2922israel.com</a>",
Aviation Links Ltd.,"<a href=""tel:03 5205020"">03 5205020</a>",Dori Shoshan,"<a href=""mailto:Dori.Shoshan@aviation-links.co.il"">Dori.Shoshan@aviation-links.co.il</a>","<a href=""https://www.kishrey-teufa.co.il"">https://www.kishrey-teufa.co.il</a>",
Ayala Travel & Tours Ltd,"<a href=""tel:02-5006666"">02-5006666</a>",Arie David,"<a href=""mailto:infoa@ayalagroup.co.il"">infoa@ayalagroup.co.il</a>","<a href=""http://www.ayalatours.co.il"">http://www.ayalatours.co.il</a>",02-5006640
Air Today Travel,"<a href=""tel:0556623278"">0556623278</a>",Isaac Aharon Richter,"<a href=""mailto:info.airtoday21@gmail.com"">info.airtoday21@gmail.com</a>","<a href=""nan"">nan</a>",
Aeolus Tours Ltd,"<a href=""tel:054 6671700"">054 6671700</a>",Antoine Khashram,"<a href=""mailto:tours@aeolus-tours.com"">tours@aeolus-tours.com</a>","<a href=""https://Aeolus-tours.com"">https://Aeolus-tours.com</a>",02 6271719
Impact,"<a href=""tel:0527617187"">0527617187</a>",Rebecca Kreiman,"<a href=""mailto:Impact8080@gmail.com"">Impact8080@gmail.com</a>","<a href=""nan"">nan</a>",
Interactive Tours Ltd,"<a href=""tel:0544323188"">0544323188</a>",Nahum Eisenstadt,"<a href=""mailto:interactivetours@gmail.com"">interactivetours@gmail.com</a>","<a href=""https://www.interactivetours-israel.com"">https://www.interactivetours-israel.com</a>",04 9532461
Inspiration Tours Ltd,"<a href=""tel:02-6277646"">02-6277646</a>",Johnny Sayegh,"<a href=""mailto:info@inspiration-tours.com"">info@inspiration-tours.com</a>","<a href=""https://Inspiration-tours.com"">https://Inspiration-tours.com</a>",02-6277645
INFOTOUR LETD,"<a href=""tel:09-7665466"">09-7665466</a>",,"<a href=""mailto:Infotour@viaje.co.il"">Infotour@viaje.co.il</a>","<a href=""nan"">nan</a>",09-7665466
Info Tour,"<a href=""tel:09-7665466"">09-7665466</a>",,"<a href=""mailto:infotec@viaje.co.il"">infotec@viaje.co.il</a>","<a href=""http://www.viaje.co.il/en/"">http://www.viaje.co.il/en/</a>",09-7665466
ISAS International Seminars,"<a href=""tel:02-6520574"">02-6520574</a>",,"<a href=""mailto:meetings@isas.co.il"">meetings@isas.co.il</a>","<a href=""http://www.isas.co.il/"">http://www.isas.co.il/</a>",02-6520558
Eternity Travel,"<a href=""tel:02 6246602/3/4"">02 6246602/3/4</a>",,"<a href=""mailto:loreen@eternitytravel.co.il"">loreen@eternitytravel.co.il</a>","<a href=""https://eternitytravel.co.il"">https://eternitytravel.co.il</a>",02 6246608
ETERNITY TRAVEL,"<a href=""tel:02 6246602/3/4"">02 6246602/3/4</a>",,"<a href=""mailto:LOREEN@ETERNITYTRAVEL.CO.IL"">LOREEN@ETERNITYTRAVEL.CO.IL</a>","<a href=""https://ETERNITYTRAVEL.CO.IL"">https://ETERNITYTRAVEL.CO.IL</a>",02 6246608
,"<a href=""tel:nan"">nan</a>",,"<a href=""mailto:elip@tourism.gov.il"">elip@tourism.gov.il</a>","<a href=""nan"">nan</a>",
Elniflatours,"<a href=""tel:0535431079"">0535431079</a>",Stanger Iliana,"<a href=""mailto:elniflatours@yahoo.com"">elniflatours@yahoo.com</a>","<a href=""https://elniflatours.com"">https://elniflatours.com</a>",
Amin Abu Snene Group Ltd,"<a href=""tel:02 6266900"">02 6266900</a>",Amin,"<a href=""mailto:info@carawan-tours.com"">info@carawan-tours.com</a>","<a href=""https://www.carawan-tours.com"">https://www.carawan-tours.com</a>",02 6266910
Amin Abu Sneneh Group Ltd,"<a href=""tel:02 9412887"">02 9412887</a>",Amin Abu Sneneh,"<a href=""mailto:amingroup@yahoo.com"">amingroup@yahoo.com</a>","<a href=""https://www.carawan-tours.com"">https://www.carawan-tours.com</a>",02 9412887
AMIR GROUP,"<a href=""tel:03  6779504"">03  6779504</a>",,"<a href=""mailto:hajj.umrah.express@gmail.com"">hajj.umrah.express@gmail.com</a>","<a href=""https://www.facebook.com/%D8%AD%D8%AC-%D9%88%D8%B9%D9%85%D8%B1%D9%87-%D8%A7%D9%83%D8%B3%D8%A8%D8%B1%D8%B3-431637570260737/"">https://www.facebook.com/%D8%AD%D8%AC-%D9%88%D8%B9%D9%85%D8%B1%D9%87-%D8%A7%D9%83%D8%B3%D8%A8%D8%B1%D8%B3-431637570260737/</a>",03 6779504
Amsalem Tours &Travel Ltd.,"<a href=""tel:04 6700900"">04 6700900</a>",,"<a href=""mailto:info@abt-israel.com"">info@abt-israel.com</a>","<a href=""https://abt-israel.com"">https://abt-israel.com</a>",
Anis Pol Travel,"<a href=""tel:0537346748"">0537346748</a>",Anna Szczypinska,"<a href=""mailto:kontakt@ziemiaswieta-polonia.pl"">kontakt@ziemiaswieta-polonia.pl</a>","<a href=""https://www.ziemiaswieta-polonia.pl"">https://www.ziemiaswieta-polonia.pl</a>",022750641
SGT TOURS,"<a href=""tel:04 6778359"">04 6778359</a>",,"<a href=""mailto:INFO@SGT.CO.IL"">INFO@SGT.CO.IL</a>","<a href=""https://WWW.SGT.CO.IL"">https://WWW.SGT.CO.IL</a>",04 6789058
Asia Tours,"<a href=""tel:03-6233000"">03-6233000</a>",,"<a href=""mailto:incoming@asiatours.co.il"">incoming@asiatours.co.il</a>","<a href=""http://asiatours.co.il/"">http://asiatours.co.il/</a>",03-6969868
ASK AND TRAVEL,"<a href=""tel:0546363203"">0546363203</a>",karoluna mints,"<a href=""mailto:karolina/askandtravel@gmail.com"">karolina/askandtravel@gmail.com</a>","<a href=""https://www.israelfrienly.pl"">https://www.israelfrienly.pl</a>",אין
Efrati Holy Land tours,"<a href=""tel:054-9559090"">054-9559090</a>",Adva Sierra,"<a href=""mailto:adva@tours-israel.org"">adva@tours-israel.org</a>","<a href=""https://www.tours-israel.org.il/"">https://www.tours-israel.org.il/</a>",
RG Israel Tours Ltd,"<a href=""tel:0523357766"">0523357766</a>",Galit Ido,"<a href=""mailto:rgisraeltours@gmail.com"">rgisraeltours@gmail.com</a>","<a href=""https://www.rgisraeltours.com"">https://www.rgisraeltours.com</a>",0779613494
Erez Yarkon Travel Ltd.,"<a href=""tel:0538269221"">0538269221</a>",Erez Mizrahi,"<a href=""mailto:erez@erezyarkon.com"">erez@erezyarkon.com</a>","<a href=""https://www.erezyarkon.com"">https://www.erezyarkon.com</a>",
Erez Israel Authentic Experiences,"<a href=""tel:972 52 5460326"">972 52 5460326</a>",Erez Israel,"<a href=""mailto:erez@erezisrael.com"">erez@erezisrael.com</a>","<a href=""https://com@erezisrael.com"">https://com@erezisrael.com</a>",
Ortra,"<a href=""tel:03-6384444"">03-6384444</a>",,"<a href=""mailto:galit@ortra.com"">galit@ortra.com</a>","<a href=""http://www.ortra.com/"">http://www.ortra.com/</a>",03-6384455
Ariel Stolar,"<a href=""tel:054 4467186"">054 4467186</a>",Ariel Stolar,"<a href=""mailto:ariel@arielstolar.co.il"">ariel@arielstolar.co.il</a>","<a href=""https://arielstolar.co.il"">https://arielstolar.co.il</a>",
Arieh Bar-David Tours LTD,"<a href=""tel:0544483300"">0544483300</a>",Arie Bar-David,"<a href=""mailto:abd47@bezeqint.net"">abd47@bezeqint.net</a>","<a href=""nan"">nan</a>",
Eretz Voyage Ltd,"<a href=""tel:052-6275005"">052-6275005</a>",David Koїn,"<a href=""mailto:David@eretz.travel"">David@eretz.travel</a>","<a href=""https://eretz.travel/en/"">https://eretz.travel/en/</a>",
Eretz Tours,"<a href=""tel:02 5701182"">02 5701182</a>",Elizabeth Shabin,"<a href=""mailto:eretztours@gmail.com"">eretztours@gmail.com</a>","<a href=""https://www.landofisraeltours.com"">https://www.landofisraeltours.com</a>",02 5701183
Arkia,"<a href=""tel:03-6903337"">03-6903337</a>",,"<a href=""mailto:sharonb@arkia.co.il"">sharonb@arkia.co.il</a>","<a href=""http://www.arkia.co.il/"">http://www.arkia.co.il/</a>",03-6990525
Eshet Incoming,"<a href=""tel:03-6086200"">03-6086200</a>",,"<a href=""mailto:amnon@eshetincoming.com"">amnon@eshetincoming.com</a>","<a href=""http://www.eshetincoming.com/"">http://www.eshetincoming.com/</a>",03-5426182
B. Peace Tours and Travel Ltd,"<a href=""tel:02 6261876"">02 6261876</a>",Bassem Inshewat,"<a href=""mailto:bassem@bpeacetours.com"">bassem@bpeacetours.com</a>","<a href=""https://www.bpeacetours.com"">https://www.bpeacetours.com</a>",026262065
B.D. Graiver Tourism Services,"<a href=""tel:04-8138009"">04-8138009</a>",,"<a href=""mailto:oferadler@bdgraiver.co.il"">oferadler@bdgraiver.co.il</a>","<a href=""http://www.graiver.co.il/"">http://www.graiver.co.il/</a>",04-8138006
Bon Voyage Ltd,"<a href=""tel:03-7251000"">03-7251000</a>",Natali Daoudi,"<a href=""mailto:bookings@bon-voyage.co.il"">bookings@bon-voyage.co.il</a>","<a href=""http://www.bon-voyage.co.il/"">http://www.bon-voyage.co.il/</a>",03-5299486
Booking tours,"<a href=""tel:0523205818"">0523205818</a>",Vera Weinberg,"<a href=""mailto:vera@booking-tours.com"">vera@booking-tours.com</a>","<a href=""nan"">nan</a>",
Bible Land 4 You,"<a href=""tel:088505002"">088505002</a>",,"<a href=""mailto:bibleland4u@gmail.com"">bibleland4u@gmail.com</a>","<a href=""https://bibleland4u.com"">https://bibleland4u.com</a>",
Business Time Scanorama,"<a href=""tel:03-6088000"">03-6088000</a>",,"<a href=""mailto:shali@btime.co.il"">shali@btime.co.il</a>","<a href=""http://www.btime.co.il/kenes.html"">http://www.btime.co.il/kenes.html</a>",03-6096788
Bible Land Pilgrimages Ltd,"<a href=""tel:04-8251254"">04-8251254</a>",,"<a href=""mailto:biblepil@biblepil.co.il"">biblepil@biblepil.co.il</a>","<a href=""http://www.biblepil.co.il/"">http://www.biblepil.co.il/</a>",04-8256901
BEIN HARIM TOURISM SERVICES LTD,"<a href=""tel:+972-35422000"">+972-35422000</a>",,"<a href=""mailto:itzik48@gmail.com"">itzik48@gmail.com</a>","<a href=""https://www.beinharimtours.com"">https://www.beinharimtours.com</a>",+972-35422001
Beith haberim Tours,"<a href=""tel:0503139144"">0503139144</a>",Moshe Loewenthal,"<a href=""mailto:loewenthal.moshe@gmail.com"">loewenthal.moshe@gmail.com</a>","<a href=""https://abaandfriends.com"">https://abaandfriends.com</a>",
Belmar Tours Ltd,"<a href=""tel:03-6291888"">03-6291888</a>",,"<a href=""mailto:itai@belmartours.com"">itai@belmartours.com</a>","<a href=""http://www.belmartours.com/"">http://www.belmartours.com/</a>",03-6291848
Blessed Land Tours Ltd,"<a href=""tel:02-6286592"">02-6286592</a>",,"<a href=""mailto:blessed@blessedlandtours.com"">blessed@blessedlandtours.com</a>","<a href=""http://www.blessedlandtours.com"">http://www.blessedlandtours.com</a>",02-6285812
Bestour,"<a href=""tel:052 6903172"">052 6903172</a>",Patrick Shehadeh,"<a href=""mailto:patrickshehadeh@gmail.com"">patrickshehadeh@gmail.com</a>","<a href=""https://Www.bestourhl.com"">https://Www.bestourhl.com</a>",073 7512434
Bestravel Israel,"<a href=""tel:0522607019"">0522607019</a>",,"<a href=""mailto:yoni@bestravelisrael.com"">yoni@bestravelisrael.com</a>","<a href=""https://bestravelisrael.com"">https://bestravelisrael.com</a>",153526547170
G.D Gal Conventions &Tourism L.T.D,"<a href=""tel:077-5004028"">077-5004028</a>",Idan Doron,"<a href=""mailto:nan"">nan</a>","<a href=""http://www.gal-conventions.co.il/"">http://www.gal-conventions.co.il/</a>",
Alma Israel,"<a href=""tel:0544366180"">0544366180</a>",Odelia Elimelech,"<a href=""mailto:Odelia@alma-israel.com"">Odelia@alma-israel.com</a>","<a href=""nan"">nan</a>",
Go Inspire,"<a href=""tel:0523802321"">0523802321</a>",Aryeh Gesner,"<a href=""mailto:Aryeh@goinspire.com"">Aryeh@goinspire.com</a>","<a href=""nan"">nan</a>",
Gol Tours Ltd,"<a href=""tel:1700-50-6003"">1700-50-6003</a>",,"<a href=""mailto:haim@gol.co.il"">haim@gol.co.il</a>","<a href=""http://www.come2israel.com/"">http://www.come2israel.com/</a>",04-6949077
GOL TOURS,"<a href=""tel:+972-4-6901700"">+972-4-6901700</a>",,"<a href=""mailto:INFO@COME2ISRAEL.COM"">INFO@COME2ISRAEL.COM</a>","<a href=""https://COME2ISRAEL.COM"">https://COME2ISRAEL.COM</a>",+972-4-6949077
Gold Carpet Touring Ltd,"<a href=""tel:03-9349121"">03-9349121</a>",Roni Peleg,"<a href=""mailto:info@goldcarpet.co.il"">info@goldcarpet.co.il</a>","<a href=""http://www.goldcarpet.co.il/"">http://www.goldcarpet.co.il/</a>",03-9346893
George Garabedian Tourist & Travel,"<a href=""tel:026283398"">026283398</a>",,"<a href=""mailto:moses@ggc-jer.com"">moses@ggc-jer.com</a>","<a href=""https://www.ggc-jer.com"">https://www.ggc-jer.com</a>",
Gordon Active,"<a href=""tel:03-7659000"">03-7659000</a>",Amir Rockman,"<a href=""mailto:Guy@gordontours.com"">Guy@gordontours.com</a>","<a href=""http://www.gordonactive.com"">http://www.gordonactive.com</a>",03-6472760
GET ISRAEL,"<a href=""tel:0549200360"">0549200360</a>",Guy Eber,"<a href=""mailto:GUY@GET-ISRAEL.COM"">GUY@GET-ISRAEL.COM</a>","<a href=""https://GET-ISRAEL.COM"">https://GET-ISRAEL.COM</a>",
Gates to Israel,"<a href=""tel:050 5513502"">050 5513502</a>",Moshe  Malka,"<a href=""mailto:info@gatestoisrael.com"">info@gatestoisrael.com</a>","<a href=""https://www.gatestoisrael.com"">https://www.gatestoisrael.com</a>",035275573
GUY LEIBOVITZ TOUR EAST,"<a href=""tel:0506874847"">0506874847</a>",Guy Leibovitz,"<a href=""mailto:guy.leibo@gmail.com"">guy.leibo@gmail.com</a>","<a href=""nan"">nan</a>",
Guiding Star Ltd,"<a href=""tel:026273150"">026273150</a>",Mark Garbett,"<a href=""mailto:Mark@guidingstar2.com"">Mark@guidingstar2.com</a>","<a href=""https://www.guidingstarltd.com"">https://www.guidingstarltd.com</a>",026273147
JJ TRAVEL IN ISRAEL,"<a href=""tel:077 787 8032"">077 787 8032</a>",,"<a href=""mailto:TOURS@JJTRAVELINISRAEL.COM"">TOURS@JJTRAVELINISRAEL.COM</a>","<a href=""https://WWW.JJTRAVELINISRAEL.COM"">https://WWW.JJTRAVELINISRAEL.COM</a>",077 466 3424
Guide 21 Ltd,"<a href=""tel:026331401"">026331401</a>",Ela,"<a href=""mailto:Ela@guide21.co.il"">Ela@guide21.co.il</a>","<a href=""https://guide21.net"">https://guide21.net</a>",
GILGAL TOURS,"<a href=""tel:052-4756566"">052-4756566</a>",,"<a href=""mailto:Gilgalisrael@gmail.com"">Gilgalisrael@gmail.com</a>","<a href=""http://gilgaloperadora.com"">http://gilgaloperadora.com</a>",058-4003657
G2 Travel Ltd,"<a href=""tel:03 7943542, 037943535"">03 7943542, 037943535</a>",Rosita Rapaporte,"<a href=""mailto:rosita.rapaporte@g2-travel.com"">rosita.rapaporte@g2-travel.com</a>","<a href=""http://israel.g2-travel.com/"">http://israel.g2-travel.com/</a>",03-7943551
GEMM Travel,"<a href=""tel:02-6277758"">02-6277758</a>",Wissam A.Touma,"<a href=""mailto:info@gemmtravel.com"">info@gemmtravel.com</a>","<a href=""http://www.gemmtravel.com/"">http://www.gemmtravel.com/</a>",02-6276703
Genesis Boutique Travel,"<a href=""tel:0522862650, 026765868"">0522862650, 026765868</a>",Sharona Itzhaki,"<a href=""mailto:genesis4@netvision.net.il"">genesis4@netvision.net.il</a>","<a href=""http://www.genesis-boutique-travel.com/"">http://www.genesis-boutique-travel.com/</a>",02-6450097
Genesis Tours,"<a href=""tel:972 3 9185203' 972 507 392929"">972 3 9185203' 972 507 392929</a>",JUAN FRIDMAN ZEV HOREN,"<a href=""mailto:perla@genesis-tours.com"">perla@genesis-tours.com</a>","<a href=""http://www.genesis-tours.co.il/"">http://www.genesis-tours.co.il/</a>",972 3 9185127
Jerusalem T&T,"<a href=""tel:02-6289418"">02-6289418</a>",,"<a href=""mailto:info@jttours.com"">info@jttours.com</a>","<a href=""http://www.jttours.com/"">http://www.jttours.com/</a>",02-6289298
JERUSALEM ETERNAL TOURS - JET,"<a href=""tel:054 7866708, 02 9929896"">054 7866708, 02 9929896</a>",Daniel Deker,"<a href=""mailto:Daniel@JERUSALEMJET.COM"">Daniel@JERUSALEMJET.COM</a>","<a href=""https://WWW.JERUSALEMJET.COM"">https://WWW.JERUSALEMJET.COM</a>",02 6762771
G&S Travel,"<a href=""tel:04-8678364"">04-8678364</a>",,"<a href=""mailto:gstravel@netvision.net.il"">gstravel@netvision.net.il</a>","<a href=""http://www.gstravel-israel.com/"">http://www.gstravel-israel.com/</a>",04-8678364
Green Olive Tours Ltd,"<a href=""tel:037219540"">037219540</a>",Alexander Jones,"<a href=""mailto:office@greenolivetours.com"">office@greenolivetours.com</a>","<a href=""https://www.greenolivetours.com"">https://www.greenolivetours.com</a>",
Jeremiah Tours Ltd.,"<a href=""tel:026732078"">026732078</a>",Loic Jeremie,"<a href=""mailto:accounting@jeremiah-tours.com"">accounting@jeremiah-tours.com</a>","<a href=""https://www.jeremiah-tours.com"">https://www.jeremiah-tours.com</a>",
Gesher Tours,"<a href=""tel:054-6350078"">054-6350078</a>",,"<a href=""mailto:edith@geshertours.co.il"">edith@geshertours.co.il</a>","<a href=""http://geshertours.co.il/"">http://geshertours.co.il/</a>",03-6201443
THE LAND TOURS LTD,"<a href=""tel:054 6690707"">054 6690707</a>",Edwardo Sylvera,"<a href=""mailto:eduardo@thelandtours.org"">eduardo@thelandtours.org</a>","<a href=""https://THELANDTOURS.ORG"">https://THELANDTOURS.ORG</a>",08 6412752
Donato Amato Tours,"<a href=""tel:0544417957"">0544417957</a>",Habib Sabara,"<a href=""mailto:nan"">nan</a>","<a href=""https://quots@donatoamatotours.com"">https://quots@donatoamatotours.com</a>",
Doron Bukshtein,"<a href=""tel:0544248631"">0544248631</a>",Doron,"<a href=""mailto:doronim52@gmail.com"">doronim52@gmail.com</a>","<a href=""nan"">nan</a>",
Doron Bokshtein Tourism,"<a href=""tel:054 4248631"">054 4248631</a>",Doron Bokshtein,"<a href=""mailto:doronim52@gmail.com"">doronim52@gmail.com</a>","<a href=""nan"">nan</a>",
Diesenhaus Unitours,"<a href=""tel:03-5651313"">03-5651313</a>",,"<a href=""mailto:management@diesenhaus.com"">management@diesenhaus.com</a>","<a href=""http://www.diesenhaus.com/"">http://www.diesenhaus.com/</a>",03-6240579
Dina Tours Travel And Tourism,"<a href=""tel:04-9832017"">04-9832017</a>",,"<a href=""mailto:avner@nrs.co.il"">avner@nrs.co.il</a>","<a href=""http://dunsguide.dundb.co.il/d514696426.aspx"">http://dunsguide.dundb.co.il/d514696426.aspx</a>",04-9831662
Dynamic Square Ltd,"<a href=""tel:nan"">nan</a>",Ben Julius,"<a href=""mailto:info@touristjourney.com"">info@touristjourney.com</a>","<a href=""https://touristjourney.com"">https://touristjourney.com</a>",
DA'AT,"<a href=""tel:+972-2-621-3333"">+972-2-621-3333</a>",,"<a href=""mailto:Sgottlieb@daattravel.com"">Sgottlieb@daattravel.com</a>","<a href=""https://www.daattravel.com"">https://www.daattravel.com</a>",972-2-6256626
Dekel Israel Tours,"<a href=""tel:972 4 8853334, 1 866 44 DEKEL(33535"">972 4 8853334, 1 866 44 DEKEL(33535</a>",Bradley Lennox,"<a href=""mailto:info@dekeltours.com"">info@dekeltours.com</a>","<a href=""https://dekeltours.com"">https://dekeltours.com</a>",
ISRAEL WAY,"<a href=""tel:972 73 2313990"">972 73 2313990</a>",,"<a href=""mailto:sasha@israelway.com"">sasha@israelway.com</a>","<a href=""https://israelway.com"">https://israelway.com</a>",972 77 3182477
HH travel,"<a href=""tel:972 2 5343307"">972 2 5343307</a>",Nadav Hurevich,"<a href=""mailto:hugo@hhtravels.com"">hugo@hhtravels.com</a>","<a href=""http://www.hhtravels.com/"">http://www.hhtravels.com/</a>",
HOLY JERUSALEM TOURS  &ַ TRAVEL,"<a href=""tel:972 54 4434236"">972 54 4434236</a>",Dunia Kadoumi,"<a href=""mailto:DUNIA@HOLYJERUSALEMTOURS.COM"">DUNIA@HOLYJERUSALEMTOURS.COM</a>","<a href=""https://WWW.HOLYJERUSALEMTOURS.COM"">https://WWW.HOLYJERUSALEMTOURS.COM</a>",972 2 5400963
Holy Way Israel Ltd,"<a href=""tel:052 3412753"">052 3412753</a>",Ludmila Zakharchuk,"<a href=""mailto:holywayisrael@gmail.com"">holywayisrael@gmail.com</a>","<a href=""https://holywayisrael.com"">https://holywayisrael.com</a>",
Holy Family Tours Ltd,"<a href=""tel:0503258969"">0503258969</a>",Khalil,"<a href=""mailto:holyfamilytours@gmail.com"">holyfamilytours@gmail.com</a>","<a href=""https://Holyfamilytours.com"">https://Holyfamilytours.com</a>",046021152
Holiday Travel,"<a href=""tel:03-9350061"">03-9350061</a>",,"<a href=""mailto:yaffa@holidaytravel.co.il"">yaffa@holidaytravel.co.il</a>","<a href=""http://holidaytravel.co.il/"">http://holidaytravel.co.il/</a>",03-9350161
HOLYLAND GATE,"<a href=""tel:054-6165443"">054-6165443</a>",FAWZI JABER,"<a href=""mailto:info@holylandgatetours.com"">info@holylandgatetours.com</a>","<a href=""https://WWW.HOLYLANDGATETOUR.COM"">https://WWW.HOLYLANDGATETOUR.COM</a>",
Holyland Pilgrimage Tours,"<a href=""tel:050-528-1971"">050-528-1971</a>",Ezer Kalmovitch,"<a href=""mailto:ezer@holylandtoday.com"">ezer@holylandtoday.com</a>","<a href=""nan"">nan</a>",
Israel Experience,"<a href=""tel:02-6216511"">02-6216511</a>",,"<a href=""mailto:onestopshop@israelexperience.org"">onestopshop@israelexperience.org</a>","<a href=""http://www.israelexperience.org/"">http://www.israelexperience.org/</a>",02-6216552
JCC ASSOCIATION,"<a href=""tel:0525859754"">0525859754</a>",Sara Sless,"<a href=""mailto:S.SLESS@JCCA.ORG"">S.SLESS@JCCA.ORG</a>","<a href=""https://JCCA.ORG/WHAT-WE-DO/JCC-ISRAEL-CENTER"">https://JCCA.ORG/WHAT-WE-DO/JCC-ISRAEL-CENTER</a>",
ISRAEL CONNECTION,"<a href=""tel:053 7907709"">053 7907709</a>",,"<a href=""mailto:MICKEY@MYISRAELCONNECTION.COM"">MICKEY@MYISRAELCONNECTION.COM</a>","<a href=""https://MYISRAELCONNECTION.COM"">https://MYISRAELCONNECTION.COM</a>",
Heritage Tours LTD,"<a href=""tel:054-4443666"">054-4443666</a>",,"<a href=""mailto:nokisegev@gmail.com"">nokisegev@gmail.com</a>","<a href=""http://www.getswot.com/company.asp?ID=513616904"">http://www.getswot.com/company.asp?ID=513616904</a>",04-6011536
VADI VENTURES,"<a href=""tel:077 5308066"">077 5308066</a>",,"<a href=""mailto:LIMOR@VADIVENTURES.COM"">LIMOR@VADIVENTURES.COM</a>","<a href=""https://WWW.VADIVENTURES.COM"">https://WWW.VADIVENTURES.COM</a>",
Voice of Faith,"<a href=""tel:026481045"">026481045</a>",,"<a href=""mailto:info@voftours.com"">info@voftours.com</a>","<a href=""https://voftours.com"">https://voftours.com</a>",
WALLA TOURS,"<a href=""tel:03 7770997"">03 7770997</a>",,"<a href=""mailto:SHIRI@WALLATOURS.CO.IL"">SHIRI@WALLATOURS.CO.IL</a>","<a href=""https://WWW.WALLA.CO.IL"">https://WWW.WALLA.CO.IL</a>",03 7770901
Walk in Israel,"<a href=""tel:0524463190"">0524463190</a>",Dovev Peer,"<a href=""mailto:dovev@walkinisrael.com"">dovev@walkinisrael.com</a>","<a href=""https://www.walkinisrael.com"">https://www.walkinisrael.com</a>",0737530861
World Class Travel and Services Ltd,"<a href=""tel:02 5300900"">02 5300900</a>",Alex Herman,"<a href=""mailto:alex@wct.co.il"">alex@wct.co.il</a>","<a href=""https://www.wct.co.il"">https://www.wct.co.il</a>",02 5300920
VTS (V. travel and Services),"<a href=""tel:972 5402400280"">972 5402400280</a>",Virginia Manor,"<a href=""mailto:VIRGINIA@VTRAVELANDSERVICES.COM"">VIRGINIA@VTRAVELANDSERVICES.COM</a>","<a href=""nan"">nan</a>",972  74 7032189
Via Emmaus Tours,"<a href=""tel:02 6271636"">02 6271636</a>",George Khoury,"<a href=""mailto:george@viaemmaustours.com"">george@viaemmaustours.com</a>","<a href=""https://viaemmaustours.com"">https://viaemmaustours.com</a>",02 6271492
VIA SABRA,"<a href=""tel:03 5188188"">03 5188188</a>",,"<a href=""mailto:INFO@VIASABRA.COM"">INFO@VIASABRA.COM</a>","<a href=""https://WWW.VIASABRA.COM"">https://WWW.VIASABRA.COM</a>",077 7404762
William Tours,"<a href=""tel:0505390112"">0505390112</a>",Nasser Jaber,"<a href=""mailto:wiltours_n@hotmail.com"">wiltours_n@hotmail.com</a>","<a href=""nan"">nan</a>",
Vimix Ltd.,"<a href=""tel:099519098"">099519098</a>",,"<a href=""mailto:info@vimix.co.il"">info@vimix.co.il</a>","<a href=""https://vimix.co.il"">https://vimix.co.il</a>",
Vered Hasharon Travel & Tours Ltd,"<a href=""tel:08-9303999"">08-9303999</a>",,"<a href=""mailto:ann@vrdtrvl.com"">ann@vrdtrvl.com</a>","<a href=""http://www.veredgo.com/"">http://www.veredgo.com/</a>",08-9380710
PETRO LOGOS TOURS,"<a href=""tel:02-5418777"">02-5418777</a>",rizek petro,"<a href=""mailto:RIZEK@PLOGOSTOURS.COM"">RIZEK@PLOGOSTOURS.COM</a>","<a href=""https://INFO@PLOGOSTOURS.COM"">https://INFO@PLOGOSTOURS.COM</a>",02-5834540
Haim Sabag Israeli Tour,"<a href=""tel:0585855558"">0585855558</a>",Haim Sabag,"<a href=""mailto:info@israeli-tour.com"">info@israeli-tour.com</a>","<a href=""https://www.israeli-tour.com"">https://www.israeli-tour.com</a>",
TAO - TRANSLATIONS & BUSINESS TOURISM FROM CHINA LTD,"<a href=""tel:0545637271"">0545637271</a>",,"<a href=""mailto:LIRON@TAOISRAEL.CO.IL"">LIRON@TAOISRAEL.CO.IL</a>","<a href=""https://TAOISRAEL.CO.IL"">https://TAOISRAEL.CO.IL</a>",
TALA TOURS,"<a href=""tel:026281555"">026281555</a>",,"<a href=""mailto:INFO@TALATOURS.NET"">INFO@TALATOURS.NET</a>","<a href=""https://TALATOURS.NET"">https://TALATOURS.NET</a>",026273637
TABAR TOURS,"<a href=""tel:04-6085430"">04-6085430</a>",Shadia Srour,"<a href=""mailto:info@tabartours.com"">info@tabartours.com</a>","<a href=""https://TABARTOURS.COM"">https://TABARTOURS.COM</a>",04-6573020
Twin Tours & Travel,"<a href=""tel:025798159"">025798159</a>",Andrea Mubarek,"<a href=""mailto:info@twinstours.com"">info@twinstours.com</a>","<a href=""https://www.twinstours.org"">https://www.twinstours.org</a>",025798158
Tova Wald,"<a href=""tel:046291878"">046291878</a>",,"<a href=""mailto:tova@tovawald.com"">tova@tovawald.com</a>","<a href=""https://www.tovawald.com"">https://www.tovawald.com</a>",
Tour Plan Israel,"<a href=""tel:050-5328070"">050-5328070</a>",,"<a href=""mailto:info@tourplanisrael.com"">info@tourplanisrael.com</a>","<a href=""http://www.tourplanisrael.com/"">http://www.tourplanisrael.com/</a>",08-8604372
TI Tours Ltd,"<a href=""tel:036009555"">036009555</a>",Yossi Orbach,"<a href=""mailto:info@touristisrael.com"">info@touristisrael.com</a>","<a href=""https://www.touristisrael.com"">https://www.touristisrael.com</a>",
TGL TOURS LTD,"<a href=""tel:052 4368874"">052 4368874</a>",Coral Shemesh,"<a href=""mailto:tgl@tgl-tours.com"">tgl@tgl-tours.com</a>","<a href=""nan"">nan</a>",
LEGENDS TOURS,"<a href=""tel:: +972-2-6236732"">: +972-2-6236732</a>",,"<a href=""mailto:papucho@017.net.il"">papucho@017.net.il</a>","<a href=""nan"">nan</a>",+972-2-625668
Mazada Tours,"<a href=""tel:03-5444454"">03-5444454</a>",,"<a href=""mailto:info@mazadatours.com"">info@mazadatours.com</a>","<a href=""http://www.mazadatours.com/"">http://www.mazadatours.com/</a>",03-5461928
Biblical Trips,"<a href=""tel:0535253783, 036560639"">0535253783, 036560639</a>",Elena Migdal,"<a href=""mailto:sales@biblicaltrips.agency"">sales@biblicaltrips.agency</a>","<a href=""https://www.biblicaltrips.agency"">https://www.biblicaltrips.agency</a>",036560639
Tailor Made Tours Ltd,"<a href=""tel:03-6845000"">03-6845000</a>",Josephine Zinder,"<a href=""mailto:Josephine@israeldeal.com"">Josephine@israeldeal.com</a>","<a href=""http://www.tailormade.co.il/"">http://www.tailormade.co.il/</a>",03-6242200
Tira Tours,"<a href=""tel:972 9 7936798"">972 9 7936798</a>",,"<a href=""mailto:tiratours@gmail.com"">tiratours@gmail.com</a>","<a href=""nan"">nan</a>",972 9 7936888
Tal Aviation Group,"<a href=""tel:03-7952111"">03-7952111</a>",,"<a href=""mailto:info@tal-aviation.com"">info@tal-aviation.com</a>","<a href=""http://www.talaviation.com/"">http://www.talaviation.com/</a>",03-5100018
Authentic Israel,"<a href=""tel:02-6305332"">02-6305332</a>",,"<a href=""mailto:info@authenticisrael.com"">info@authenticisrael.com</a>","<a href=""http://www.authenticisrael.com/"">http://www.authenticisrael.com/</a>",02-7305753
Travex,"<a href=""tel:02-6216666"">02-6216666</a>",,"<a href=""mailto:travex@travex.co.il"">travex@travex.co.il</a>","<a href=""http://www.travex.co.il/"">http://www.travex.co.il/</a>",02-6231986
TARGET CONFERENCES,"<a href=""tel:03 5175155"">03 5175155</a>",,"<a href=""mailto:TARGET@TARGET-CONFERENCES.COM"">TARGET@TARGET-CONFERENCES.COM</a>","<a href=""https://TARGET-CONFERENCES.COM"">https://TARGET-CONFERENCES.COM</a>",03 5175155
Terra Dei Tourist Agency,"<a href=""tel:0544221392, 025411651"">0544221392, 025411651</a>",Fabien Safar,"<a href=""mailto:info@terradeitours.com"">info@terradeitours.com</a>","<a href=""https://www.terradeitours.com"">https://www.terradeitours.com</a>",029950885
Terra Sancta for Tourism,"<a href=""tel:026284733"">026284733</a>",Fadi Nazzal,"<a href=""mailto:testco@terrasanctatours.com"">testco@terrasanctatours.com</a>","<a href=""https://Terrasanctatours.com"">https://Terrasanctatours.com</a>",026272074
Travis Israel Ltd,"<a href=""tel:097737437, 054 5749611"">097737437, 054 5749611</a>",Martin Stein,"<a href=""mailto:martin@travis-israel.com"">martin@travis-israel.com</a>","<a href=""https://www.travis-israel.com"">https://www.travis-israel.com</a>",
TRAVELUX LTD,"<a href=""tel:03 5260500"">03 5260500</a>",,"<a href=""mailto:info@travellux.com"">info@travellux.com</a>","<a href=""https://WWW.TRAVELLUX.COM"">https://WWW.TRAVELLUX.COM</a>",03 5252199
TravelingJerusalem – G.U.Y Tours (1960) Ltd,"<a href=""tel:02 5383318"">02 5383318</a>",Eyal Reuben,"<a href=""mailto:info@travelingJerusalem.com"">info@travelingJerusalem.com</a>","<a href=""https://www.travelingjerusalem.com"">https://www.travelingjerusalem.com</a>",02 5383317
TRIPOLOGY TOURS,"<a href=""tel:02 5797470"">02 5797470</a>",,"<a href=""mailto:YAARA@TRIPOLOGY.CO.IL"">YAARA@TRIPOLOGY.CO.IL</a>","<a href=""https://WWW.TRIPOLOGY.CO.IL"">https://WWW.TRIPOLOGY.CO.IL</a>",
"Triple ""S""","<a href=""tel:08-9353333"">08-9353333</a>",,"<a href=""mailto:rttravel@netvision.net.il"">rttravel@netvision.net.il</a>","<a href=""http://www.rttravel.co.il/English/"">http://www.rttravel.co.il/English/</a>",08-9356000
Trans Global Travel Ltd,"<a href=""tel:02-5797683"">02-5797683</a>",,"<a href=""mailto:shanee@transglobal.co.il"">shanee@transglobal.co.il</a>","<a href=""http://www.calltransglobal.com/"">http://www.calltransglobal.com/</a>",02-5797685
Yudin Touring Israel,"<a href=""tel:0774503900"">0774503900</a>",,"<a href=""mailto:sales@touringisrael.com"">sales@touringisrael.com</a>","<a href=""https://touringisrael.com"">https://touringisrael.com</a>",
Israel Experts,"<a href=""tel:072-2774444"">072-2774444</a>",,"<a href=""mailto:itaypaz@israelexperts.com"">itaypaz@israelexperts.com</a>","<a href=""http://www.israelexperts.com/"">http://www.israelexperts.com/</a>",08-8573813
Universal Tourist Agency LTD,"<a href=""tel:026284383"">026284383</a>",Margo Terzi,"<a href=""mailto:uta-j@zahav.net.il"">uta-j@zahav.net.il</a>","<a href=""https://universaltouristagency.com"">https://universaltouristagency.com</a>",026264448
United Travel Habash,"<a href=""tel:025833614"">025833614</a>",,"<a href=""mailto:unidas@bezeqint.net"">unidas@bezeqint.net</a>","<a href=""https://unitedtravelltd.com"">https://unitedtravelltd.com</a>",
UNITED TRAVEL,"<a href=""tel:02 5833614"">02 5833614</a>",,"<a href=""mailto:nan"">nan</a>","<a href=""https://UNITEDTRAVELLTD.COM"">https://UNITEDTRAVELLTD.COM</a>",02 5836190
Israel Elite Tours Ltd,"<a href=""tel:972 54 4388055"">972 54 4388055</a>",Avinoam Nehmad,"<a href=""mailto:avitours5@gmail.com"">avitours5@gmail.com</a>","<a href=""https://www.iet.tours"">https://www.iet.tours</a>",
Israel Destination,"<a href=""tel:025723344"">025723344</a>",Aryeh Frankel,"<a href=""mailto:tal@israeldestinaion.co.il"">tal@israeldestinaion.co.il</a>","<a href=""https://israeldestination.co.il"">https://israeldestination.co.il</a>",
Yael Adventures,"<a href=""tel:072-2514214"">072-2514214</a>",,"<a href=""mailto:nir@go-yael.com"">nir@go-yael.com</a>","<a href=""https://go-yael.com"">https://go-yael.com</a>",072-2514221
Yaffa Tours Operations,"<a href=""tel:04-8340384 , 0503739545"">04-8340384 , 0503739545</a>",Michal Gal-Oz,"<a href=""mailto:michal@yaffatours.com"">michal@yaffatours.com</a>","<a href=""http://www.yaffatours.com/"">http://www.yaffatours.com/</a>",04-8573813
JERUSALEM 1ST CLASS,"<a href=""tel:02 6242000"">02 6242000</a>",,"<a href=""mailto:office@jerusalem1stclass.com"">office@jerusalem1stclass.com</a>","<a href=""nan"">nan</a>",02 6243000
Yarkon Tours,"<a href=""tel:03-7965020"">03-7965020</a>",,"<a href=""mailto:info@yarkon.co.il"">info@yarkon.co.il</a>","<a href=""http://www.yarkon.co.il/"">http://www.yarkon.co.il/</a>",03-5176849
Israel Unlimited Boutique Tours,"<a href=""tel:077-4080230"">077-4080230</a>",,"<a href=""mailto:aviv@israelunlimited.com"">aviv@israelunlimited.com</a>","<a href=""http://www.israelunlimited.com/"">http://www.israelunlimited.com/</a>",076-5480260
ISRAEL EXPERTS,"<a href=""tel:+972-72-277-4444"">+972-72-277-4444</a>",,"<a href=""mailto:travel@israelexperts.com"">travel@israelexperts.com</a>","<a href=""https://ISRAELEXPERTS.COM"">https://ISRAELEXPERTS.COM</a>",+972-8-8573813
ISRAEL HOLYLAND TRAVEL,"<a href=""tel:972 506214155"">972 506214155</a>",,"<a href=""mailto:rbh@israelholylandtravel.com/"">rbh@israelholylandtravel.com/</a>","<a href=""http://www.israelholylandtravel.com/"">http://www.israelholylandtravel.com/</a>",
Israel 2 Go Ltd,"<a href=""tel:026259334, 0508534404"">026259334, 0508534404</a>",Koksharov Masha,"<a href=""mailto:masha@israel2go.ru"">masha@israel2go.ru</a>","<a href=""https://israel2go.ru"">https://israel2go.ru</a>",026259330
ISRAEL2GO,"<a href=""tel:972 2 6259334"">972 2 6259334</a>",Eti Shimoni,"<a href=""mailto:ETI@ISRAEL2GO.CO.IL"">ETI@ISRAEL2GO.CO.IL</a>","<a href=""https://ISRAEL2GO.CO.IL"">https://ISRAEL2GO.CO.IL</a>",972 2 6259330
Israel My Way,"<a href=""tel:077-3005717"">077-3005717</a>",,"<a href=""mailto:yoav@israelmyway.co.il"">yoav@israelmyway.co.il</a>","<a href=""http://www.israelmyway.co.il/"">http://www.israelmyway.co.il/</a>",077-3007570
Israel Maven,"<a href=""tel:02-5639605"">02-5639605</a>",,"<a href=""mailto:info@israelmaven.com"">info@israelmaven.com</a>","<a href=""http://www.israelmaven.com/"">http://www.israelmaven.com/</a>",02-5672606
Isram Israel,"<a href=""tel:03-6947777"">03-6947777</a>",,"<a href=""mailto:info@isram.co.il"">info@isram.co.il</a>","<a href=""http://www.isramisrael.com"">http://www.isramisrael.com</a>",03-6966677
ISRAPLAN-FUNTOM,"<a href=""tel:972 737883200"">972 737883200</a>",,"<a href=""mailto:info@funtom.co.il"">info@funtom.co.il</a>","<a href=""https://www.israplan.com"">https://www.israplan.com</a>",972 73 7883232
KENES TOURS,"<a href=""tel:052-3604845"">052-3604845</a>",GUY HAR NIR,"<a href=""mailto:gyuharnir@kenes-tours.com"">gyuharnir@kenes-tours.com</a>","<a href=""https://KENES-TOURS.COM"">https://KENES-TOURS.COM</a>",
CASPI AVIATION LTD,"<a href=""tel:972 3 7962002"">972 3 7962002</a>","Ziv Mayberg, Alina Yaroslavtsev","<a href=""mailto:INCOMING@CASPI-AVIATION.CO.IL"">INCOMING@CASPI-AVIATION.CO.IL</a>","<a href=""https://CASPIAVIATION.COM"">https://CASPIAVIATION.COM</a>",972 3 7962008
CRISTINA TRAVEL,"<a href=""tel:972 4 8320291;  972 50 6404326"">972 4 8320291;  972 50 6404326</a>",Cristina Emory,"<a href=""mailto:office@cristinatravel.com"">office@cristinatravel.com</a>","<a href=""https://WWW.CRISTINATRAVEL.COM"">https://WWW.CRISTINATRAVEL.COM</a>",
L.P. PILGRIMAGES SERVICES LTD,"<a href=""tel:043740055"">043740055</a>",Ihab Sabbah,"<a href=""mailto:info@lpip.org"">info@lpip.org</a>","<a href=""https://www.lpip.org"">https://www.lpip.org</a>",04 6019185
Laisa Tours,"<a href=""tel:03-6055477"">03-6055477</a>",,"<a href=""mailto:lada@laisaisrael.com"">lada@laisaisrael.com</a>","<a href=""http://www.laisaisrael.com/"">http://www.laisaisrael.com/</a>",03-6052811
Levona Travel,"<a href=""tel:077-5101550"">077-5101550</a>",,"<a href=""mailto:levana@levonatravel.com"">levana@levonatravel.com</a>","<a href=""http://levonatravel.com/"">http://levonatravel.com/</a>",077-5101554
Levin Travel Ltd,"<a href=""tel:0525447628"">0525447628</a>",Julia Gelberd,"<a href=""mailto:shalom@let.travel"">shalom@let.travel</a>","<a href=""https://www.let.travel"">https://www.let.travel</a>",0773181187
Lourdes Tourist & Travel Agency Ltd.,"<a href=""tel:02-6275332"">02-6275332</a>",Simon Makhlouf,"<a href=""mailto:manager@lourdes-travel.com"">manager@lourdes-travel.com</a>","<a href=""http://www.lourdes-travel.com/"">http://www.lourdes-travel.com/</a>",02-6275336
Lawrence Tourism Ltd,"<a href=""tel:02-6284867"">02-6284867</a>","Sylvia Ida, Henry Lawrence","<a href=""mailto:henry@larence-tours.com"">henry@larence-tours.com</a>","<a href=""https://www.lawrence-tours.com"">https://www.lawrence-tours.com</a>",02-6271285
Travel Eat Connect Ltd,"<a href=""tel:0522261323"">0522261323</a>",Nir Margolit,"<a href=""mailto:nir@puzzleisrael.com"">nir@puzzleisrael.com</a>","<a href=""https://puzzleisrael.com"">https://puzzleisrael.com</a>",
LIPKIN TOURS,"<a href=""tel:02 9979329"">02 9979329</a>",Aaron Lipkin,"<a href=""mailto:AARON@LIPKINTOURS.COM"">AARON@LIPKINTOURS.COM</a>","<a href=""https://WWW.LIPKINTOURS.COM"">https://WWW.LIPKINTOURS.COM</a>",02 5377882
M. Keshet Center for Educational Tourism Ltd.,"<a href=""tel:052 4295411"">052 4295411</a>",Tami Dayan,"<a href=""mailto:tami@keshetisrael.co.il"">tami@keshetisrael.co.il</a>","<a href=""nan"">nan</a>",
MJ TRAVEL,"<a href=""tel:050 6511219"">050 6511219</a>",,"<a href=""mailto:mjkim@mjtravelisrael.com"">mjkim@mjtravelisrael.com</a>","<a href=""https://www.facebook.com/mjtravelltd"">https://www.facebook.com/mjtravelltd</a>",972543496267
M.D.G. TRAVEL,"<a href=""tel:0528909741"">0528909741</a>",Judy Bresnikov,"<a href=""mailto:JUDY@mdg-travel.com"">JUDY@mdg-travel.com</a>","<a href=""nan"">nan</a>",
MCTS CONSULTING LTD,"<a href=""tel:054 4878575"">054 4878575</a>",Tirza Hananel,"<a href=""mailto:tmhananel@gmail.com"">tmhananel@gmail.com</a>","<a href=""https://uvidavid.wixsite.com/mcts"">https://uvidavid.wixsite.com/mcts</a>",
Mount of Olives Tours,"<a href=""tel:0546551264"">0546551264</a>",Mohammed Hatib,"<a href=""mailto:Omar@khatibtours.com"">Omar@khatibtours.com</a>","<a href=""nan"">nan</a>",
Mabat Platinum,"<a href=""tel:03-9618930"">03-9618930</a>",,"<a href=""mailto:israel@mabat.com"">israel@mabat.com</a>","<a href=""http://www.mabat.com/"">http://www.mabat.com/</a>",03-9618940
Cookatour- Gil Regev,"<a href=""tel:052-6769385"">052-6769385</a>",Gil Regev,"<a href=""mailto:gilregev2@gmail.com"">gilregev2@gmail.com</a>","<a href=""https://www.gilregev.com"">https://www.gilregev.com</a>",072-2448922
MEJDI TOURS LTD,"<a href=""tel:0523327879"">0523327879</a>",,"<a href=""mailto:KIM@MEJDITOURS.COM"">KIM@MEJDITOURS.COM</a>","<a href=""https://WWW.MEJDITOURS.COM"">https://WWW.MEJDITOURS.COM</a>",
MEDCRUISES,"<a href=""tel:03 9272727"">03 9272727</a>",,"<a href=""mailto:med_cru@medcruises.co.il"">med_cru@medcruises.co.il</a>","<a href=""https://WWW.MEDCRUISES.CO.IL"">https://WWW.MEDCRUISES.CO.IL</a>",03 9343914
Medraft Holy Land,"<a href=""tel:073-7000238"">073-7000238</a>",,"<a href=""mailto:amitl@medraft.co.il / yulias@medraft.co.il"">amitl@medraft.co.il / yulias@medraft.co.il</a>","<a href=""http://medraft.co.il/"">http://medraft.co.il/</a>",073-7948812
Medraft Nature and Adventure,"<a href=""tel:972-03-5780555 ext. 413"">972-03-5780555 ext. 413</a>",,"<a href=""mailto:meni@medraft.co.il"">meni@medraft.co.il</a>","<a href=""https://medraftisrael.com"">https://medraftisrael.com</a>",972-03-7256552
Mosaic Tours & Travel Ltd,"<a href=""tel:025799911"">025799911</a>",Shmuel Zaksenberg,"<a href=""mailto:shmuel@mosaic-tours.com"">shmuel@mosaic-tours.com</a>","<a href=""nan"">nan</a>",025799922
Dear Sea Tours Ltd,"<a href=""tel:050 5884333;  08 6584392"">050 5884333;  08 6584392</a>",,"<a href=""mailto:Deadseatours421@gmail.com"">Deadseatours421@gmail.com</a>","<a href=""https://WWW.DEADSEATOURISM.CO.IL"">https://WWW.DEADSEATOURISM.CO.IL</a>",08 8584055
Mamriim Travel & Tourism LTD,"<a href=""tel:03-5757471"">03-5757471</a>",,"<a href=""mailto:itzikp@planetto.co.il"">itzikp@planetto.co.il</a>","<a href=""http://www.getswot.com/company.asp?ID=513616904"">http://www.getswot.com/company.asp?ID=513616904</a>",03-5757472
The Jewish Journey,"<a href=""tel:02-566-1001"">02-566-1001</a>",,"<a href=""mailto:office@tjj.co.il"">office@tjj.co.il</a>","<a href=""http://www.jewishjourney.org/?lang=2"">http://www.jewishjourney.org/?lang=2</a>",02-566-2040
The Jewish Journey,"<a href=""tel:02-566-1001"">02-566-1001</a>",,"<a href=""mailto:deena@tjj.co.il"">deena@tjj.co.il</a>","<a href=""http://www.jewishjourney.org/?lang=2"">http://www.jewishjourney.org/?lang=2</a>",02-566-2040
Jerusalem Journey,"<a href=""tel:0549191647/02-5661001"">0549191647/02-5661001</a>",,"<a href=""mailto:arnon@tjj.co.il"">arnon@tjj.co.il</a>","<a href=""https://www.jerusalemjourney.co.il"">https://www.jerusalemjourney.co.il</a>",
MAZDA TOURS,"<a href=""tel:972-3-5444454"">972-3-5444454</a>",,"<a href=""mailto:info@mazadatours.com"">info@mazadatours.com</a>","<a href=""https://www.mazadatours.com"">https://www.mazadatours.com</a>",972-3-5461928
Mr. Feinshmeker Ltd.,"<a href=""tel:0528219286"">0528219286</a>",Gilad Gottfeld,"<a href=""mailto:gilad@mrfein.com"">gilad@mrfein.com</a>","<a href=""https://mrfein.com"">https://mrfein.com</a>",
Keshet,"<a href=""tel:02-6713518"">02-6713518</a>",,"<a href=""mailto:info@keshetisrael.co.il"">info@keshetisrael.co.il</a>","<a href=""http://www.keshetisrael.co.il/"">http://www.keshetisrael.co.il/</a>",02-6713624
Maral Tours Ltd,"<a href=""tel:0547944097"">0547944097</a>",Valeria Kahaner,"<a href=""mailto:valeria@maral-tours.com"">valeria@maral-tours.com</a>","<a href=""https://www.maraltours.net"">https://www.maraltours.net</a>",098942447
Nazareth 200 Travel and Tours LTD,"<a href=""tel:04 6451220"">04 6451220</a>",Bassam Kurzum,"<a href=""mailto:bassam@nazareth2000.com"">bassam@nazareth2000.com</a>","<a href=""https://nazareth2000.com"">https://nazareth2000.com</a>",04 6451221
Noah Tours,"<a href=""tel:02-5666601"">02-5666601</a>",,"<a href=""mailto:sales@noahtours.com"">sales@noahtours.com</a>","<a href=""http://www.noahtours.com"">http://www.noahtours.com</a>",02-6339959
Nufar Tours,"<a href=""tel:03-5346484"">03-5346484</a>",Ofer Heilig,"<a href=""mailto:Ofer@nufartours.co.il"">Ofer@nufartours.co.il</a>","<a href=""https://www.nufartours.co.il/en/"">https://www.nufartours.co.il/en/</a>",03-5351739
Nazarene Tours Ltd,"<a href=""tel:04-6470797"">04-6470797</a>",Sharif Zuabi,"<a href=""mailto:zsharif@nazarene-tours.com"">zsharif@nazarene-tours.com</a>","<a href=""http://www.nazarene-tours.com/"">http://www.nazarene-tours.com/</a>",04-6566505
NET TOURS,"<a href=""tel:972 2 5328720"">972 2 5328720</a>",פאדי אבו דאיה,"<a href=""mailto:fadi@netours.com"">fadi@netours.com</a>","<a href=""https://www.netours.com"">https://www.netours.com</a>",
Nitzan Travel Service Ltd,"<a href=""tel:972 52 2721455"">972 52 2721455</a>",Nir Nitzan,"<a href=""mailto:nirtoursmail4u@gmail.com"">nirtoursmail4u@gmail.com</a>","<a href=""https://nirtours4u.co.il"">https://nirtours4u.co.il</a>",972 8 8594193
Nawas Tourist Agency Ltd,"<a href=""tel:02 6282491/026261788"">02 6282491/026261788</a>","Jamil  0509379140, Shifa 0522723900","<a href=""mailto:nawas@nawasjrs.com"">nawas@nawasjrs.com</a>","<a href=""nan"">nan</a>",02 6285755
NAFTALI TOURS LTD,"<a href=""tel:03 5224142"">03 5224142</a>",,"<a href=""mailto:office@naftalitours.com"">office@naftalitours.com</a>","<a href=""http://www.naftalitours.com"">http://www.naftalitours.com</a>",972-3-5224143
Nekudat Hen-Israeli Guide Ltd,"<a href=""tel:03 5102916, 0504949409"">03 5102916, 0504949409</a>",Yariv Hen,"<a href=""mailto:yariv@israeliguide.com"">yariv@israeliguide.com</a>","<a href=""https://www.israeliquide.com"">https://www.israeliquide.com</a>",035480807
Nativity Tours Ltd.,"<a href=""tel:02 6262312"">02 6262312</a>",Latifa Wakila,"<a href=""mailto:nativity@nativityjrs.com"">nativity@nativityjrs.com</a>","<a href=""https://nativitytoursjerusalem.com"">https://nativitytoursjerusalem.com</a>",02 6275791
Sunway Tours Israel,"<a href=""tel:03-6992251"">03-6992251</a>",,"<a href=""mailto:sun@sunwaytours.com"">sun@sunwaytours.com</a>","<a href=""http://sunwaytours.com/"">http://sunwaytours.com/</a>",03-6992295
Round The World,"<a href=""tel:03-5163163"">03-5163163</a>",,"<a href=""mailto:rtw@netvision.net.il"">rtw@netvision.net.il</a>","<a href=""http://www.rtw.co.il/"">http://www.rtw.co.il/</a>",03-5166883
"DAKKAK Tourist Agency, Ltd","<a href=""tel:02-6282525, 054-906-9832"">02-6282525, 054-906-9832</a>",Olivia Dakkak,"<a href=""mailto:tours@dakkaktouristagency.com"">tours@dakkaktouristagency.com</a>","<a href=""https://www.dakkaktouristagency.com"">https://www.dakkaktouristagency.com</a>",02-6282526
SAMSON TOURS,"<a href=""tel:077 2152575"">077 2152575</a>",,"<a href=""mailto:SALES@SAMSONTOURS.COM"">SALES@SAMSONTOURS.COM</a>","<a href=""https://WWW.SAMSONTOURS.COM"">https://WWW.SAMSONTOURS.COM</a>",
SUPERB TOURIST SERVICES,"<a href=""tel:03-9731780, 0542266717"">03-9731780, 0542266717</a>","Shlomi, Eran","<a href=""mailto:SUPERB@SUPERB.CO.IL"">SUPERB@SUPERB.CO.IL</a>","<a href=""https://SUPERB-PRIVATE-TOURS.COM"">https://SUPERB-PRIVATE-TOURS.COM</a>",03-9731781
Sachlav,"<a href=""tel:026540740"">026540740</a>",,"<a href=""mailto:office@sachlav.co.il"">office@sachlav.co.il</a>","<a href=""https://sachlav.com"">https://sachlav.com</a>",
STEPS TOURS,"<a href=""tel:02 5805719"">02 5805719</a>",,"<a href=""mailto:info@stepstours.com"">info@stepstours.com</a>","<a href=""https://www.steptours.com"">https://www.steptours.com</a>",
C.I&A,"<a href=""tel:052-5183110"">052-5183110</a>",Ofer Mizrachi,"<a href=""mailto:nan"">nan</a>","<a href=""https://www.yvel.com/"">https://www.yvel.com/</a>",
Ca Palmer Tours Ltd,"<a href=""tel:03-6201228/9"">03-6201228/9</a>",,"<a href=""mailto:dir.gen@capalmer-tours.com"">dir.gen@capalmer-tours.com</a>","<a href=""http://www.capalmer-tours.com"">http://www.capalmer-tours.com</a>",03-6201230
Consolidated Tour Operators Ltd.,"<a href=""tel:03-5235255"">03-5235255</a>",,"<a href=""mailto:noam@ctotours.com"">noam@ctotours.com</a>","<a href=""https://ctoisraeltours.com"">https://ctoisraeltours.com</a>",03-5235255
SAFE TRIP TRAVEL & VACATION LTD,"<a href=""tel:0502892701"">0502892701</a>",FIRAS SAFFOURY,"<a href=""mailto:FIRAS@STT-V.COM"">FIRAS@STT-V.COM</a>","<a href=""https://STT-V.COM"">https://STT-V.COM</a>",048517344
Sy. Travel Israel,"<a href=""tel:025340964"">025340964</a>",Yael Friedman Vaturi,"<a href=""mailto:isryaf@gmail.com"">isryaf@gmail.com</a>","<a href=""https://sy-israel-tours.com"">https://sy-israel-tours.com</a>",025340965
Singular Israel Tours,"<a href=""tel:0542121600"">0542121600</a>",,"<a href=""mailto:info@uisraeltours.co.il"">info@uisraeltours.co.il</a>","<a href=""https://uisrael.tours"">https://uisrael.tours</a>",
Cicerone Travel,"<a href=""tel:0547357733"">0547357733</a>",Bena Mantel,"<a href=""mailto:benamantel@gmail.com"">benamantel@gmail.com</a>","<a href=""https://ciceronetravel.com"">https://ciceronetravel.com</a>",
JUDITH SISA,"<a href=""tel:052 5986715"">052 5986715</a>",,"<a href=""mailto:JUDITH@SECRETGARDENSTOURS.COM"">JUDITH@SECRETGARDENSTOURS.COM</a>","<a href=""https://WWW.SECRETGARDENSTOURS.COM"">https://WWW.SECRETGARDENSTOURS.COM</a>",
Christina Samara,"<a href=""tel:02 6271956, 054 2375288"">02 6271956, 054 2375288</a>",Christina Samara,"<a href=""mailto:nan"">nan</a>","<a href=""https://christina.samara@samaratours.com"">https://christina.samara@samaratours.com</a>",02 6271956
SMARTRIP ISRAEL,"<a href=""tel:03 5223622"">03 5223622</a>",,"<a href=""mailto:info@smartrip-israel.com"">info@smartrip-israel.com</a>","<a href=""https://SMARTRIP ISRAEL"">https://SMARTRIP ISRAEL</a>",
Samson Tours,"<a href=""tel:077-2152575"">077-2152575</a>",,"<a href=""mailto:sales@samsontours.com"">sales@samsontours.com</a>","<a href=""http://www.samsontours.com"">http://www.samsontours.com</a>",153-77-215-2575
Safila Tour Ltd,"<a href=""tel:054 4477689"">054 4477689</a>",Bissoli Sabrina,"<a href=""mailto:sabrina.safila@yahoo.com"">sabrina.safila@yahoo.com</a>","<a href=""nan"">nan</a>",
Spirit Tours Holyland Ltd.,"<a href=""tel:0522444421"">0522444421</a>",Wajih Qawasmi,"<a href=""mailto:spiritoursus@gmail.com"">spiritoursus@gmail.com</a>","<a href=""https://www.spiritours.us"">https://www.spiritours.us</a>",15326732466
Scopus World Travel,"<a href=""tel:074-7022750"">074-7022750</a>",,"<a href=""mailto:scopustravel@gmail.com"">scopustravel@gmail.com</a>","<a href=""http://www.scopusworldtravel.com/"">http://www.scopusworldtravel.com/</a>",08-6376594
asolamtours,"<a href=""tel:972 8 9952182"">972 8 9952182</a>",,"<a href=""mailto:tikvah@adolamtours.com"">tikvah@adolamtours.com</a>","<a href=""https://adolamtours.com"">https://adolamtours.com</a>",972 8 9397848
Awad & Co.,"<a href=""tel:026284021"">026284021</a>",,"<a href=""mailto:admin@awad-tours.com"">admin@awad-tours.com</a>","<a href=""http://www.awad-tours.com/"">http://www.awad-tours.com/</a>",026287990
Awad & Co.,"<a href=""tel:0544451519"">0544451519</a>",,"<a href=""mailto:admin@awad-tours.com"">admin@awad-tours.com</a>","<a href=""http://www.awad-tours.com/"">http://www.awad-tours.com/</a>",026287990
AWAD ַXO TOURIST AGENCY LTD,"<a href=""tel:026284021"">026284021</a>",,"<a href=""mailto:ADMIN@AWAD-TOURS.COM"">ADMIN@AWAD-TOURS.COM</a>","<a href=""https://WWW.AWAD-TOURS.COM"">https://WWW.AWAD-TOURS.COM</a>",026287990
Pilgrim World,"<a href=""tel:09-7668753"">09-7668753</a>",,"<a href=""mailto:info@pilgrimworld.com"">info@pilgrimworld.com</a>","<a href=""http://www.pilgrimworld.com/"">http://www.pilgrimworld.com/</a>",09-7668614
Elite Travel & Tours Ltd,"<a href=""tel:03-5757777"">03-5757777</a>",,"<a href=""mailto:daniela@elite-travel.co.il"">daniela@elite-travel.co.il</a>","<a href=""http://www.elite-travel.co.il/"">http://www.elite-travel.co.il/</a>",03-5757666
AMI TRAVEL,"<a href=""tel:0544231736"">0544231736</a>",Yair Mazur,"<a href=""mailto:YAIRMAZUR@GMAIL.COM"">YAIRMAZUR@GMAIL.COM</a>","<a href=""https://WWW.AMITRAVEL.COM"">https://WWW.AMITRAVEL.COM</a>",09-7748670
Amiel Tours,"<a href=""tel:03-5388444"">03-5388444</a>",,"<a href=""mailto:mngt@amiel.israel.net"">mngt@amiel.israel.net</a>","<a href=""http://www.amiel.com/"">http://www.amiel.com/</a>",03-5336061
Immanuel Tours,"<a href=""tel:08-9405123"">08-9405123</a>",,"<a href=""mailto:incoming@immanuel-tours.com"">incoming@immanuel-tours.com</a>","<a href=""http://www.immanuel-tours.com/"">http://www.immanuel-tours.com/</a>",08-9403550
Patra,"<a href=""tel:08-9368855"">08-9368855</a>",,"<a href=""mailto:gad@patra.co.il"">gad@patra.co.il</a>","<a href=""www.patra.co.il"">www.patra.co.il</a>",08-5757666
PALMER TOURS,"<a href=""tel:03 6201228/9, 972 54 4687708"">03 6201228/9, 972 54 4687708</a>",Marta Jaobcyner,"<a href=""mailto:palmer@netvision.net.il"">palmer@netvision.net.il</a>","<a href=""nan"">nan</a>",972 3 6201230
Palex Tours Ltd.,"<a href=""tel:04-6660510"">04-6660510</a>",,"<a href=""mailto:carel@palex.co.il"">carel@palex.co.il</a>","<a href=""http://www.palextours.com/"">http://www.palextours.com/</a>",04-8522491
Fun Tours LTD,"<a href=""tel:050-3350639"">050-3350639</a>",,"<a href=""mailto:ishay@funtours.co.il"">ishay@funtours.co.il</a>","<a href=""http://www.funtours.co.il"">http://www.funtours.co.il</a>",04-8732999
Fun time,"<a href=""tel:072 2222044"">072 2222044</a>",,"<a href=""mailto:info@fun-time.org.il"">info@fun-time.org.il</a>","<a href=""https://www.fun-time.co.il"">https://www.fun-time.co.il</a>",0773320300
Paragon Group,"<a href=""tel:03-5767740"">03-5767740</a>",,"<a href=""mailto:Rarazy@paragong.com"">Rarazy@paragong.com</a>","<a href=""http://www.paragong.com/"">http://www.paragong.com/</a>",03-6133341
PEGAS,"<a href=""tel:03 5784793"">03 5784793</a>",,"<a href=""mailto:meshaked@inter.net.il"">meshaked@inter.net.il</a>","<a href=""https://PGEGAS"">https://PGEGAS</a>",03 5784786
Polaris Group Aviation & Travel,"<a href=""tel:03-6915580"">03-6915580</a>",,"<a href=""mailto:joel@polaris.co.il"">joel@polaris.co.il</a>","<a href=""http://polaris.co.il/"">http://polaris.co.il/</a>",03-6965596
Forum Travel And Events LTD,"<a href=""tel:054-6740020"">054-6740020</a>",,"<a href=""mailto:orly@exponet.co.il"">orly@exponet.co.il</a>","<a href=""http://forum-travel.co.il/"">http://forum-travel.co.il/</a>",03-5102151
Petro Logos Tours,"<a href=""tel:050 5283820, 02 5418777"">050 5283820, 02 5418777</a>",Rizek Petro,"<a href=""mailto:rizek@plogostours.com"">rizek@plogostours.com</a>","<a href=""https://www.plogostours.com"">https://www.plogostours.com</a>",02 6417677
PON TOURS,"<a href=""tel:046451903, 0549879244"">046451903, 0549879244</a>",,"<a href=""mailto:Pontravel20@gmail.com"">Pontravel20@gmail.com</a>","<a href=""https://WWW.PON-TRAVEL.COM"">https://WWW.PON-TRAVEL.COM</a>",046472647
Fig Trips Ltd,"<a href=""tel:972545720017"">972545720017</a>",Ishai Levin,"<a href=""mailto:contact@figtrips.com"">contact@figtrips.com</a>","<a href=""https://www.fig-trips.com"">https://www.fig-trips.com</a>",
Piccadilly Travel & Tourism,"<a href=""tel:054-4611416"">054-4611416</a>",,"<a href=""mailto:arik@piccadilly.co.il"">arik@piccadilly.co.il</a>","<a href=""http://www.tagent.co.il/Supplier-279450/%D7%A4%D7%99%D7%A7%D7%93%D7%99%D7%9C%D7%99-%D7%A0%D7%A1%D7%99%D7%A2%D7%95%D7%AA-%D7%95%D7%AA%D7%99%D7%99%D7%A8%D7%95%D7%AA-%D7%91%D7%A2%D7%9E"">http://www.tagent.co.il/Supplier-279450/%D7%A4%D7%99%D7%A7%D7%93%D7%99%D7%9C%D7%99-%D7%A0%D7%A1%D7%99%D7%A2%D7%95%D7%AA-%D7%95%D7%AA%D7%99%D7%99%D7%A8%D7%95%D7%AA-%D7%91%D7%A2%D7%9E</a>",03-9518587
Palmer tours,"<a href=""tel:972 3 6201228, 972 3 6201229"">972 3 6201228, 972 3 6201229</a>",Marta Jakobcyner,"<a href=""mailto:palmer@netvision.net.il"">palmer@netvision.net.il</a>","<a href=""nan"">nan</a>",972 3 6201230
Once in a Lifetime Ltd,"<a href=""tel:0505252743"">0505252743</a>",Ofer Levy,"<a href=""mailto:ofer@israelrevealed.com"">ofer@israelrevealed.com</a>","<a href=""https://israelrevealed.com"">https://israelrevealed.com</a>",
FRATERNUM TOURS LTD,"<a href=""tel:02 5787774, 0546554950"">02 5787774, 0546554950</a>",Adre Khoury,"<a href=""mailto:FRATERNUM@BEZEQINT.net"">FRATERNUM@BEZEQINT.net</a>","<a href=""https://www.fraternumtours.com"">https://www.fraternumtours.com</a>",026767266
friends tours,"<a href=""tel:054-2858740"">054-2858740</a>",Haneen Didoke,"<a href=""mailto:haneen@travelwithfriends.com"">haneen@travelwithfriends.com</a>","<a href=""https://www.friendstoursitd.com"">https://www.friendstoursitd.com</a>",02-6567479
Friends Tours Ltd,"<a href=""tel:054 2858740"">054 2858740</a>",Haneen Disoke,"<a href=""mailto:haneen@travelwithfriends.com"">haneen@travelwithfriends.com</a>","<a href=""https://www.friendstoursltd.com"">https://www.friendstoursltd.com</a>",02 6567479
Tzur Tours,"<a href=""tel:054-5308429"">054-5308429</a>",ELYAHU TZUR,"<a href=""mailto:eli@tzurtours.com"">eli@tzurtours.com</a>","<a href=""https://tzurtours.com/"">https://tzurtours.com/</a>",
Giant Leaps LTD,"<a href=""tel:0507208027"">0507208027</a>",Ora Marin,"<a href=""mailto:ora@giantleaps.co.il"">ora@giantleaps.co.il</a>","<a href=""https://www.giantleaps.co.il/"">https://www.giantleaps.co.il/</a>",
C.P. Metropole Ltd,"<a href=""tel:02 5821332"">02 5821332</a>",Mhmoud Sayyad,"<a href=""mailto:cptravel01@gmail.com"">cptravel01@gmail.com</a>","<a href=""nan"">nan</a>",02 5804327
Kedma Travel,"<a href=""tel:08-9704139"">08-9704139</a>",,"<a href=""mailto:leah@kedmatravel.com"">leah@kedmatravel.com</a>","<a href=""http://www.kedmatravel.com/"">http://www.kedmatravel.com/</a>",08-9751752
VOFTours Ltd,"<a href=""tel:026481045"">026481045</a>",Danho Sanhari,"<a href=""mailto:accounting@voftours.com"">accounting@voftours.com</a>","<a href=""https://VOFTours.com"">https://VOFTours.com</a>",026481438
Compass travel israel Ltd,"<a href=""tel:0587076611"">0587076611</a>",Ruben Sederman,"<a href=""mailto:info@compasstravel.co.il"">info@compasstravel.co.il</a>","<a href=""https://compasstravelisrael.com"">https://compasstravelisrael.com</a>",
Qumri Pilgrimages LTD,"<a href=""tel:02 6569047"">02 6569047</a>",Iyad,"<a href=""mailto:iqumri@iyadqumripilgrimages.com"">iqumri@iyadqumripilgrimages.com</a>","<a href=""https://iyadqumripilgrimages.com"">https://iyadqumripilgrimages.com</a>",
Conexion Israel,"<a href=""tel:054 4361411"">054 4361411</a>",Gabriel Soloman Shukrun,"<a href=""mailto:gabriel@conexionisrael.com"">gabriel@conexionisrael.com</a>","<a href=""nan"">nan</a>",
Coral Travel and Tours Ltd,"<a href=""tel:03-7360429"">03-7360429</a>",,"<a href=""mailto:ayelet@coraltours.co.il"">ayelet@coraltours.co.il</a>","<a href=""http://www.coraltours.co.il/"">http://www.coraltours.co.il/</a>",03-5346646
KingSons Travel,"<a href=""tel:972 4 8677585"">972 4 8677585</a>",Ygal Gitelman,"<a href=""mailto:info@kingsonstravel.com"">info@kingsonstravel.com</a>","<a href=""https://www.kingsonstravel.com"">https://www.kingsonstravel.com</a>",
Keli Tours,"<a href=""tel:09-7462210"">09-7462210</a>",,"<a href=""mailto:paola@keli-tours.co.il"">paola@keli-tours.co.il</a>","<a href=""http://www.keli-tours.co.il/"">http://www.keli-tours.co.il/</a>",09-7462208
Cristina Travel,"<a href=""tel:0506404326, 048535894"">0506404326, 048535894</a>",Cristina Amariei,"<a href=""mailto:office@cristinatravel.com"">office@cristinatravel.com</a>","<a href=""https://www.cristinatravel.co.il"">https://www.cristinatravel.co.il</a>",972 50 6404326
Easy Israel Travel Portal,"<a href=""tel:072-2222232"">072-2222232</a>",,"<a href=""mailto:david@easyisrael.com"">david@easyisrael.com</a>","<a href=""http://www.easyisrael.com/"">http://www.easyisrael.com/</a>",072-2502690
KESHET JOURNEYS/KESHET ISRAEL,"<a href=""tel:+972-2-6713518"">+972-2-6713518</a>",,"<a href=""mailto:INFO@KETSHETISRAEL.CO.IL"">INFO@KETSHETISRAEL.CO.IL</a>","<a href=""https://www.keshetjourneys.com, www.keshetisrael.co.il"">https://www.keshetjourneys.com, www.keshetisrael.co.il</a>",+972-2-6713624
Raji tours and Travel LTD,"<a href=""tel:052-5941448"">052-5941448</a>",Sari Hazou,"<a href=""mailto:INFO@RAJITOURS.COM"">INFO@RAJITOURS.COM</a>","<a href=""https://WWW.RAJITOURS.COM"">https://WWW.RAJITOURS.COM</a>",
Raji Tours & Travel,"<a href=""tel:972 2 6446279, 972 54 2289147"">972 2 6446279, 972 54 2289147</a>",Sari Hazou,"<a href=""mailto:info@rajitours.com"">info@rajitours.com</a>","<a href=""https://www/rajitours.com"">https://www/rajitours.com</a>",972 2 5787766
Rejwan Travel Service,"<a href=""tel:02-6259334"">02-6259334</a>",,"<a href=""mailto:elena@rejwan.co.il"">elena@rejwan.co.il</a>","<a href=""http://www.rejwan.ru"">http://www.rejwan.ru</a>",02-6259330
Regina Tours Israel Ltd,"<a href=""tel:+972544869677"">+972544869677</a>",Binyamin Shavit,"<a href=""mailto:benji@reginatours.com"">benji@reginatours.com</a>","<a href=""http://www.reginatours.com"">http://www.reginatours.com</a>",02-5871877
Rubin Tourism,"<a href=""tel:03-6575544"">03-6575544</a>",,"<a href=""mailto:asafrubin@hotmail.com"">asafrubin@hotmail.com</a>","<a href=""http://www.rubinisrael.ru/"">http://www.rubinisrael.ru/</a>",03-6575546
ROUTES TRAVEL AND TOURS,"<a href=""tel:02-6322000"">02-6322000</a>",,"<a href=""mailto:ely@routestravel.com"">ely@routestravel.com</a>","<a href=""https://www.routestravel.com"">https://www.routestravel.com</a>",02-6438154
Royal International Travel & Tours,"<a href=""tel:09-9505951"">09-9505951</a>",,"<a href=""mailto:incoming@royal.co.il"">incoming@royal.co.il</a>","<a href=""http://www.royal.co.il/"">http://www.royal.co.il/</a>",09-9576038
Royal Travel Group Ltd,"<a href=""tel:972 54 6909292, +1 347 7528456"">972 54 6909292, +1 347 7528456</a>",Olga Lev,"<a href=""mailto:olga@royaltravel.co.il"">olga@royaltravel.co.il</a>","<a href=""https://royaltravel.co.il"">https://royaltravel.co.il</a>",03-6996228
Riviera tours,"<a href=""tel:972 54 5777340, 972 52 8969916, 972 4 6081010"">972 54 5777340, 972 52 8969916, 972 4 6081010</a>","Ruham Nimri, Raed Hassan","<a href=""mailto:ruham@riviera-tours.net"">ruham@riviera-tours.net</a>","<a href=""https://www.riviera-tours.net"">https://www.riviera-tours.net</a>",972 4 6464031
Ramah Israel,"<a href=""tel:972 2 6790243"">972 2 6790243</a>",Meir Hoyzman,"<a href=""mailto:info@ramah.co.il"">info@ramah.co.il</a>","<a href=""https://ramah.org.il"">https://ramah.org.il</a>",972 2 6792069
Renacer Tours Ltd,"<a href=""tel:072-2515385"">072-2515385</a>",,"<a href=""mailto:info@renacertours.com"">info@renacertours.com</a>","<a href=""http://www.renacertours.com/"">http://www.renacertours.com/</a>",03-6489020
Rent-a-Guide,"<a href=""tel:972 3 - 5166699"">972 3 - 5166699</a>",Guy Scherf,"<a href=""mailto:info@rent-a-guide.co.il"">info@rent-a-guide.co.il</a>","<a href=""https://rent-a-guide.co.il"">https://rent-a-guide.co.il</a>",972 3 5163369
Raphul Productions and Tourism,"<a href=""tel:0556609049"">0556609049</a>",Abraham Yishayahu Harari Raphul,"<a href=""mailto:aviavi443@gmail.com"">aviavi443@gmail.com</a>","<a href=""nan"">nan</a>",
Rafi Shelef International Travel & Congresses,"<a href=""tel:03-7610603"">03-7610603</a>",Michal Baruch,"<a href=""mailto:michal@internationaltc.co.il"">michal@internationaltc.co.il</a>","<a href=""http://www.international-travel.co.il/"">http://www.international-travel.co.il/</a>",03-7610862
Rashid Travel & Tours Ltd,"<a href=""tel:04-6017788"">04-6017788</a>",,"<a href=""mailto:rashid@rashidtours.com"">rashid@rashidtours.com</a>","<a href=""http://www.rashidtours.com/"">http://www.rashidtours.com/</a>",04-6453364
RESHET TOURS,"<a href=""tel:+972-3-6961930"">+972-3-6961930</a>",,"<a href=""mailto:nitoamarilio@reshet-tours.com"">nitoamarilio@reshet-tours.com</a>","<a href=""https://reshet-tours.com"">https://reshet-tours.com</a>",972-3-5275521
SK Tours In Nature,"<a href=""tel:02-6726095"">02-6726095</a>",,"<a href=""mailto:tzachi@sktours.net"">tzachi@sktours.net</a>","<a href=""http://www.sktours.net/"">http://www.sktours.net/</a>",02-6712936
Shatour Israel Experience,"<a href=""tel:972 50 5383020"">972 50 5383020</a>",Nathan Shapiro,"<a href=""mailto:info@shatour.com"">info@shatour.com</a>","<a href=""https://shatour.com"">https://shatour.com</a>",972 2 5869250
Shvil Baztzad Travel & Tourism,"<a href=""tel:972 3 6727292"">972 3 6727292</a>",Shmulik Cohen,"<a href=""mailto:shmulik@shvil.co.il"">shmulik@shvil.co.il</a>","<a href=""https://shvilolami.co.il"">https://shvilolami.co.il</a>",972 3 6737278
Shvil Batzad Travel & Tourism,"<a href=""tel:03 6727292"">03 6727292</a>",Shmulik Cohen,"<a href=""mailto:shmulik@shvil.co.il"">shmulik@shvil.co.il</a>","<a href=""https://shvilolami.co.il"">https://shvilolami.co.il</a>","03 6704069, 036737278"
SHONY TRAVEL,"<a href=""tel:+972 54 454 3073"">+972 54 454 3073</a>",,"<a href=""mailto:nan"">nan</a>","<a href=""https://SHONYTRAVEL.COM"">https://SHONYTRAVEL.COM</a>",
Flying Carpet,"<a href=""tel:03-5151720"">03-5151720</a>",Milena Tavkov,"<a href=""mailto:milenat@flying.co.il"">milenat@flying.co.il</a>","<a href=""http://www.flying-carpet.ru/"">http://www.flying-carpet.ru/</a>",03-5156527
Shai Nahon Ecological Tours,"<a href=""tel:0540533177"">0540533177</a>",Shai Nahon,"<a href=""mailto:shai@shaitours.com"">shai@shaitours.com</a>","<a href=""https://www.shaitours.com"">https://www.shaitours.com</a>",
Shin Tours,"<a href=""tel:02-9902775"">02-9902775</a>",,"<a href=""mailto:Info@shin-tours.com"">Info@shin-tours.com</a>","<a href=""http://www.shin-tours.com"">http://www.shin-tours.com</a>",077-4703367
Shepherds Tours,"<a href=""tel:0546891737"">0546891737</a>",Nader George Habib Khoury,"<a href=""mailto:Nader@shepherdstours.com"">Nader@shepherdstours.com</a>","<a href=""nan"">nan</a>",
Sar-El Tours & Conferences,"<a href=""tel:02-5338000"">02-5338000</a>",,"<a href=""mailto:ariel@sarel-tours.com ; david@sareltours.com; sarel@sareltours.com"">ariel@sarel-tours.com ; david@sareltours.com; sarel@sareltours.com</a>","<a href=""http://sareltours.com/"">http://sareltours.com/</a>",02-5789233
SHATOUR EXPERIENCE,"<a href=""tel:02 5865267"">02 5865267</a>",,"<a href=""mailto:shatour@netvision.net.il"">shatour@netvision.net.il</a>","<a href=""https://SHATOUR.COM"">https://SHATOUR.COM</a>",02-5869250
Tour Mile,"<a href=""tel:09-9668686"">09-9668686</a>",,"<a href=""mailto:to-mi@tour-mile.com"">to-mi@tour-mile.com</a>","<a href=""http://www.tour-mile.com/"">http://www.tour-mile.com/</a>",09-7724491
Theodorie Tours & Services,"<a href=""tel:0547347879"">0547347879</a>",Jiries,"<a href=""mailto:jiries@tts-jer.com"">jiries@tts-jer.com</a>","<a href=""https://tts-jer.com"">https://tts-jer.com</a>",025322915
Tourisme Du Monde Ltd,"<a href=""tel:054-7006347, 050 7928737"">054-7006347, 050 7928737</a>",Isabelle Azuelos Azra - Frank Azuelos,"<a href=""mailto:contact@tourismedumonde.com"">contact@tourismedumonde.com</a>","<a href=""http://www.tourisme-du-monde.com/"">http://www.tourisme-du-monde.com/</a>",
Tamara Tours 2014 Ltd,"<a href=""tel:02 6262161"">02 6262161</a>",Kasem Abu Alteen,"<a href=""mailto:info@tamara-tours.com"">info@tamara-tours.com</a>","<a href=""https://tours.com-tamara"">https://tours.com-tamara</a>",02 6285116
