organization,phone,contact_name,email,url,fax
I DISCOVER ISRAEL,"<a href=""tel:nan"">nan</a>",,"<a href=""mailto:ido@idisrael.com"">ido@idisrael.com</a>","<a href=""http://www.idisrael.com/home/"">http://www.idisrael.com/home/</a>",
IC&S,"<a href=""tel:02-6240350"">02-6240350</a>",Ilan Vale,"<a href=""mailto:Info@israelservices.co.il"">Info@israelservices.co.il</a>","<a href=""http://israel-services.com/"">http://israel-services.com/</a>",02-5701755
IM ISRAEL TRAVEL,"<a href=""tel:+972-54-2027404"">+972-54-2027404</a>",,"<a href=""mailto:shirley@imisraeltravel.com"">shirley@imisraeltravel.com</a>","<a href=""https://www.imisraeltravel.com/"">https://www.imisraeltravel.com/</a>",
Royal VacationsTours,"<a href=""tel:02 5833131. 0544874730"">02 5833131. 0544874730</a>",Khader Raad,"<a href=""mailto:info@royalvacations.co.il"">info@royalvacations.co.il</a>","<a href=""https://royalvacations.co.il"">https://royalvacations.co.il</a>",02 6262844
V.P.I - Voyages Et Pelerinages En Israel,"<a href=""tel:052-2293171"">052-2293171</a>",Alec Sarfati,"<a href=""mailto:sarfati.vpi@gmail.com"">sarfati.vpi@gmail.com</a>","<a href=""http://www.tourisrael.travel/"">http://www.tourisrael.travel/</a>",08-6513348
"א.ר אלאנד תיירות בע""מ","<a href=""tel:077-4046077"">077-4046077</a>",עדי לוקר,"<a href=""mailto:elandandrei@hotmail.com"">elandandrei@hotmail.com</a>","<a href=""http://www.elandandrei.com/"">http://www.elandandrei.com/</a>",077-4046078
אביטורס,"<a href=""tel:972 54 4388055"">972 54 4388055</a>",אבינועם נחמד,"<a href=""mailto:avitours5@gmail.com"">avitours5@gmail.com</a>","<a href=""http://www.avitours.co.il/"">http://www.avitours.co.il/</a>",077-4041134
אגדה טורס,"<a href=""tel:052 2949092, 972 3 6430149"">052 2949092, 972 3 6430149</a>",דרור דרוקר,"<a href=""mailto:dror@agadatours.co.il"">dror@agadatours.co.il</a>","<a href=""https://AGADATOURS.CO.IL"">https://AGADATOURS.CO.IL</a>",972-3-6430149
אגודת אכסניות נוער בישראל,"<a href=""tel:025945550"">025945550</a>",עפר שפירא,"<a href=""mailto:info@iyha.org.il"">info@iyha.org.il</a>","<a href=""https://www.iyha.org.il"">https://www.iyha.org.il</a>",
אדי טרוול,"<a href=""tel:077-4100985"">077-4100985</a>",Boaz Shelgi,"<a href=""mailto:boaz@editravel.co.il"">boaz@editravel.co.il</a>","<a href=""http://www.editravel-israel.com"">http://www.editravel-israel.com</a>",077-4100986
"אהלן - אולימפוס בע""מ","<a href=""tel:08-6347022"">08-6347022</a>",כפיר שוורץ,"<a href=""mailto:kfir@ahalan.co.il"">kfir@ahalan.co.il</a>","<a href=""http://www.ahalan.co.il/"">http://www.ahalan.co.il/</a>",072-2446071
או. אס. טרוס,"<a href=""tel:026289260"">026289260</a>",שוקרי אבו חמדן,"<a href=""mailto:os@os-tours.com"">os@os-tours.com</a>","<a href=""https://www.os-tours.com"">https://www.os-tours.com</a>",026264979
או.אס. טורס & טרוול,"<a href=""tel:02 6289260"">02 6289260</a>",שוקרי אבו חמדן,"<a href=""mailto:os@os-tours.com"">os@os-tours.com</a>","<a href=""https://os-tours.com"">https://os-tours.com</a>",02 6264979
אוברט טורס,"<a href=""tel:03-7297330"">03-7297330</a>",נטלי אוברט,"<a href=""mailto:nathalie@obratours.co.il"">nathalie@obratours.co.il</a>","<a href=""http://www.obratours.co.il/Account/LogIn?ReturnUrl=%2f"">http://www.obratours.co.il/Account/LogIn?ReturnUrl=%2f</a>",03-5479771
אוברסיז טראוול,"<a href=""tel:026287090"">026287090</a>",Ibrahim Zumot,"<a href=""mailto:izumot@otbtravel.com"">izumot@otbtravel.com</a>","<a href=""https://www.otbtravel.com"">https://www.otbtravel.com</a>",
אוונטוס טיירות,"<a href=""tel:0544480962"">0544480962</a>",אילנה וויסמן,"<a href=""mailto:Ilana@eventosisrael.com"">Ilana@eventosisrael.com</a>","<a href=""https://eventosisrael.com"">https://eventosisrael.com</a>",073 2510333
אוניברסל אליג,"<a href=""tel:02-6247010"">02-6247010</a>",גד גרשפלד,"<a href=""mailto:info@universal.co.il"">info@universal.co.il</a>","<a href=""http://universal.co.il/"">http://universal.co.il/</a>",02-6235394
אופיר טורס,"<a href=""tel:03-526-9561"">03-526-9561</a>",Meir Edri,"<a href=""mailto:ophirincoming@ophirtours.co.il"">ophirincoming@ophirtours.co.il</a>","<a href=""http://www.ophir-peltours.com"">http://www.ophir-peltours.com</a>",03-526-9655
"אופקים טרוול וכנסים בע""מ","<a href=""tel:972-3- 7610713"">972-3- 7610713</a>",ישראל רוגריגז,"<a href=""mailto:israel@ofakim.co.il"">israel@ofakim.co.il</a>","<a href=""https://OFAKIM.CO.IL"">https://OFAKIM.CO.IL</a>",050/8960049
"אטלנטיס גוני קור טרוול בע""מ","<a href=""tel:02 6737025"">02 6737025</a>",ממדוח קוואסמי,"<a href=""mailto:jogtours@hotmail.com"">jogtours@hotmail.com</a>","<a href=""https://אין"">https://אין</a>",02 6711436
אטלנטיס טרוול,"<a href=""tel:03 6552500"">03 6552500</a>",ALEXANDER SUNTZ,"<a href=""mailto:info@atlantistravel.co.il"">info@atlantistravel.co.il</a>","<a href=""HTTP://atlantistravel.co.il"">HTTP://atlantistravel.co.il</a>",
אי אם תיירות ישראל,"<a href=""tel:0542027404"">0542027404</a>",Ram Marshall,"<a href=""mailto:ram@imisraeltravel.com"">ram@imisraeltravel.com</a>","<a href=""https://imisraeltravel.com"">https://imisraeltravel.com</a>",
אי.ג'י.טי,"<a href=""tel:02-5619990"">02-5619990</a>",Lior Mahtabi,"<a href=""mailto:Lior@igt.co.il"">Lior@igt.co.il</a>","<a href=""http://www.igt.co.il/"">http://www.igt.co.il/</a>",02-5665277
אי.פי.סי.אס ג'ושוע קונין,"<a href=""tel:0532798437"">0532798437</a>",ג'ושוע,"<a href=""mailto:josh@pi2922israel.com"">josh@pi2922israel.com</a>","<a href=""https://www.pi2922israel.com"">https://www.pi2922israel.com</a>",
אייביאשון לינקס,"<a href=""tel:03 5205020"">03 5205020</a>",דורי שושן,"<a href=""mailto:Dori.Shoshan@aviation-links.co.il"">Dori.Shoshan@aviation-links.co.il</a>","<a href=""https://www.kishrey-teufa.co.il"">https://www.kishrey-teufa.co.il</a>",
איילה,"<a href=""tel:02-5006666"">02-5006666</a>",ארי דוד,"<a href=""mailto:infoa@ayalagroup.co.il"">infoa@ayalagroup.co.il</a>","<a href=""http://www.ayalatours.co.il"">http://www.ayalatours.co.il</a>",02-5006640
אייר טודיי טראוול,"<a href=""tel:0556623278"">0556623278</a>",יצחק אהרן ריכטער,"<a href=""mailto:info.airtoday21@gmail.com"">info.airtoday21@gmail.com</a>","<a href=""nan"">nan</a>",
"אילוס בע""מ","<a href=""tel:054 6671700"">054 6671700</a>",אנטואן כשרם,"<a href=""mailto:tours@aeolus-tours.com"">tours@aeolus-tours.com</a>","<a href=""https://Aeolus-tours.com"">https://Aeolus-tours.com</a>",02 6271719
אימפקט,"<a href=""tel:0527617187"">0527617187</a>",רבקה קריימן,"<a href=""mailto:Impact8080@gmail.com"">Impact8080@gmail.com</a>","<a href=""nan"">nan</a>",
"אינטראקטיב טורס בע""מ","<a href=""tel:0544323188"">0544323188</a>",נחום איזנשטאט,"<a href=""mailto:interactivetours@gmail.com"">interactivetours@gmail.com</a>","<a href=""https://www.interactivetours-israel.com"">https://www.interactivetours-israel.com</a>",04 9532461
"אינספיריישן טורס בע""מ","<a href=""tel:02-6277646"">02-6277646</a>",ג'וני סאויג,"<a href=""mailto:info@inspiration-tours.com"">info@inspiration-tours.com</a>","<a href=""https://Inspiration-tours.com"">https://Inspiration-tours.com</a>",02-6277645
"אינפוטור בע""מ","<a href=""tel:09-7665466"">09-7665466</a>",אמיליו רויטמן,"<a href=""mailto:Infotour@viaje.co.il"">Infotour@viaje.co.il</a>","<a href=""nan"">nan</a>",09-7665466
"אינפוטק בע""מ","<a href=""tel:09-7665466"">09-7665466</a>",Emilio Roitman,"<a href=""mailto:infotec@viaje.co.il"">infotec@viaje.co.il</a>","<a href=""http://www.viaje.co.il/en/"">http://www.viaje.co.il/en/</a>",09-7665466
"איסס ארגון כנסים בע""מ","<a href=""tel:02-6520574"">02-6520574</a>",Arie Luis,"<a href=""mailto:meetings@isas.co.il"">meetings@isas.co.il</a>","<a href=""http://www.isas.co.il/"">http://www.isas.co.il/</a>",02-6520558
"איתרניתי טראבל בע""מ","<a href=""tel:02 6246602/3/4"">02 6246602/3/4</a>",לוריין סרוג',"<a href=""mailto:loreen@eternitytravel.co.il"">loreen@eternitytravel.co.il</a>","<a href=""https://eternitytravel.co.il"">https://eternitytravel.co.il</a>",02 6246608
איתרניתי טראוול,"<a href=""tel:02 6246602/3/4"">02 6246602/3/4</a>",LOREEN SRUJ,"<a href=""mailto:LOREEN@ETERNITYTRAVEL.CO.IL"">LOREEN@ETERNITYTRAVEL.CO.IL</a>","<a href=""https://ETERNITYTRAVEL.CO.IL"">https://ETERNITYTRAVEL.CO.IL</a>",02 6246608
אלי פרש,"<a href=""tel:nan"">nan</a>",,"<a href=""mailto:elip@tourism.gov.il"">elip@tourism.gov.il</a>","<a href=""nan"">nan</a>",
אל-נפלא תיירות סטנגר אליאנה,"<a href=""tel:0535431079"">0535431079</a>",סטנגר אליאנה,"<a href=""mailto:elniflatours@yahoo.com"">elniflatours@yahoo.com</a>","<a href=""https://elniflatours.com"">https://elniflatours.com</a>",
"אמין אבו סנינה גרופ בע""מ","<a href=""tel:02 6266900"">02 6266900</a>",אמין,"<a href=""mailto:info@carawan-tours.com"">info@carawan-tours.com</a>","<a href=""https://www.carawan-tours.com"">https://www.carawan-tours.com</a>",02 6266910
"אמין אבו סננה גרופ בע""מ","<a href=""tel:02 9412887"">02 9412887</a>",אמין עאסי,"<a href=""mailto:amingroup@yahoo.com"">amingroup@yahoo.com</a>","<a href=""https://www.carawan-tours.com"">https://www.carawan-tours.com</a>",02 9412887
אמיר גרופ,"<a href=""tel:03  6779504"">03  6779504</a>",AMIR ASSI,"<a href=""mailto:hajj.umrah.express@gmail.com"">hajj.umrah.express@gmail.com</a>","<a href=""https://www.facebook.com/%D8%AD%D8%AC-%D9%88%D8%B9%D9%85%D8%B1%D9%87-%D8%A7%D9%83%D8%B3%D8%A8%D8%B1%D8%B3-431637570260737/"">https://www.facebook.com/%D8%AD%D8%AC-%D9%88%D8%B9%D9%85%D8%B1%D9%87-%D8%A7%D9%83%D8%B3%D8%A8%D8%B1%D8%B3-431637570260737/</a>",03 6779504
אמסלם טורס,"<a href=""tel:04 6700900"">04 6700900</a>",Zohar Marom,"<a href=""mailto:info@abt-israel.com"">info@abt-israel.com</a>","<a href=""https://abt-israel.com"">https://abt-israel.com</a>",
אניס פול טראוול,"<a href=""tel:0537346748"">0537346748</a>",אנה שזיפינסקי,"<a href=""mailto:kontakt@ziemiaswieta-polonia.pl"">kontakt@ziemiaswieta-polonia.pl</a>","<a href=""https://www.ziemiaswieta-polonia.pl"">https://www.ziemiaswieta-polonia.pl</a>",022750641
אס ג'י טי טורס,"<a href=""tel:04 6778359"">04 6778359</a>","בשארה ויקטור, סיאגה אלי","<a href=""mailto:INFO@SGT.CO.IL"">INFO@SGT.CO.IL</a>","<a href=""https://WWW.SGT.CO.IL"">https://WWW.SGT.CO.IL</a>",04 6789058
אסיה תורס - שרותי נסיעות ותיירות,"<a href=""tel:03-6233000"">03-6233000</a>",Olga Lamburg,"<a href=""mailto:incoming@asiatours.co.il"">incoming@asiatours.co.il</a>","<a href=""http://asiatours.co.il/"">http://asiatours.co.il/</a>",03-6969868
אסק אנד טראוול,"<a href=""tel:0546363203"">0546363203</a>",קרולינה ינץ,"<a href=""mailto:karolina/askandtravel@gmail.com"">karolina/askandtravel@gmail.com</a>","<a href=""https://www.israelfrienly.pl"">https://www.israelfrienly.pl</a>",אין
"אפרתי ארגון תיירות ונופש בע""מ","<a href=""tel:054-9559090"">054-9559090</a>",אדווה סיירה,"<a href=""mailto:adva@tours-israel.org"">adva@tours-israel.org</a>","<a href=""https://www.tours-israel.org.il/"">https://www.tours-israel.org.il/</a>",
"אר.ג'י יזראל טורס בע""מ","<a href=""tel:0523357766"">0523357766</a>",גלית עידו,"<a href=""mailto:rgisraeltours@gmail.com"">rgisraeltours@gmail.com</a>","<a href=""https://www.rgisraeltours.com"">https://www.rgisraeltours.com</a>",0779613494
"ארז ירקון טרוול בע""מ","<a href=""tel:0538269221"">0538269221</a>",ארז  מזרחי,"<a href=""mailto:erez@erezyarkon.com"">erez@erezyarkon.com</a>","<a href=""https://www.erezyarkon.com"">https://www.erezyarkon.com</a>",
ארז ישראל,"<a href=""tel:972 52 5460326"">972 52 5460326</a>",ארז ישראל,"<a href=""mailto:erez@erezisrael.com"">erez@erezisrael.com</a>","<a href=""https://com@erezisrael.com"">https://com@erezisrael.com</a>",
"ארטרא בע""מ","<a href=""tel:03-6384444"">03-6384444</a>",Galit Shimshoni,"<a href=""mailto:galit@ortra.com"">galit@ortra.com</a>","<a href=""http://www.ortra.com/"">http://www.ortra.com/</a>",03-6384455
אריאל סטולר,"<a href=""tel:054 4467186"">054 4467186</a>",אריאל סטולר,"<a href=""mailto:ariel@arielstolar.co.il"">ariel@arielstolar.co.il</a>","<a href=""https://arielstolar.co.il"">https://arielstolar.co.il</a>",
"אריה בר דוד תיירות בע""מ","<a href=""tel:0544483300"">0544483300</a>",אריה בר דוד,"<a href=""mailto:abd47@bezeqint.net"">abd47@bezeqint.net</a>","<a href=""nan"">nan</a>",
"ארץ וויאג בע""מ","<a href=""tel:052-6275005"">052-6275005</a>",דויד קואין,"<a href=""mailto:David@eretz.travel"">David@eretz.travel</a>","<a href=""https://eretz.travel/en/"">https://eretz.travel/en/</a>",
ארץ טורס,"<a href=""tel:02 5701182"">02 5701182</a>",אליזבט שבין,"<a href=""mailto:eretztours@gmail.com"">eretztours@gmail.com</a>","<a href=""https://www.landofisraeltours.com"">https://www.landofisraeltours.com</a>",02 5701183
ארקיע,"<a href=""tel:03-6903337"">03-6903337</a>",Sharon Bar Dayan,"<a href=""mailto:sharonb@arkia.co.il"">sharonb@arkia.co.il</a>","<a href=""http://www.arkia.co.il/"">http://www.arkia.co.il/</a>",03-6990525
אשת תיירות נכנסת,"<a href=""tel:03-6086200"">03-6086200</a>",Amnon Ben David,"<a href=""mailto:amnon@eshetincoming.com"">amnon@eshetincoming.com</a>","<a href=""http://www.eshetincoming.com/"">http://www.eshetincoming.com/</a>",03-5426182
"ב. פיס תורז אנד תרבל בע""מ","<a href=""tel:02 6261876"">02 6261876</a>",באסם אנשיואת,"<a href=""mailto:bassem@bpeacetours.com"">bassem@bpeacetours.com</a>","<a href=""https://www.bpeacetours.com"">https://www.bpeacetours.com</a>",026262065
"ב.ד.גרייבר שרותי תיירות בע""מ","<a href=""tel:04-8138009"">04-8138009</a>",Ofer Adler,"<a href=""mailto:oferadler@bdgraiver.co.il"">oferadler@bdgraiver.co.il</a>","<a href=""http://www.graiver.co.il/"">http://www.graiver.co.il/</a>",04-8138006
"בון וויאג' בע""מ","<a href=""tel:03-7251000"">03-7251000</a>",נטלי דאודי,"<a href=""mailto:bookings@bon-voyage.co.il"">bookings@bon-voyage.co.il</a>","<a href=""http://www.bon-voyage.co.il/"">http://www.bon-voyage.co.il/</a>",03-5299486
בוקינג טורס,"<a href=""tel:0523205818"">0523205818</a>",ורה ויינברג,"<a href=""mailto:vera@booking-tours.com"">vera@booking-tours.com</a>","<a href=""nan"">nan</a>",
ביבלנד 4 יו,"<a href=""tel:088505002"">088505002</a>","Edit Krauss, Orna Hen","<a href=""mailto:bibleland4u@gmail.com"">bibleland4u@gmail.com</a>","<a href=""https://bibleland4u.com"">https://bibleland4u.com</a>",
ביזנס טיים סקנורמה תיירות עסקית,"<a href=""tel:03-6088000"">03-6088000</a>",Shelly Hezkiyahu,"<a href=""mailto:shali@btime.co.il"">shali@btime.co.il</a>","<a href=""http://www.btime.co.il/kenes.html"">http://www.btime.co.il/kenes.html</a>",03-6096788
בייבלנד,"<a href=""tel:04-8251254"">04-8251254</a>",Moshe Gabo,"<a href=""mailto:biblepil@biblepil.co.il"">biblepil@biblepil.co.il</a>","<a href=""http://www.biblepil.co.il/"">http://www.biblepil.co.il/</a>",04-8256901
"בין הרים שירותי תיירות בע""מ","<a href=""tel:+972-35422000"">+972-35422000</a>",Izik Ben-Ari,"<a href=""mailto:itzik48@gmail.com"">itzik48@gmail.com</a>","<a href=""https://www.beinharimtours.com"">https://www.beinharimtours.com</a>",+972-35422001
בית חבאים טורס,"<a href=""tel:0503139144"">0503139144</a>",משה לובנטל,"<a href=""mailto:loewenthal.moshe@gmail.com"">loewenthal.moshe@gmail.com</a>","<a href=""https://abaandfriends.com"">https://abaandfriends.com</a>",
בלמר,"<a href=""tel:03-6291888"">03-6291888</a>",Itay Levana,"<a href=""mailto:itai@belmartours.com"">itai@belmartours.com</a>","<a href=""http://www.belmartours.com/"">http://www.belmartours.com/</a>",03-6291848
בלסד לנד,"<a href=""tel:02-6286592"">02-6286592</a>",Yosef Kahori,"<a href=""mailto:blessed@blessedlandtours.com"">blessed@blessedlandtours.com</a>","<a href=""http://www.blessedlandtours.com"">http://www.blessedlandtours.com</a>",02-6285812
בסטור,"<a href=""tel:052 6903172"">052 6903172</a>",פאטריק שחאדה,"<a href=""mailto:patrickshehadeh@gmail.com"">patrickshehadeh@gmail.com</a>","<a href=""https://Www.bestourhl.com"">https://Www.bestourhl.com</a>",073 7512434
בסטרוול ישראל,"<a href=""tel:0522607019"">0522607019</a>",,"<a href=""mailto:yoni@bestravelisrael.com"">yoni@bestravelisrael.com</a>","<a href=""https://bestravelisrael.com"">https://bestravelisrael.com</a>",153526547170
"ג.ד גל כנסים ותיירוטת בע""מ","<a href=""tel:077-5004028"">077-5004028</a>",עידן דורון,"<a href=""mailto:nan"">nan</a>","<a href=""http://www.gal-conventions.co.il/"">http://www.gal-conventions.co.il/</a>",
"ג.ח.א.א שרותי תיירות בע""מ (עלמה ישראל)","<a href=""tel:0544366180"">0544366180</a>",אודליה אלימלך,"<a href=""mailto:Odelia@alma-israel.com"">Odelia@alma-israel.com</a>","<a href=""nan"">nan</a>",
"גו אינספייר בע""מ","<a href=""tel:0523802321"">0523802321</a>",אריה גסנר,"<a href=""mailto:Aryeh@goinspire.com"">Aryeh@goinspire.com</a>","<a href=""nan"">nan</a>",
גול טורס,"<a href=""tel:1700-50-6003"">1700-50-6003</a>",Haim Haim,"<a href=""mailto:haim@gol.co.il"">haim@gol.co.il</a>","<a href=""http://www.come2israel.com/"">http://www.come2israel.com/</a>",04-6949077
גול טורס,"<a href=""tel:+972-4-6901700"">+972-4-6901700</a>",DANA COHEN,"<a href=""mailto:INFO@COME2ISRAEL.COM"">INFO@COME2ISRAEL.COM</a>","<a href=""https://COME2ISRAEL.COM"">https://COME2ISRAEL.COM</a>",+972-4-6949077
"גולד קרפט תיור בע""מ","<a href=""tel:03-9349121"">03-9349121</a>",רוני פלג,"<a href=""mailto:info@goldcarpet.co.il"">info@goldcarpet.co.il</a>","<a href=""http://www.goldcarpet.co.il/"">http://www.goldcarpet.co.il/</a>",03-9346893
ג'ורג גרבידיאן תיירות,"<a href=""tel:026283398"">026283398</a>",Moses,"<a href=""mailto:moses@ggc-jer.com"">moses@ggc-jer.com</a>","<a href=""https://www.ggc-jer.com"">https://www.ggc-jer.com</a>",
גורדון טורס,"<a href=""tel:03-7659000"">03-7659000</a>",עמיר רוקמן,"<a href=""mailto:Guy@gordontours.com"">Guy@gordontours.com</a>","<a href=""http://www.gordonactive.com"">http://www.gordonactive.com</a>",03-6472760
גט ישראל,"<a href=""tel:0549200360"">0549200360</a>",גיא עבר,"<a href=""mailto:GUY@GET-ISRAEL.COM"">GUY@GET-ISRAEL.COM</a>","<a href=""https://GET-ISRAEL.COM"">https://GET-ISRAEL.COM</a>",
ג'י.טי.איי תיירות,"<a href=""tel:050 5513502"">050 5513502</a>",משה מלכה,"<a href=""mailto:info@gatestoisrael.com"">info@gatestoisrael.com</a>","<a href=""https://www.gatestoisrael.com"">https://www.gatestoisrael.com</a>",035275573
גיא ליבוביץ טור איסט,"<a href=""tel:0506874847"">0506874847</a>",גיא לביוביץ,"<a href=""mailto:guy.leibo@gmail.com"">guy.leibo@gmail.com</a>","<a href=""nan"">nan</a>",
"גידינג סטאר בע""מ","<a href=""tel:026273150"">026273150</a>",מרק גרבט,"<a href=""mailto:Mark@guidingstar2.com"">Mark@guidingstar2.com</a>","<a href=""https://www.guidingstarltd.com"">https://www.guidingstarltd.com</a>",026273147
"ג'יי ג'יי נסיעות בישראל בע""מ","<a href=""tel:077 787 8032"">077 787 8032</a>",STEPHEN JACKSON,"<a href=""mailto:TOURS@JJTRAVELINISRAEL.COM"">TOURS@JJTRAVELINISRAEL.COM</a>","<a href=""https://WWW.JJTRAVELINISRAEL.COM"">https://WWW.JJTRAVELINISRAEL.COM</a>",077 466 3424
"גייד 21 בע""מ","<a href=""tel:026331401"">026331401</a>",אלה,"<a href=""mailto:Ela@guide21.co.il"">Ela@guide21.co.il</a>","<a href=""https://guide21.net"">https://guide21.net</a>",
גילגל טורס,"<a href=""tel:052-4756566"">052-4756566</a>",SAMUEL,"<a href=""mailto:Gilgalisrael@gmail.com"">Gilgalisrael@gmail.com</a>","<a href=""http://gilgaloperadora.com"">http://gilgaloperadora.com</a>",058-4003657
"גלובל קומפס (ישראל) בע""מ","<a href=""tel:03 7943542, 037943535"">03 7943542, 037943535</a>",רוזיטה רפפורט,"<a href=""mailto:rosita.rapaporte@g2-travel.com"">rosita.rapaporte@g2-travel.com</a>","<a href=""http://israel.g2-travel.com/"">http://israel.g2-travel.com/</a>",03-7943551
ג'ם תיירות,"<a href=""tel:02-6277758"">02-6277758</a>",ויסאם א. תומא,"<a href=""mailto:info@gemmtravel.com"">info@gemmtravel.com</a>","<a href=""http://www.gemmtravel.com/"">http://www.gemmtravel.com/</a>",02-6276703
ג'נסיס  בוטיק טרוול,"<a href=""tel:0522862650, 026765868"">0522862650, 026765868</a>",שרון יצחקי,"<a href=""mailto:genesis4@netvision.net.il"">genesis4@netvision.net.il</a>","<a href=""http://www.genesis-boutique-travel.com/"">http://www.genesis-boutique-travel.com/</a>",02-6450097
ג'נסיס טורס,"<a href=""tel:972 3 9185203' 972 507 392929"">972 3 9185203' 972 507 392929</a>","חאון פרידמן, זאב הורן","<a href=""mailto:perla@genesis-tours.com"">perla@genesis-tours.com</a>","<a href=""http://www.genesis-tours.co.il/"">http://www.genesis-tours.co.il/</a>",972 3 9185127
ג'רוזלם T&T,"<a href=""tel:02-6289418"">02-6289418</a>",Omar Atallah,"<a href=""mailto:info@jttours.com"">info@jttours.com</a>","<a href=""http://www.jttours.com/"">http://www.jttours.com/</a>",02-6289298
"ג'רוזלם איטרנל טורס בע""מ","<a href=""tel:054 7866708, 02 9929896"">054 7866708, 02 9929896</a>",דניאל דקר,"<a href=""mailto:Daniel@JERUSALEMJET.COM"">Daniel@JERUSALEMJET.COM</a>","<a href=""https://WWW.JERUSALEMJET.COM"">https://WWW.JERUSALEMJET.COM</a>",02 6762771
גרייבר G&S,"<a href=""tel:04-8678364"">04-8678364</a>",Dalia Levy,"<a href=""mailto:gstravel@netvision.net.il"">gstravel@netvision.net.il</a>","<a href=""http://www.gstravel-israel.com/"">http://www.gstravel-israel.com/</a>",04-8678364
"גרין אוליב טורס בע""מ","<a href=""tel:037219540"">037219540</a>",יהב זוהר,"<a href=""mailto:office@greenolivetours.com"">office@greenolivetours.com</a>","<a href=""https://www.greenolivetours.com"">https://www.greenolivetours.com</a>",
"ג'רמיה טורס בע""מ","<a href=""tel:026732078"">026732078</a>",ג'צח  לואיק,"<a href=""mailto:accounting@jeremiah-tours.com"">accounting@jeremiah-tours.com</a>","<a href=""https://www.jeremiah-tours.com"">https://www.jeremiah-tours.com</a>",
גשר טורס,"<a href=""tel:054-6350078"">054-6350078</a>",Edith Cohen,"<a href=""mailto:edith@geshertours.co.il"">edith@geshertours.co.il</a>","<a href=""http://geshertours.co.il/"">http://geshertours.co.il/</a>",03-6201443
"דה לנד טורס בע""מ","<a href=""tel:054 6690707"">054 6690707</a>",אדוארדו סילביירה,"<a href=""mailto:eduardo@thelandtours.org"">eduardo@thelandtours.org</a>","<a href=""https://THELANDTOURS.ORG"">https://THELANDTOURS.ORG</a>",08 6412752
"דונאטו אמאטו טורס בע""מ","<a href=""tel:0544417957"">0544417957</a>",חביב סבארה,"<a href=""mailto:nan"">nan</a>","<a href=""https://quots@donatoamatotours.com"">https://quots@donatoamatotours.com</a>",
דורון בוקשטיין,"<a href=""tel:0544248631"">0544248631</a>",דורון בוקשטיין,"<a href=""mailto:doronim52@gmail.com"">doronim52@gmail.com</a>","<a href=""nan"">nan</a>",
דורון בוקשטיין תיירות,"<a href=""tel:054 4248631"">054 4248631</a>",דורון בוקשטיין,"<a href=""mailto:doronim52@gmail.com"">doronim52@gmail.com</a>","<a href=""nan"">nan</a>",
דיזנהויז יוניתורס תיירות נכנסת,"<a href=""tel:03-5651313"">03-5651313</a>",Dov Sarid,"<a href=""mailto:management@diesenhaus.com"">management@diesenhaus.com</a>","<a href=""http://www.diesenhaus.com/"">http://www.diesenhaus.com/</a>",03-6240579
דינה טורס תיירות ונסיעות,"<a href=""tel:04-9832017"">04-9832017</a>",Avner Ingram,"<a href=""mailto:avner@nrs.co.il"">avner@nrs.co.il</a>","<a href=""http://dunsguide.dundb.co.il/d514696426.aspx"">http://dunsguide.dundb.co.il/d514696426.aspx</a>",04-9831662
"דינמיק סקוור בע""מ","<a href=""tel:nan"">nan</a>",בן ג'וליוס,"<a href=""mailto:info@touristjourney.com"">info@touristjourney.com</a>","<a href=""https://touristjourney.com"">https://touristjourney.com</a>",
דעת,"<a href=""tel:+972-2-621-3333"">+972-2-621-3333</a>",Shifra Gottlieb,"<a href=""mailto:Sgottlieb@daattravel.com"">Sgottlieb@daattravel.com</a>","<a href=""https://www.daattravel.com"">https://www.daattravel.com</a>",972-2-6256626
דקל ישראל תיירות,"<a href=""tel:972 4 8853334, 1 866 44 DEKEL(33535"">972 4 8853334, 1 866 44 DEKEL(33535</a>",ברדלי לנוקס,"<a href=""mailto:info@dekeltours.com"">info@dekeltours.com</a>","<a href=""https://dekeltours.com"">https://dekeltours.com</a>",
דרך ארץ ישראל תיירות,"<a href=""tel:972 73 2313990"">972 73 2313990</a>",רויטמן אלכס,"<a href=""mailto:sasha@israelway.com"">sasha@israelway.com</a>","<a href=""https://israelway.com"">https://israelway.com</a>",972 77 3182477
ה.ה. טרוול,"<a href=""tel:972 2 5343307"">972 2 5343307</a>",נדב הורביץ,"<a href=""mailto:hugo@hhtravels.com"">hugo@hhtravels.com</a>","<a href=""http://www.hhtravels.com/"">http://www.hhtravels.com/</a>",
הולי ג'רוזלם תור & טראוול,"<a href=""tel:972 54 4434236"">972 54 4434236</a>",דוניה קדומי,"<a href=""mailto:DUNIA@HOLYJERUSALEMTOURS.COM"">DUNIA@HOLYJERUSALEMTOURS.COM</a>","<a href=""https://WWW.HOLYJERUSALEMTOURS.COM"">https://WWW.HOLYJERUSALEMTOURS.COM</a>",972 2 5400963
"הולי ואי ישראל בע""מ","<a href=""tel:052 3412753"">052 3412753</a>",לודמילה זחרצ'וק,"<a href=""mailto:holywayisrael@gmail.com"">holywayisrael@gmail.com</a>","<a href=""https://holywayisrael.com"">https://holywayisrael.com</a>",
"הולי פמילי טורס בע""מ","<a href=""tel:0503258969"">0503258969</a>",חליל,"<a href=""mailto:holyfamilytours@gmail.com"">holyfamilytours@gmail.com</a>","<a href=""https://Holyfamilytours.com"">https://Holyfamilytours.com</a>",046021152
הולידיי טרוול,"<a href=""tel:03-9350061"">03-9350061</a>",Yaffa Maor,"<a href=""mailto:yaffa@holidaytravel.co.il"">yaffa@holidaytravel.co.il</a>","<a href=""http://holidaytravel.co.il/"">http://holidaytravel.co.il/</a>",03-9350161
הולילנד גייט,"<a href=""tel:054-6165443"">054-6165443</a>",ג'אבר פוזי,"<a href=""mailto:info@holylandgatetours.com"">info@holylandgatetours.com</a>","<a href=""https://WWW.HOLYLANDGATETOUR.COM"">https://WWW.HOLYLANDGATETOUR.COM</a>",
הולילנד פילגרימג' טורס,"<a href=""tel:050-528-1971"">050-528-1971</a>",עזר קלמוביץ,"<a href=""mailto:ezer@holylandtoday.com"">ezer@holylandtoday.com</a>","<a href=""nan"">nan</a>",
החוויה הישראלית,"<a href=""tel:02-6216511"">02-6216511</a>",Amos Hermon,"<a href=""mailto:onestopshop@israelexperience.org"">onestopshop@israelexperience.org</a>","<a href=""http://www.israelexperience.org/"">http://www.israelexperience.org/</a>",02-6216552
העמותה הישראלית של התאחדות מרכזים קהילתיים יהודיים בצפון אמריקה,"<a href=""tel:0525859754"">0525859754</a>",שרה סלס,"<a href=""mailto:S.SLESS@JCCA.ORG"">S.SLESS@JCCA.ORG</a>","<a href=""https://JCCA.ORG/WHAT-WE-DO/JCC-ISRAEL-CENTER"">https://JCCA.ORG/WHAT-WE-DO/JCC-ISRAEL-CENTER</a>",
הקשר הישראלי,"<a href=""tel:053 7907709"">053 7907709</a>",מיכאל קצבורג,"<a href=""mailto:MICKEY@MYISRAELCONNECTION.COM"">MICKEY@MYISRAELCONNECTION.COM</a>","<a href=""https://MYISRAELCONNECTION.COM"">https://MYISRAELCONNECTION.COM</a>",
"הריטג' טורס בע""מ","<a href=""tel:054-4443666"">054-4443666</a>",Hanoch Segev,"<a href=""mailto:nokisegev@gmail.com"">nokisegev@gmail.com</a>","<a href=""http://www.getswot.com/company.asp?ID=513616904"">http://www.getswot.com/company.asp?ID=513616904</a>",04-6011536
"ואדי ונצ'רס בע""מ","<a href=""tel:077 5308066"">077 5308066</a>",לימור בן משה,"<a href=""mailto:LIMOR@VADIVENTURES.COM"">LIMOR@VADIVENTURES.COM</a>","<a href=""https://WWW.VADIVENTURES.COM"">https://WWW.VADIVENTURES.COM</a>",
וואויס אוב פיית',"<a href=""tel:026481045"">026481045</a>",Sam Danhao,"<a href=""mailto:info@voftours.com"">info@voftours.com</a>","<a href=""https://voftours.com"">https://voftours.com</a>",
וואלה טורס,"<a href=""tel:03 7770997"">03 7770997</a>",שירי ריימונד,"<a href=""mailto:SHIRI@WALLATOURS.CO.IL"">SHIRI@WALLATOURS.CO.IL</a>","<a href=""https://WWW.WALLA.CO.IL"">https://WWW.WALLA.CO.IL</a>",03 7770901
וואק אין ישראל,"<a href=""tel:0524463190"">0524463190</a>",דובב פאר,"<a href=""mailto:dovev@walkinisrael.com"">dovev@walkinisrael.com</a>","<a href=""https://www.walkinisrael.com"">https://www.walkinisrael.com</a>",0737530861
"וורלד קלאס טראוול אנד סרוויסז בע""מ","<a href=""tel:02 5300900"">02 5300900</a>",אלכס הרמן,"<a href=""mailto:alex@wct.co.il"">alex@wct.co.il</a>","<a href=""https://www.wct.co.il"">https://www.wct.co.il</a>",02 5300920
וי.טי.אס.  (וי. טרוול ושרותי תיירות),"<a href=""tel:972 5402400280"">972 5402400280</a>",וירג'יניה מנור,"<a href=""mailto:VIRGINIA@VTRAVELANDSERVICES.COM"">VIRGINIA@VTRAVELANDSERVICES.COM</a>","<a href=""nan"">nan</a>",972  74 7032189
"ויה אמאוס טורס בע""מ","<a href=""tel:02 6271636"">02 6271636</a>",ג'ורג' חורי,"<a href=""mailto:george@viaemmaustours.com"">george@viaemmaustours.com</a>","<a href=""https://viaemmaustours.com"">https://viaemmaustours.com</a>",02 6271492
ויה סברה,"<a href=""tel:03 5188188"">03 5188188</a>",IRIT GOLDSTEIN,"<a href=""mailto:INFO@VIASABRA.COM"">INFO@VIASABRA.COM</a>","<a href=""https://WWW.VIASABRA.COM"">https://WWW.VIASABRA.COM</a>",077 7404762
ויליאם טורס,"<a href=""tel:0505390112"">0505390112</a>",נאסר ג'אבר,"<a href=""mailto:wiltours_n@hotmail.com"">wiltours_n@hotmail.com</a>","<a href=""nan"">nan</a>",
"וימיקס בע""מ","<a href=""tel:099519098"">099519098</a>",ויטלי Dימלפרב,"<a href=""mailto:info@vimix.co.il"">info@vimix.co.il</a>","<a href=""https://vimix.co.il"">https://vimix.co.il</a>",
"ורד השרון נסיעות ותיירות בע""מ","<a href=""tel:08-9303999"">08-9303999</a>",Ann Rabonovich,"<a href=""mailto:ann@vrdtrvl.com"">ann@vrdtrvl.com</a>","<a href=""http://www.veredgo.com/"">http://www.veredgo.com/</a>",08-9380710
"חברת פטרו לוגוס טורס בע""מ","<a href=""tel:02-5418777"">02-5418777</a>",רזק פטרו,"<a href=""mailto:RIZEK@PLOGOSTOURS.COM"">RIZEK@PLOGOSTOURS.COM</a>","<a href=""https://INFO@PLOGOSTOURS.COM"">https://INFO@PLOGOSTOURS.COM</a>",02-5834540
חיים סבג שירותי תיירות,"<a href=""tel:0585855558"">0585855558</a>",חיים סבג,"<a href=""mailto:info@israeli-tour.com"">info@israeli-tour.com</a>","<a href=""https://www.israeli-tour.com"">https://www.israeli-tour.com</a>",
"טאו תרגומים ותיירות מסין בע""מ","<a href=""tel:0545637271"">0545637271</a>",לירון אורמן,"<a href=""mailto:LIRON@TAOISRAEL.CO.IL"">LIRON@TAOISRAEL.CO.IL</a>","<a href=""https://TAOISRAEL.CO.IL"">https://TAOISRAEL.CO.IL</a>",
טאלה טורס,"<a href=""tel:026281555"">026281555</a>",אבו חדיר מוחמד,"<a href=""mailto:INFO@TALATOURS.NET"">INFO@TALATOURS.NET</a>","<a href=""https://TALATOURS.NET"">https://TALATOURS.NET</a>",026273637
טבר טורס,"<a href=""tel:04-6085430"">04-6085430</a>",שדיה סרור,"<a href=""mailto:info@tabartours.com"">info@tabartours.com</a>","<a href=""https://TABARTOURS.COM"">https://TABARTOURS.COM</a>",04-6573020
"טואינז טורס אנד טרוול בע""מ","<a href=""tel:025798159"">025798159</a>",אנדריה מובארק,"<a href=""mailto:info@twinstours.com"">info@twinstours.com</a>","<a href=""https://www.twinstours.org"">https://www.twinstours.org</a>",025798158
טובה וואלד תור,"<a href=""tel:046291878"">046291878</a>",Tova Wald,"<a href=""mailto:tova@tovawald.com"">tova@tovawald.com</a>","<a href=""https://www.tovawald.com"">https://www.tovawald.com</a>",
טור פלאן ישראל,"<a href=""tel:050-5328070"">050-5328070</a>",Itana Ben Shimon,"<a href=""mailto:info@tourplanisrael.com"">info@tourplanisrael.com</a>","<a href=""http://www.tourplanisrael.com/"">http://www.tourplanisrael.com/</a>",08-8604372
"טי איי טורס בע""מ","<a href=""tel:036009555"">036009555</a>",יוסי אורבך,"<a href=""mailto:info@touristisrael.com"">info@touristisrael.com</a>","<a href=""https://www.touristisrael.com"">https://www.touristisrael.com</a>",
"טי.ג'י.אל טורס בע""מ","<a href=""tel:052 4368874"">052 4368874</a>",קורל שמש,"<a href=""mailto:tgl@tgl-tours.com"">tgl@tgl-tours.com</a>","<a href=""nan"">nan</a>",
טיולי אגדות,"<a href=""tel:: +972-2-6236732"">: +972-2-6236732</a>",,"<a href=""mailto:papucho@017.net.il"">papucho@017.net.il</a>","<a href=""nan"">nan</a>",+972-2-625668
טיולי מצדה,"<a href=""tel:03-5444454"">03-5444454</a>",Miriam Zhaoyi,"<a href=""mailto:info@mazadatours.com"">info@mazadatours.com</a>","<a href=""http://www.mazadatours.com/"">http://www.mazadatours.com/</a>",03-5461928
טיולים תנכיים,"<a href=""tel:0535253783, 036560639"">0535253783, 036560639</a>",אלנה מיגדל,"<a href=""mailto:sales@biblicaltrips.agency"">sales@biblicaltrips.agency</a>","<a href=""https://www.biblicaltrips.agency"">https://www.biblicaltrips.agency</a>",036560639
טיילור מייד,"<a href=""tel:03-6845000"">03-6845000</a>",ג'וספין זינדר,"<a href=""mailto:Josephine@israeldeal.com"">Josephine@israeldeal.com</a>","<a href=""http://www.tailormade.co.il/"">http://www.tailormade.co.il/</a>",03-6242200
טירה טורס,"<a href=""tel:972 9 7936798"">972 9 7936798</a>",Tamer Abdelhai,"<a href=""mailto:tiratours@gmail.com"">tiratours@gmail.com</a>","<a href=""nan"">nan</a>",972 9 7936888
"טל תעופה בע""מ – טל הולידייס","<a href=""tel:03-7952111"">03-7952111</a>",Gideon Tahler,"<a href=""mailto:info@tal-aviation.com"">info@tal-aviation.com</a>","<a href=""http://www.talaviation.com/"">http://www.talaviation.com/</a>",03-5100018
טללים,"<a href=""tel:02-6305332"">02-6305332</a>",Ian Dranfeld,"<a href=""mailto:info@authenticisrael.com"">info@authenticisrael.com</a>","<a href=""http://www.authenticisrael.com/"">http://www.authenticisrael.com/</a>",02-7305753
טראבקס,"<a href=""tel:02-6216666"">02-6216666</a>",Alon Siedner,"<a href=""mailto:travex@travex.co.il"">travex@travex.co.il</a>","<a href=""http://www.travex.co.il/"">http://www.travex.co.il/</a>",02-6231986
טרגט  כנסים,"<a href=""tel:03 5175155"">03 5175155</a>",,"<a href=""mailto:TARGET@TARGET-CONFERENCES.COM"">TARGET@TARGET-CONFERENCES.COM</a>","<a href=""https://TARGET-CONFERENCES.COM"">https://TARGET-CONFERENCES.COM</a>",03 5175155
"טרה דיי בע""מ","<a href=""tel:0544221392, 025411651"">0544221392, 025411651</a>",פביין ספר,"<a href=""mailto:info@terradeitours.com"">info@terradeitours.com</a>","<a href=""https://www.terradeitours.com"">https://www.terradeitours.com</a>",029950885
טרה סנקטה,"<a href=""tel:026284733"">026284733</a>",פאדי נאזל,"<a href=""mailto:testco@terrasanctatours.com"">testco@terrasanctatours.com</a>","<a href=""https://Terrasanctatours.com"">https://Terrasanctatours.com</a>",026272074
"טרוויס ישראל בע""מ","<a href=""tel:097737437, 054 5749611"">097737437, 054 5749611</a>",מרטין שטיין,"<a href=""mailto:martin@travis-israel.com"">martin@travis-israel.com</a>","<a href=""https://www.travis-israel.com"">https://www.travis-israel.com</a>",
"טרוולוקס בע""מ","<a href=""tel:03 5260500"">03 5260500</a>",מאירסון יעקב,"<a href=""mailto:info@travellux.com"">info@travellux.com</a>","<a href=""https://WWW.TRAVELLUX.COM"">https://WWW.TRAVELLUX.COM</a>",03 5252199
"טרוולינג ג'רוסלם-ג.א.י סיור וטיול (1960 ( בע""מ","<a href=""tel:02 5383318"">02 5383318</a>",אייל ראובן,"<a href=""mailto:info@travelingJerusalem.com"">info@travelingJerusalem.com</a>","<a href=""https://www.travelingjerusalem.com"">https://www.travelingjerusalem.com</a>",02 5383317
"טריפולוג'י תיירות בע""מ","<a href=""tel:02 5797470"">02 5797470</a>",YAARA RAPHIAH,"<a href=""mailto:YAARA@TRIPOLOGY.CO.IL"">YAARA@TRIPOLOGY.CO.IL</a>","<a href=""https://WWW.TRIPOLOGY.CO.IL"">https://WWW.TRIPOLOGY.CO.IL</a>",
"טריפל ""S""","<a href=""tel:08-9353333"">08-9353333</a>",Beni Binyamin,"<a href=""mailto:rttravel@netvision.net.il"">rttravel@netvision.net.il</a>","<a href=""http://www.rttravel.co.il/English/"">http://www.rttravel.co.il/English/</a>",08-9356000
טרנסגלובל,"<a href=""tel:02-5797683"">02-5797683</a>",Shanee Frank,"<a href=""mailto:shanee@transglobal.co.il"">shanee@transglobal.co.il</a>","<a href=""http://www.calltransglobal.com/"">http://www.calltransglobal.com/</a>",02-5797685
יודין תיירות ישראל,"<a href=""tel:0774503900"">0774503900</a>",Joseph Yudin,"<a href=""mailto:sales@touringisrael.com"">sales@touringisrael.com</a>","<a href=""https://touringisrael.com"">https://touringisrael.com</a>",
יוזמות חינוכיות,"<a href=""tel:072-2774444"">072-2774444</a>",Itay Paz,"<a href=""mailto:itaypaz@israelexperts.com"">itaypaz@israelexperts.com</a>","<a href=""http://www.israelexperts.com/"">http://www.israelexperts.com/</a>",08-8573813
"יוניברסל טוריסט אגנסי בע""מ","<a href=""tel:026284383"">026284383</a>",מארגו תרזי,"<a href=""mailto:uta-j@zahav.net.il"">uta-j@zahav.net.il</a>","<a href=""https://universaltouristagency.com"">https://universaltouristagency.com</a>",026264448
יונייטד טראוול חבאש,"<a href=""tel:025833614"">025833614</a>",Dalia Habash,"<a href=""mailto:unidas@bezeqint.net"">unidas@bezeqint.net</a>","<a href=""https://unitedtravelltd.com"">https://unitedtravelltd.com</a>",
יונייטד טרוול,"<a href=""tel:02 5833614"">02 5833614</a>",דליה חבאש,"<a href=""mailto:nan"">nan</a>","<a href=""https://UNITEDTRAVELLTD.COM"">https://UNITEDTRAVELLTD.COM</a>",02 5836190
"יזראל עלית טורס בע""מ","<a href=""tel:972 54 4388055"">972 54 4388055</a>",אבינועם נחמד,"<a href=""mailto:avitours5@gmail.com"">avitours5@gmail.com</a>","<a href=""https://www.iet.tours"">https://www.iet.tours</a>",
יעד ישראל,"<a href=""tel:025723344"">025723344</a>",אריה פרנקל,"<a href=""mailto:tal@israeldestinaion.co.il"">tal@israeldestinaion.co.il</a>","<a href=""https://israeldestination.co.il"">https://israeldestination.co.il</a>",
יעל אדוונטורס,"<a href=""tel:072-2514214"">072-2514214</a>",Ravit Ben David,"<a href=""mailto:nir@go-yael.com"">nir@go-yael.com</a>","<a href=""https://go-yael.com"">https://go-yael.com</a>",072-2514221
יפה טורס אופריישן,"<a href=""tel:04-8340384 , 0503739545"">04-8340384 , 0503739545</a>",מיכל גל-עוז,"<a href=""mailto:michal@yaffatours.com"">michal@yaffatours.com</a>","<a href=""http://www.yaffatours.com/"">http://www.yaffatours.com/</a>",04-8573813
ירושלים פירסט קלאס,"<a href=""tel:02 6242000"">02 6242000</a>",,"<a href=""mailto:office@jerusalem1stclass.com"">office@jerusalem1stclass.com</a>","<a href=""nan"">nan</a>",02 6243000
ירקון טורס,"<a href=""tel:03-7965020"">03-7965020</a>",Robi Mizrahi (CEO),"<a href=""mailto:info@yarkon.co.il"">info@yarkon.co.il</a>","<a href=""http://www.yarkon.co.il/"">http://www.yarkon.co.il/</a>",03-5176849
ישראל אנלימיטד,"<a href=""tel:077-4080230"">077-4080230</a>",Aviv Yasmin,"<a href=""mailto:aviv@israelunlimited.com"">aviv@israelunlimited.com</a>","<a href=""http://www.israelunlimited.com/"">http://www.israelunlimited.com/</a>",076-5480260
ישראל אקספרטס,"<a href=""tel:+972-72-277-4444"">+972-72-277-4444</a>",ADI AHARONI,"<a href=""mailto:travel@israelexperts.com"">travel@israelexperts.com</a>","<a href=""https://ISRAELEXPERTS.COM"">https://ISRAELEXPERTS.COM</a>",+972-8-8573813
ישראל הולילנד טרוול,"<a href=""tel:972 506214155"">972 506214155</a>",רפי בן חור,"<a href=""mailto:rbh@israelholylandtravel.com/"">rbh@israelholylandtravel.com/</a>","<a href=""http://www.israelholylandtravel.com/"">http://www.israelholylandtravel.com/</a>",
"ישראל טו גו בע""מ","<a href=""tel:026259334, 0508534404"">026259334, 0508534404</a>",קוקשרוב מאשה,"<a href=""mailto:masha@israel2go.ru"">masha@israel2go.ru</a>","<a href=""https://israel2go.ru"">https://israel2go.ru</a>",026259330
ישראל טו גו תיירות,"<a href=""tel:972 2 6259334"">972 2 6259334</a>",אתי שמעוני,"<a href=""mailto:ETI@ISRAEL2GO.CO.IL"">ETI@ISRAEL2GO.CO.IL</a>","<a href=""https://ISRAEL2GO.CO.IL"">https://ISRAEL2GO.CO.IL</a>",972 2 6259330
ישראל מיי ווי,"<a href=""tel:077-3005717"">077-3005717</a>",Yoel Gal,"<a href=""mailto:yoav@israelmyway.co.il"">yoav@israelmyway.co.il</a>","<a href=""http://www.israelmyway.co.il/"">http://www.israelmyway.co.il/</a>",077-3007570
ישראל מייבן,"<a href=""tel:02-5639605"">02-5639605</a>",Ze'ev Jacobson,"<a href=""mailto:info@israelmaven.com"">info@israelmaven.com</a>","<a href=""http://www.israelmaven.com/"">http://www.israelmaven.com/</a>",02-5672606
ישראם ישראל,"<a href=""tel:03-6947777"">03-6947777</a>",Hava Segal,"<a href=""mailto:info@isram.co.il"">info@isram.co.il</a>","<a href=""http://www.isramisrael.com"">http://www.isramisrael.com</a>",03-6966677
ישראפלן-פנטום,"<a href=""tel:972 737883200"">972 737883200</a>",בן כרמל,"<a href=""mailto:info@funtom.co.il"">info@funtom.co.il</a>","<a href=""https://www.israplan.com"">https://www.israplan.com</a>",972 73 7883232
כנס טורס,"<a href=""tel:052-3604845"">052-3604845</a>",גיא הר ניר,"<a href=""mailto:gyuharnir@kenes-tours.com"">gyuharnir@kenes-tours.com</a>","<a href=""https://KENES-TOURS.COM"">https://KENES-TOURS.COM</a>",
"כספי תעופה בע""מ","<a href=""tel:972 3 7962002"">972 3 7962002</a>","אלינה ירוסלבצב, זיו מאיברג","<a href=""mailto:INCOMING@CASPI-AVIATION.CO.IL"">INCOMING@CASPI-AVIATION.CO.IL</a>","<a href=""https://CASPIAVIATION.COM"">https://CASPIAVIATION.COM</a>",972 3 7962008
כריסטינה טרוול,"<a href=""tel:972 4 8320291;  972 50 6404326"">972 4 8320291;  972 50 6404326</a>",קריסטינה אמריי,"<a href=""mailto:office@cristinatravel.com"">office@cristinatravel.com</a>","<a href=""https://WWW.CRISTINATRAVEL.COM"">https://WWW.CRISTINATRAVEL.COM</a>",
"ל.פ. שירותי צליינות בע""מ","<a href=""tel:043740055"">043740055</a>",איהאב סבאח,"<a href=""mailto:info@lpip.org"">info@lpip.org</a>","<a href=""https://www.lpip.org"">https://www.lpip.org</a>",04 6019185
לאיסה טור,"<a href=""tel:03-6055477"">03-6055477</a>",Lada Samuelov,"<a href=""mailto:lada@laisaisrael.com"">lada@laisaisrael.com</a>","<a href=""http://www.laisaisrael.com/"">http://www.laisaisrael.com/</a>",03-6052811
לבונה טרוול,"<a href=""tel:077-5101550"">077-5101550</a>",Levana kahiri,"<a href=""mailto:levana@levonatravel.com"">levana@levonatravel.com</a>","<a href=""http://levonatravel.com/"">http://levonatravel.com/</a>",077-5101554
"לוין טראוול בע""מ","<a href=""tel:0525447628"">0525447628</a>",ג'וליה גלברד,"<a href=""mailto:shalom@let.travel"">shalom@let.travel</a>","<a href=""https://www.let.travel"">https://www.let.travel</a>",0773181187
"לורדס טוריסט אנד טרוול אגנסי בע""מ","<a href=""tel:02-6275332"">02-6275332</a>",סימון מחלוף,"<a href=""mailto:manager@lourdes-travel.com"">manager@lourdes-travel.com</a>","<a href=""http://www.lourdes-travel.com/"">http://www.lourdes-travel.com/</a>",02-6275336
"לורנס חברת לתיירות ונסיעות בע""מ","<a href=""tel:02-6284867"">02-6284867</a>","סילביה עידה, הנרי לורנס","<a href=""mailto:henry@larence-tours.com"">henry@larence-tours.com</a>","<a href=""https://www.lawrence-tours.com"">https://www.lawrence-tours.com</a>",02-6271285
"לטייל, לאכול, להתחבר בע""מ","<a href=""tel:0522261323"">0522261323</a>",ניר מרגלית,"<a href=""mailto:nir@puzzleisrael.com"">nir@puzzleisrael.com</a>","<a href=""https://puzzleisrael.com"">https://puzzleisrael.com</a>",
ליפקין טורס,"<a href=""tel:02 9979329"">02 9979329</a>",אהרון ליפקין,"<a href=""mailto:AARON@LIPKINTOURS.COM"">AARON@LIPKINTOURS.COM</a>","<a href=""https://WWW.LIPKINTOURS.COM"">https://WWW.LIPKINTOURS.COM</a>",02 5377882
מ. קשת מרכז לתיירות חינוכית,"<a href=""tel:052 4295411"">052 4295411</a>",תמי דיין,"<a href=""mailto:tami@keshetisrael.co.il"">tami@keshetisrael.co.il</a>","<a href=""nan"">nan</a>",
מ.ג  טרוול,"<a href=""tel:050 6511219"">050 6511219</a>",דריה,"<a href=""mailto:mjkim@mjtravelisrael.com"">mjkim@mjtravelisrael.com</a>","<a href=""https://www.facebook.com/mjtravelltd"">https://www.facebook.com/mjtravelltd</a>",972543496267
מ.ד.ג. תיירות,"<a href=""tel:0528909741"">0528909741</a>",ג'ודי ברסניקוב,"<a href=""mailto:JUDY@mdg-travel.com"">JUDY@mdg-travel.com</a>","<a href=""nan"">nan</a>",
"מ.ק.ת.ש. קונסולטינם בע""מ","<a href=""tel:054 4878575"">054 4878575</a>",תרצה חננאל,"<a href=""mailto:tmhananel@gmail.com"">tmhananel@gmail.com</a>","<a href=""https://uvidavid.wixsite.com/mcts"">https://uvidavid.wixsite.com/mcts</a>",
מאונט אוף אוליב טורס תיירות,"<a href=""tel:0546551264"">0546551264</a>",מוחמת חטיב,"<a href=""mailto:Omar@khatibtours.com"">Omar@khatibtours.com</a>","<a href=""nan"">nan</a>",
"מבט פלטינום בע""מ ","<a href=""tel:03-9618930"">03-9618930</a>",Ze'ev Gershtein,"<a href=""mailto:israel@mabat.com"">israel@mabat.com</a>","<a href=""http://www.mabat.com/"">http://www.mabat.com/</a>",03-9618940
מבשלים טיולים גיל רגב,"<a href=""tel:052-6769385"">052-6769385</a>",גיל רגב,"<a href=""mailto:gilregev2@gmail.com"">gilregev2@gmail.com</a>","<a href=""https://www.gilregev.com"">https://www.gilregev.com</a>",072-2448922
"מג'די טורס בע""ם","<a href=""tel:0523327879"">0523327879</a>",KIM PASSY-YOSEPH,"<a href=""mailto:KIM@MEJDITOURS.COM"">KIM@MEJDITOURS.COM</a>","<a href=""https://WWW.MEJDITOURS.COM"">https://WWW.MEJDITOURS.COM</a>",
מדקרוזס  קרוזס הים התיכון,"<a href=""tel:03 9272727"">03 9272727</a>",ענת סמובסקי,"<a href=""mailto:med_cru@medcruises.co.il"">med_cru@medcruises.co.il</a>","<a href=""https://WWW.MEDCRUISES.CO.IL"">https://WWW.MEDCRUISES.CO.IL</a>",03 9343914
מדרפט,"<a href=""tel:073-7000238"">073-7000238</a>",Yulia Shiskova,"<a href=""mailto:amitl@medraft.co.il / yulias@medraft.co.il"">amitl@medraft.co.il / yulias@medraft.co.il</a>","<a href=""http://medraft.co.il/"">http://medraft.co.il/</a>",073-7948812
מדרפט טבע והרפתקאות,"<a href=""tel:972-03-5780555 ext. 413"">972-03-5780555 ext. 413</a>",מני יצחקי,"<a href=""mailto:meni@medraft.co.il"">meni@medraft.co.il</a>","<a href=""https://medraftisrael.com"">https://medraftisrael.com</a>",972-03-7256552
"מוזאיק שרותי תיירות בינלאומים בע""מ","<a href=""tel:025799911"">025799911</a>",שמואל זקסנברג,"<a href=""mailto:shmuel@mosaic-tours.com"">shmuel@mosaic-tours.com</a>","<a href=""nan"">nan</a>",025799922
"מטיילי ים המלח בע""מ","<a href=""tel:050 5884333;  08 6584392"">050 5884333;  08 6584392</a>",חאג' עאמר עארף,"<a href=""mailto:Deadseatours421@gmail.com"">Deadseatours421@gmail.com</a>","<a href=""https://WWW.DEADSEATOURISM.CO.IL"">https://WWW.DEADSEATOURISM.CO.IL</a>",08 8584055
ממריאים נסיעות ותיירות,"<a href=""tel:03-5757471"">03-5757471</a>",Izak Penso,"<a href=""mailto:itzikp@planetto.co.il"">itzikp@planetto.co.il</a>","<a href=""http://www.getswot.com/company.asp?ID=513616904"">http://www.getswot.com/company.asp?ID=513616904</a>",03-5757472
מסע יהודי,"<a href=""tel:02-566-1001"">02-566-1001</a>",Deena Hassan,"<a href=""mailto:office@tjj.co.il"">office@tjj.co.il</a>","<a href=""http://www.jewishjourney.org/?lang=2"">http://www.jewishjourney.org/?lang=2</a>",02-566-2040
מסע יהודי,"<a href=""tel:02-566-1001"">02-566-1001</a>",Deena Hassan,"<a href=""mailto:deena@tjj.co.il"">deena@tjj.co.il</a>","<a href=""http://www.jewishjourney.org/?lang=2"">http://www.jewishjourney.org/?lang=2</a>",02-566-2040
מסע ירושלמי,"<a href=""tel:0549191647/02-5661001"">0549191647/02-5661001</a>",ארנון כץ,"<a href=""mailto:arnon@tjj.co.il"">arnon@tjj.co.il</a>","<a href=""https://www.jerusalemjourney.co.il"">https://www.jerusalemjourney.co.il</a>",
מצדה טורס,"<a href=""tel:972-3-5444454"">972-3-5444454</a>",Myriam Jaui,"<a href=""mailto:info@mazadatours.com"">info@mazadatours.com</a>","<a href=""https://www.mazadatours.com"">https://www.mazadatours.com</a>",972-3-5461928
"מר פיינשמקר בע""מ","<a href=""tel:0528219286"">0528219286</a>",גלעד גוטפלד,"<a href=""mailto:gilad@mrfein.com"">gilad@mrfein.com</a>","<a href=""https://mrfein.com"">https://mrfein.com</a>",
מרכז קשת,"<a href=""tel:02-6713518"">02-6713518</a>",Jaqueline Hentagan,"<a href=""mailto:info@keshetisrael.co.il"">info@keshetisrael.co.il</a>","<a href=""http://www.keshetisrael.co.il/"">http://www.keshetisrael.co.il/</a>",02-6713624
"מרל טורס בע""מ","<a href=""tel:0547944097"">0547944097</a>",ולריה כהנר,"<a href=""mailto:valeria@maral-tours.com"">valeria@maral-tours.com</a>","<a href=""https://www.maraltours.net"">https://www.maraltours.net</a>",098942447
"נאסרה 2000 נסיעות ותיירות בע""מ","<a href=""tel:04 6451220"">04 6451220</a>",בסאם כורזים,"<a href=""mailto:bassam@nazareth2000.com"">bassam@nazareth2000.com</a>","<a href=""https://nazareth2000.com"">https://nazareth2000.com</a>",04 6451221
נוח טורס,"<a href=""tel:02-5666601"">02-5666601</a>",Guy Timberg,"<a href=""mailto:sales@noahtours.com"">sales@noahtours.com</a>","<a href=""http://www.noahtours.com"">http://www.noahtours.com</a>",02-6339959
"נופר נופש וטיולים בע""מ","<a href=""tel:03-5346484"">03-5346484</a>",עופר הליג,"<a href=""mailto:Ofer@nufartours.co.il"">Ofer@nufartours.co.il</a>","<a href=""https://www.nufartours.co.il/en/"">https://www.nufartours.co.il/en/</a>",03-5351739
נזארין תיירות,"<a href=""tel:04-6470797"">04-6470797</a>",שריף זועבי,"<a href=""mailto:zsharif@nazarene-tours.com"">zsharif@nazarene-tours.com</a>","<a href=""http://www.nazarene-tours.com/"">http://www.nazarene-tours.com/</a>",04-6566505
נט טורס,"<a href=""tel:972 2 5328720"">972 2 5328720</a>",Fadi Abu-Dayyeh,"<a href=""mailto:fadi@netours.com"">fadi@netours.com</a>","<a href=""https://www.netours.com"">https://www.netours.com</a>",
"ניצן שירותי תיירות בע""מ","<a href=""tel:972 52 2721455"">972 52 2721455</a>",ניר ניצן,"<a href=""mailto:nirtoursmail4u@gmail.com"">nirtoursmail4u@gmail.com</a>","<a href=""https://nirtours4u.co.il"">https://nirtours4u.co.il</a>",972 8 8594193
"נעואס טורסט אג'נסי בע""מ","<a href=""tel:02 6282491/026261788"">02 6282491/026261788</a>","שיפה בקלה , ג'מיל רזוק","<a href=""mailto:nawas@nawasjrs.com"">nawas@nawasjrs.com</a>","<a href=""nan"">nan</a>",02 6285755
"נפתלי טורס בע""מ","<a href=""tel:03 5224142"">03 5224142</a>",,"<a href=""mailto:office@naftalitours.com"">office@naftalitours.com</a>","<a href=""http://www.naftalitours.com"">http://www.naftalitours.com</a>",972-3-5224143
"נקודת חן איזראלי גייד בע""מ","<a href=""tel:03 5102916, 0504949409"">03 5102916, 0504949409</a>",יריב חן,"<a href=""mailto:yariv@israeliguide.com"">yariv@israeliguide.com</a>","<a href=""https://www.israeliquide.com"">https://www.israeliquide.com</a>",035480807
"נתיביתי טורס ונסיעות 2007 בע""מ","<a href=""tel:02 6262312"">02 6262312</a>",לטיפה וקילה,"<a href=""mailto:nativity@nativityjrs.com"">nativity@nativityjrs.com</a>","<a href=""https://nativitytoursjerusalem.com"">https://nativitytoursjerusalem.com</a>",02 6275791
סאנווי,"<a href=""tel:03-6992251"">03-6992251</a>",זלטקו הירשל,"<a href=""mailto:sun@sunwaytours.com"">sun@sunwaytours.com</a>","<a href=""http://sunwaytours.com/"">http://sunwaytours.com/</a>",03-6992295
סביב העולם,"<a href=""tel:03-5163163"">03-5163163</a>",Valeri Raimes,"<a href=""mailto:rtw@netvision.net.il"">rtw@netvision.net.il</a>","<a href=""http://www.rtw.co.il/"">http://www.rtw.co.il/</a>",03-5166883
"סוכנות דקאק לתיירות בע""מ","<a href=""tel:02-6282525, 054-906-9832"">02-6282525, 054-906-9832</a>",אוליביה דקאק,"<a href=""mailto:tours@dakkaktouristagency.com"">tours@dakkaktouristagency.com</a>","<a href=""https://www.dakkaktouristagency.com"">https://www.dakkaktouristagency.com</a>",02-6282526
סומסון טורס,"<a href=""tel:077 2152575"">077 2152575</a>",,"<a href=""mailto:SALES@SAMSONTOURS.COM"">SALES@SAMSONTOURS.COM</a>","<a href=""https://WWW.SAMSONTOURS.COM"">https://WWW.SAMSONTOURS.COM</a>",
סופרב שירותי תיירות,"<a href=""tel:03-9731780, 0542266717"">03-9731780, 0542266717</a>","שלומי, עירן","<a href=""mailto:SUPERB@SUPERB.CO.IL"">SUPERB@SUPERB.CO.IL</a>","<a href=""https://SUPERB-PRIVATE-TOURS.COM"">https://SUPERB-PRIVATE-TOURS.COM</a>",03-9731781
סחלב,"<a href=""tel:026540740"">026540740</a>",Divon Yron,"<a href=""mailto:office@sachlav.co.il"">office@sachlav.co.il</a>","<a href=""https://sachlav.com"">https://sachlav.com</a>",
סטפס טורס,"<a href=""tel:02 5805719"">02 5805719</a>",עבד  קלוואטי,"<a href=""mailto:info@stepstours.com"">info@stepstours.com</a>","<a href=""https://www.steptours.com"">https://www.steptours.com</a>",
סי אי אנד איי או,"<a href=""tel:052-5183110"">052-5183110</a>",עופר מזרחי,"<a href=""mailto:nan"">nan</a>","<a href=""https://www.yvel.com/"">https://www.yvel.com/</a>",
סי.איי פאלמר,"<a href=""tel:03-6201228/9"">03-6201228/9</a>","Marta Yakveziner, Yosi Zaldis, Carlos Arlovski","<a href=""mailto:dir.gen@capalmer-tours.com"">dir.gen@capalmer-tours.com</a>","<a href=""http://www.capalmer-tours.com"">http://www.capalmer-tours.com</a>",03-6201230
סי.טי.או.,"<a href=""tel:03-5235255"">03-5235255</a>",Noam Ashad,"<a href=""mailto:noam@ctotours.com"">noam@ctotours.com</a>","<a href=""https://ctoisraeltours.com"">https://ctoisraeltours.com</a>",03-5235255
"סייף טריפ טראוול & וויקישון בע""מ","<a href=""tel:0502892701"">0502892701</a>",ציפורי פיראס,"<a href=""mailto:FIRAS@STT-V.COM"">FIRAS@STT-V.COM</a>","<a href=""https://STT-V.COM"">https://STT-V.COM</a>",048517344
סינגוג ישראל אופיס אנד טורס,"<a href=""tel:025340964"">025340964</a>",יעל פרידמן ואטורי,"<a href=""mailto:isryaf@gmail.com"">isryaf@gmail.com</a>","<a href=""https://sy-israel-tours.com"">https://sy-israel-tours.com</a>",025340965
סינגיולאר תיירות ישראל,"<a href=""tel:0542121600"">0542121600</a>",Igal Gitelman,"<a href=""mailto:info@uisraeltours.co.il"">info@uisraeltours.co.il</a>","<a href=""https://uisrael.tours"">https://uisrael.tours</a>",
סיסרון טרוול,"<a href=""tel:0547357733"">0547357733</a>",בנה מנטל,"<a href=""mailto:benamantel@gmail.com"">benamantel@gmail.com</a>","<a href=""https://ciceronetravel.com"">https://ciceronetravel.com</a>",
"סיקרט גארדנס טורס בע""מ","<a href=""tel:052 5986715"">052 5986715</a>",ג'ודית סיסה,"<a href=""mailto:JUDITH@SECRETGARDENSTOURS.COM"">JUDITH@SECRETGARDENSTOURS.COM</a>","<a href=""https://WWW.SECRETGARDENSTOURS.COM"">https://WWW.SECRETGARDENSTOURS.COM</a>",
סמארה טורס,"<a href=""tel:02 6271956, 054 2375288"">02 6271956, 054 2375288</a>",כריסטינה סמארה,"<a href=""mailto:nan"">nan</a>","<a href=""https://christina.samara@samaratours.com"">https://christina.samara@samaratours.com</a>",02 6271956
סמארטריפ  ישראל,"<a href=""tel:03 5223622"">03 5223622</a>",אנה סקורלטוב,"<a href=""mailto:info@smartrip-israel.com"">info@smartrip-israel.com</a>","<a href=""https://SMARTRIP ISRAEL"">https://SMARTRIP ISRAEL</a>",
סמסון טורס,"<a href=""tel:077-2152575"">077-2152575</a>",Eitan Chamberlin,"<a href=""mailto:sales@samsontours.com"">sales@samsontours.com</a>","<a href=""http://www.samsontours.com"">http://www.samsontours.com</a>",153-77-215-2575
"ספילה טורס בע""מ","<a href=""tel:054 4477689"">054 4477689</a>",ביסולי סברינה,"<a href=""mailto:sabrina.safila@yahoo.com"">sabrina.safila@yahoo.com</a>","<a href=""nan"">nan</a>",
"ספיריט טורס הולי לנד בע""מ","<a href=""tel:0522444421"">0522444421</a>",וג'ה קוואסמי,"<a href=""mailto:spiritoursus@gmail.com"">spiritoursus@gmail.com</a>","<a href=""https://www.spiritours.us"">https://www.spiritours.us</a>",15326732466
סקופוס וורלד טרוול,"<a href=""tel:074-7022750"">074-7022750</a>",Anil Avraham,"<a href=""mailto:scopustravel@gmail.com"">scopustravel@gmail.com</a>","<a href=""http://www.scopusworldtravel.com/"">http://www.scopusworldtravel.com/</a>",08-6376594
"עד עולם טורס בע""מ","<a href=""tel:972 8 9952182"">972 8 9952182</a>",יואל ברקוביץ,"<a href=""mailto:tikvah@adolamtours.com"">tikvah@adolamtours.com</a>","<a href=""https://adolamtours.com"">https://adolamtours.com</a>",972 8 9397848
"עווד ושות סוכנות נסיעות בע""מ","<a href=""tel:026284021"">026284021</a>",Charly Awad,"<a href=""mailto:admin@awad-tours.com"">admin@awad-tours.com</a>","<a href=""http://www.awad-tours.com/"">http://www.awad-tours.com/</a>",026287990
"עווד ושות סוכנות נסיעות בע""מ","<a href=""tel:0544451519"">0544451519</a>",Charly Awad,"<a href=""mailto:admin@awad-tours.com"">admin@awad-tours.com</a>","<a href=""http://www.awad-tours.com/"">http://www.awad-tours.com/</a>",026287990
"עווד ושות' סוכנות נסיעות בע""מ","<a href=""tel:026284021"">026284021</a>",שארלי עווד,"<a href=""mailto:ADMIN@AWAD-TOURS.COM"">ADMIN@AWAD-TOURS.COM</a>","<a href=""https://WWW.AWAD-TOURS.COM"">https://WWW.AWAD-TOURS.COM</a>",026287990
עולם הצליינות,"<a href=""tel:09-7668753"">09-7668753</a>",Andrea Shermon,"<a href=""mailto:info@pilgrimworld.com"">info@pilgrimworld.com</a>","<a href=""http://www.pilgrimworld.com/"">http://www.pilgrimworld.com/</a>",09-7668614
"עלית נסיעות ותיירות בע""מ","<a href=""tel:03-5757777"">03-5757777</a>",Daniela Horowitz,"<a href=""mailto:daniela@elite-travel.co.il"">daniela@elite-travel.co.il</a>","<a href=""http://www.elite-travel.co.il/"">http://www.elite-travel.co.il/</a>",03-5757666
עמי טראוול,"<a href=""tel:0544231736"">0544231736</a>",יאיר מזור,"<a href=""mailto:YAIRMAZUR@GMAIL.COM"">YAIRMAZUR@GMAIL.COM</a>","<a href=""https://WWW.AMITRAVEL.COM"">https://WWW.AMITRAVEL.COM</a>",09-7748670
עמיאל,"<a href=""tel:03-5388444"">03-5388444</a>",Mrs. Idit Haiman,"<a href=""mailto:mngt@amiel.israel.net"">mngt@amiel.israel.net</a>","<a href=""http://www.amiel.com/"">http://www.amiel.com/</a>",03-5336061
עמנואל טורס,"<a href=""tel:08-9405123"">08-9405123</a>",Susan Asher,"<a href=""mailto:incoming@immanuel-tours.com"">incoming@immanuel-tours.com</a>","<a href=""http://www.immanuel-tours.com/"">http://www.immanuel-tours.com/</a>",08-9403550
פאטרא,"<a href=""tel:08-9368855"">08-9368855</a>",Gad Graiber,"<a href=""mailto:gad@patra.co.il"">gad@patra.co.il</a>","<a href=""www.patra.co.il"">www.patra.co.il</a>",08-5757666
פאלמר טורס,"<a href=""tel:03 6201228/9, 972 54 4687708"">03 6201228/9, 972 54 4687708</a>",מרטה יעקבצינר,"<a href=""mailto:palmer@netvision.net.il"">palmer@netvision.net.il</a>","<a href=""nan"">nan</a>",972 3 6201230
"פאלקס תורס בע""מ","<a href=""tel:04-6660510"">04-6660510</a>",Karal Meir,"<a href=""mailto:carel@palex.co.il"">carel@palex.co.il</a>","<a href=""http://www.palextours.com/"">http://www.palextours.com/</a>",04-8522491
פאן טורס,"<a href=""tel:050-3350639"">050-3350639</a>",Ishay Lev-Ran,"<a href=""mailto:ishay@funtours.co.il"">ishay@funtours.co.il</a>","<a href=""http://www.funtours.co.il"">http://www.funtours.co.il</a>",04-8732999
פאן טיים,"<a href=""tel:072 2222044"">072 2222044</a>",פיני פאר,"<a href=""mailto:info@fun-time.org.il"">info@fun-time.org.il</a>","<a href=""https://www.fun-time.co.il"">https://www.fun-time.co.il</a>",0773320300
פארגון (דן כנסים),"<a href=""tel:03-5767740"">03-5767740</a>",Ruti Erazi,"<a href=""mailto:Rarazy@paragong.com"">Rarazy@paragong.com</a>","<a href=""http://www.paragong.com/"">http://www.paragong.com/</a>",03-6133341
פגאס,"<a href=""tel:03 5784793"">03 5784793</a>","מנחם שקד, גלית שקד רובין","<a href=""mailto:meshaked@inter.net.il"">meshaked@inter.net.il</a>","<a href=""https://PGEGAS"">https://PGEGAS</a>",03 5784786
פולאריס תעופה ותיירות,"<a href=""tel:03-6915580"">03-6915580</a>",Yoel Sagy,"<a href=""mailto:joel@polaris.co.il"">joel@polaris.co.il</a>","<a href=""http://polaris.co.il/"">http://polaris.co.il/</a>",03-6965596
פורום טרוול,"<a href=""tel:054-6740020"">054-6740020</a>",Orly Glassman,"<a href=""mailto:orly@exponet.co.il"">orly@exponet.co.il</a>","<a href=""http://forum-travel.co.il/"">http://forum-travel.co.il/</a>",03-5102151
"פטרו לוגוס טורס בע""מ","<a href=""tel:050 5283820, 02 5418777"">050 5283820, 02 5418777</a>",ריזק פטרו,"<a href=""mailto:rizek@plogostours.com"">rizek@plogostours.com</a>","<a href=""https://www.plogostours.com"">https://www.plogostours.com</a>",02 6417677
פי.או.אן טורס,"<a href=""tel:046451903, 0549879244"">046451903, 0549879244</a>",לביב קורדחגי,"<a href=""mailto:Pontravel20@gmail.com"">Pontravel20@gmail.com</a>","<a href=""https://WWW.PON-TRAVEL.COM"">https://WWW.PON-TRAVEL.COM</a>",046472647
"פיג טריפס בע""מ","<a href=""tel:972545720017"">972545720017</a>",ישי לוין,"<a href=""mailto:contact@figtrips.com"">contact@figtrips.com</a>","<a href=""https://www.fig-trips.com"">https://www.fig-trips.com</a>",
פיקדילי נסיעות ותיירות,"<a href=""tel:054-4611416"">054-4611416</a>",Arik Harel,"<a href=""mailto:arik@piccadilly.co.il"">arik@piccadilly.co.il</a>","<a href=""http://www.tagent.co.il/Supplier-279450/%D7%A4%D7%99%D7%A7%D7%93%D7%99%D7%9C%D7%99-%D7%A0%D7%A1%D7%99%D7%A2%D7%95%D7%AA-%D7%95%D7%AA%D7%99%D7%99%D7%A8%D7%95%D7%AA-%D7%91%D7%A2%D7%9E"">http://www.tagent.co.il/Supplier-279450/%D7%A4%D7%99%D7%A7%D7%93%D7%99%D7%9C%D7%99-%D7%A0%D7%A1%D7%99%D7%A2%D7%95%D7%AA-%D7%95%D7%AA%D7%99%D7%99%D7%A8%D7%95%D7%AA-%D7%91%D7%A2%D7%9E</a>",03-9518587
פלמר טורס,"<a href=""tel:972 3 6201228, 972 3 6201229"">972 3 6201228, 972 3 6201229</a>",מרטה יעקבצינר,"<a href=""mailto:palmer@netvision.net.il"">palmer@netvision.net.il</a>","<a href=""nan"">nan</a>",972 3 6201230
"פעם בחיים בע""מ","<a href=""tel:0505252743"">0505252743</a>",עופר לוי,"<a href=""mailto:ofer@israelrevealed.com"">ofer@israelrevealed.com</a>","<a href=""https://israelrevealed.com"">https://israelrevealed.com</a>",
"פראטרנום טורס בע""מ","<a href=""tel:02 5787774, 0546554950"">02 5787774, 0546554950</a>",חורי אנדרי,"<a href=""mailto:FRATERNUM@BEZEQINT.net"">FRATERNUM@BEZEQINT.net</a>","<a href=""https://www.fraternumtours.com"">https://www.fraternumtours.com</a>",026767266
"פרידנז טורס בע""מ","<a href=""tel:054-2858740"">054-2858740</a>",חנין דסוקי,"<a href=""mailto:haneen@travelwithfriends.com"">haneen@travelwithfriends.com</a>","<a href=""https://www.friendstoursitd.com"">https://www.friendstoursitd.com</a>",02-6567479
"פרנדז טורס בע""מ","<a href=""tel:054 2858740"">054 2858740</a>",חנין דסיוקי,"<a href=""mailto:haneen@travelwithfriends.com"">haneen@travelwithfriends.com</a>","<a href=""https://www.friendstoursltd.com"">https://www.friendstoursltd.com</a>",02 6567479
צור טורס,"<a href=""tel:054-5308429"">054-5308429</a>",אליהו צור,"<a href=""mailto:eli@tzurtours.com"">eli@tzurtours.com</a>","<a href=""https://tzurtours.com/"">https://tzurtours.com/</a>",
"צעדי ענק פעילויות תוכן בע""מ","<a href=""tel:0507208027"">0507208027</a>",אורה מרין,"<a href=""mailto:ora@giantleaps.co.il"">ora@giantleaps.co.il</a>","<a href=""https://www.giantleaps.co.il/"">https://www.giantleaps.co.il/</a>",
"ק.פ. מיטרופול בע""מ","<a href=""tel:02 5821332"">02 5821332</a>",מחמוד סיאד,"<a href=""mailto:cptravel01@gmail.com"">cptravel01@gmail.com</a>","<a href=""nan"">nan</a>",02 5804327
"קדמה חוויה בישראל בע""מ","<a href=""tel:08-9704139"">08-9704139</a>",Leah Epstein-Steinmetz,"<a href=""mailto:leah@kedmatravel.com"">leah@kedmatravel.com</a>","<a href=""http://www.kedmatravel.com/"">http://www.kedmatravel.com/</a>",08-9751752
"קול האמונה תיירות בע""מ","<a href=""tel:026481045"">026481045</a>",דנחו סנחרי,"<a href=""mailto:accounting@voftours.com"">accounting@voftours.com</a>","<a href=""https://VOFTours.com"">https://VOFTours.com</a>",026481438
"קומפס טרוול ישראל בע""מ","<a href=""tel:0587076611"">0587076611</a>",ראובן סדרמן,"<a href=""mailto:info@compasstravel.co.il"">info@compasstravel.co.il</a>","<a href=""https://compasstravelisrael.com"">https://compasstravelisrael.com</a>",
"קומרי פילגרימגיס בע""מ","<a href=""tel:02 6569047"">02 6569047</a>",איאד,"<a href=""mailto:iqumri@iyadqumripilgrimages.com"">iqumri@iyadqumripilgrimages.com</a>","<a href=""https://iyadqumripilgrimages.com"">https://iyadqumripilgrimages.com</a>",
קונקסיון ישראל,"<a href=""tel:054 4361411"">054 4361411</a>",גבריאל סלומון שוקרון,"<a href=""mailto:gabriel@conexionisrael.com"">gabriel@conexionisrael.com</a>","<a href=""nan"">nan</a>",
"קוראל נסיעות ותיירות בע""מ","<a href=""tel:03-7360429"">03-7360429</a>",Ayelet Rotem,"<a href=""mailto:ayelet@coraltours.co.il"">ayelet@coraltours.co.il</a>","<a href=""http://www.coraltours.co.il/"">http://www.coraltours.co.il/</a>",03-5346646
קינגסונס טראוול,"<a href=""tel:972 4 8677585"">972 4 8677585</a>",יגאל גיטלמן,"<a href=""mailto:info@kingsonstravel.com"">info@kingsonstravel.com</a>","<a href=""https://www.kingsonstravel.com"">https://www.kingsonstravel.com</a>",
קלי טורס,"<a href=""tel:09-7462210"">09-7462210</a>",Paola Frejlich,"<a href=""mailto:paola@keli-tours.co.il"">paola@keli-tours.co.il</a>","<a href=""http://www.keli-tours.co.il/"">http://www.keli-tours.co.il/</a>",09-7462208
קריסטינה טורס,"<a href=""tel:0506404326, 048535894"">0506404326, 048535894</a>",קיסטינה,"<a href=""mailto:office@cristinatravel.com"">office@cristinatravel.com</a>","<a href=""https://www.cristinatravel.co.il"">https://www.cristinatravel.co.il</a>",972 50 6404326
קשרי תעופה - Easy Israel,"<a href=""tel:072-2222232"">072-2222232</a>",David Asulin,"<a href=""mailto:david@easyisrael.com"">david@easyisrael.com</a>","<a href=""http://www.easyisrael.com/"">http://www.easyisrael.com/</a>",072-2502690
קשת,"<a href=""tel:+972-2-6713518"">+972-2-6713518</a>",ג'ף וינסטון,"<a href=""mailto:INFO@KETSHETISRAEL.CO.IL"">INFO@KETSHETISRAEL.CO.IL</a>","<a href=""https://www.keshetjourneys.com, www.keshetisrael.co.il"">https://www.keshetjourneys.com, www.keshetisrael.co.il</a>",+972-2-6713624
"ראג'י טורס אנד טרוול בע""מ","<a href=""tel:052-5941448"">052-5941448</a>",סרי הזו,"<a href=""mailto:INFO@RAJITOURS.COM"">INFO@RAJITOURS.COM</a>","<a href=""https://WWW.RAJITOURS.COM"">https://WWW.RAJITOURS.COM</a>",
ראג'י טרוס אנד טרוול,"<a href=""tel:972 2 6446279, 972 54 2289147"">972 2 6446279, 972 54 2289147</a>",סרי חזו,"<a href=""mailto:info@rajitours.com"">info@rajitours.com</a>","<a href=""https://www/rajitours.com"">https://www/rajitours.com</a>",972 2 5787766
רג'ואן,"<a href=""tel:02-6259334"">02-6259334</a>",Elana Pevzner,"<a href=""mailto:elena@rejwan.co.il"">elena@rejwan.co.il</a>","<a href=""http://www.rejwan.ru"">http://www.rejwan.ru</a>",02-6259330
רג'ינה טורס,"<a href=""tel:+972544869677"">+972544869677</a>",בנימין שביט,"<a href=""mailto:benji@reginatours.com"">benji@reginatours.com</a>","<a href=""http://www.reginatours.com"">http://www.reginatours.com</a>",02-5871877
רובין טורס,"<a href=""tel:03-6575544"">03-6575544</a>",Ana Lenin,"<a href=""mailto:asafrubin@hotmail.com"">asafrubin@hotmail.com</a>","<a href=""http://www.rubinisrael.ru/"">http://www.rubinisrael.ru/</a>",03-6575546
רוטס טרוול וטורס,"<a href=""tel:02-6322000"">02-6322000</a>",,"<a href=""mailto:ely@routestravel.com"">ely@routestravel.com</a>","<a href=""https://www.routestravel.com"">https://www.routestravel.com</a>",02-6438154
רויאל אינטרנשיונל,"<a href=""tel:09-9505951"">09-9505951</a>",Yosi Feit,"<a href=""mailto:incoming@royal.co.il"">incoming@royal.co.il</a>","<a href=""http://www.royal.co.il/"">http://www.royal.co.il/</a>",09-9576038
"רויאל טראוול גרופ' בע""מ","<a href=""tel:972 54 6909292, +1 347 7528456"">972 54 6909292, +1 347 7528456</a>",אולגה לב,"<a href=""mailto:olga@royaltravel.co.il"">olga@royaltravel.co.il</a>","<a href=""https://royaltravel.co.il"">https://royaltravel.co.il</a>",03-6996228
ריביירה טורס,"<a href=""tel:972 54 5777340, 972 52 8969916, 972 4 6081010"">972 54 5777340, 972 52 8969916, 972 4 6081010</a>",רוהאם נימרי,"<a href=""mailto:ruham@riviera-tours.net"">ruham@riviera-tours.net</a>","<a href=""https://www.riviera-tours.net"">https://www.riviera-tours.net</a>",972 4 6464031
רמה ישראל,"<a href=""tel:972 2 6790243"">972 2 6790243</a>",מאיר הויזמן,"<a href=""mailto:info@ramah.co.il"">info@ramah.co.il</a>","<a href=""https://ramah.org.il"">https://ramah.org.il</a>",972 2 6792069
רנאסר טורס,"<a href=""tel:072-2515385"">072-2515385</a>",Yonatan Cherbakoff,"<a href=""mailto:info@renacertours.com"">info@renacertours.com</a>","<a href=""http://www.renacertours.com/"">http://www.renacertours.com/</a>",03-6489020
רנט -א-גייד,"<a href=""tel:972 3 - 5166699"">972 3 - 5166699</a>",גיא שרף,"<a href=""mailto:info@rent-a-guide.co.il"">info@rent-a-guide.co.il</a>","<a href=""https://rent-a-guide.co.il"">https://rent-a-guide.co.il</a>",972 3 5163369
רפול פרודקשן ותיירות,"<a href=""tel:0556609049"">0556609049</a>",אברהם ישעיהו הררי רפול,"<a href=""mailto:aviavi443@gmail.com"">aviavi443@gmail.com</a>","<a href=""nan"">nan</a>",
"רפי שלף אינטרנשיונל  בע""מ","<a href=""tel:03-7610603"">03-7610603</a>",מיכל ברוך,"<a href=""mailto:michal@internationaltc.co.il"">michal@internationaltc.co.il</a>","<a href=""http://www.international-travel.co.il/"">http://www.international-travel.co.il/</a>",03-7610862
רשיד,"<a href=""tel:04-6017788"">04-6017788</a>",Rashid Abu-Hana,"<a href=""mailto:rashid@rashidtours.com"">rashid@rashidtours.com</a>","<a href=""http://www.rashidtours.com/"">http://www.rashidtours.com/</a>",04-6453364
רשת טורס,"<a href=""tel:+972-3-6961930"">+972-3-6961930</a>",ניטו,"<a href=""mailto:nitoamarilio@reshet-tours.com"">nitoamarilio@reshet-tours.com</a>","<a href=""https://reshet-tours.com"">https://reshet-tours.com</a>",972-3-5275521
ש.ק. טיולים בטבע,"<a href=""tel:02-6726095"">02-6726095</a>",Tzachi Kedar,"<a href=""mailto:tzachi@sktours.net"">tzachi@sktours.net</a>","<a href=""http://www.sktours.net/"">http://www.sktours.net/</a>",02-6712936
שאטור חוויה ישראלית,"<a href=""tel:972 50 5383020"">972 50 5383020</a>",נתן שפירא,"<a href=""mailto:info@shatour.com"">info@shatour.com</a>","<a href=""https://shatour.com"">https://shatour.com</a>",972 2 5869250
"שביל בצד טיולים ונופש בע""מ","<a href=""tel:972 3 6727292"">972 3 6727292</a>",שמוליק כהן,"<a href=""mailto:shmulik@shvil.co.il"">shmulik@shvil.co.il</a>","<a href=""https://shvilolami.co.il"">https://shvilolami.co.il</a>",972 3 6737278
שביל בצד טראוול ותיירות,"<a href=""tel:03 6727292"">03 6727292</a>",שמוליק כהן,"<a href=""mailto:shmulik@shvil.co.il"">shmulik@shvil.co.il</a>","<a href=""https://shvilolami.co.il"">https://shvilolami.co.il</a>","03 6704069, 036737278"
שוני טראוול,"<a href=""tel:+972 54 454 3073"">+972 54 454 3073</a>",אמנון ויגלר,"<a href=""mailto:nan"">nan</a>","<a href=""https://SHONYTRAVEL.COM"">https://SHONYTRAVEL.COM</a>",
שטיח המעופף,"<a href=""tel:03-5151720"">03-5151720</a>",מילנה טובקוב,"<a href=""mailto:milenat@flying.co.il"">milenat@flying.co.il</a>","<a href=""http://www.flying-carpet.ru/"">http://www.flying-carpet.ru/</a>",03-5156527
שי נהון תיירות אקולוגית,"<a href=""tel:0540533177"">0540533177</a>",שי נהון,"<a href=""mailto:shai@shaitours.com"">shai@shaitours.com</a>","<a href=""https://www.shaitours.com"">https://www.shaitours.com</a>",
שין טורס,"<a href=""tel:02-9902775"">02-9902775</a>",Asaf Peled,"<a href=""mailto:Info@shin-tours.com"">Info@shin-tours.com</a>","<a href=""http://www.shin-tours.com"">http://www.shin-tours.com</a>",077-4703367
שפהרדס טורס,"<a href=""tel:0546891737"">0546891737</a>",נאדר ג'ורג' חביב חורי,"<a href=""mailto:Nader@shepherdstours.com"">Nader@shepherdstours.com</a>","<a href=""nan"">nan</a>",
שר-אל תיירות וכנסים,"<a href=""tel:02-5338000"">02-5338000</a>",Ariel Rotstein David Katz,"<a href=""mailto:ariel@sarel-tours.com ; david@sareltours.com; sarel@sareltours.com"">ariel@sarel-tours.com ; david@sareltours.com; sarel@sareltours.com</a>","<a href=""http://sareltours.com/"">http://sareltours.com/</a>",02-5789233
"שתור חוויה ישראלית בע""מ","<a href=""tel:02 5865267"">02 5865267</a>",,"<a href=""mailto:shatour@netvision.net.il"">shatour@netvision.net.il</a>","<a href=""https://SHATOUR.COM"">https://SHATOUR.COM</a>",02-5869250
תור מייל,"<a href=""tel:09-9668686"">09-9668686</a>",Haim Baida,"<a href=""mailto:to-mi@tour-mile.com"">to-mi@tour-mile.com</a>","<a href=""http://www.tour-mile.com/"">http://www.tour-mile.com/</a>",09-7724491
"תידורי טורס אנד סירביסיס בע""מ","<a href=""tel:0547347879"">0547347879</a>",ג'ריס,"<a href=""mailto:jiries@tts-jer.com"">jiries@tts-jer.com</a>","<a href=""https://tts-jer.com"">https://tts-jer.com</a>",025322915
"תיירות העולם א.ז. בע""מ","<a href=""tel:054-7006347, 050 7928737"">054-7006347, 050 7928737</a>","איזבל אזואלוס עזרא, פרנק אזואלוס","<a href=""mailto:contact@tourismedumonde.com"">contact@tourismedumonde.com</a>","<a href=""http://www.tourisme-du-monde.com/"">http://www.tourisme-du-monde.com/</a>",
"תמרה טורס 2014 בע""מ","<a href=""tel:02 6262161"">02 6262161</a>",קאסם אבו אל תיו,"<a href=""mailto:info@tamara-tours.com"">info@tamara-tours.com</a>","<a href=""https://tours.com-tamara"">https://tours.com-tamara</a>",02 6285116
