institution,address,city,contact,phone,email,remarks
"אורנים, המכללה האקדמית לחינוך – מרכז ק.מ.ה",דואר טבעון 3600600,טבעון,מאיה רוזן,"<a href=""tel:049539669p1"">שלוחה 1 04-9539669</a>","<a href=""mailto:teuda@oranim.ac.il"">teuda@oranim.ac.il</a>",קורס בעברית בלבד
בית הספר לתיירות (שלוחת חיפה),רחוב הנמל 65 חיפה 33032,חיפה, יאיר זריבי,"<a href=""tel:04-8240367"">04-8240367</a>","<a href=""mailto:infoshivuk@gmail.com"">infoshivuk@gmail.com</a>",קורס בעברית בלבד
בית הספר לתיירות (שלוחת ירושלים),"ת""ד 39222  ירושלים 91391",ירושלים,בתי סומך,"<a href=""tel:02-6796579"">02-6796579</a>","<a href=""mailto:tourism@netvision.net.il"">tourism@netvision.net.il</a>",קורס בעברית ובאנגלית
בית הספר לתיירות (שלוחת תל-אביב),"ת""ד 22273  תל-אביב 61227",תל אביב,רונה אייזנברג,"<a href=""tel:03-6055916 "">03-6055916 </a>","<a href=""mailto:isot3@netvision.net.il"">isot3@netvision.net.il</a>",קורס בעברית ובאנגלית
"בית הספר לתיירות ולפנאי אתגרי, המרכז האקדמי לוינסקי וינגייט","המכללה האקדמית בוינגייט, דאר מכון וינגייט, נתניה 4290200",נתניה,גילה זוהר,"<a href=""tel:09-8639263 "">09-8639263 </a>","<a href=""mailto:xcool@wincol.ac.il"">xcool@wincol.ac.il</a>",קורס בעברית בלבד
בית יציב,רחוב העצמאות 79 באר שבע,באר שבע,איילת פטו,"<a href=""tel:08-6237149 "">08-6237149 </a>","<a href=""mailto:ayeletp@openu.ac.il"">ayeletp@openu.ac.il</a>",קורס בעברית בלבד
יד יצחק בן צבי,רח' אברבנאל 12 ירושלים,ירושלים, אורית גרינבלט,"<a href=""tel:02-5398891"">02-5398891</a>","<a href=""mailto:orit@ybz.org.il"">orit@ybz.org.il</a>",קורס בעברית בלבד
מכון אבשלום לידיעת הארץ,רח' שושנה פרסיץ תל אביב,תל אביב,שי רוזן,"<a href=""tel:03-6990735 "">03-6990735 </a>","<a href=""mailto:m_avshalom@macam.ac.il"">m_avshalom@macam.ac.il</a>",קורס בעברית בלבד
"מכון נצרות לתיירות, מלונאות והנהלה","ת""ד 2375 נצרת 16000",נצרת,דימה מוסמר,"<a href=""tel:04-6106611 "">04-6106611 </a>","<a href=""mailto:dima@nazarethboard.org"">dima@nazarethboard.org</a>",קורס בעברית בלבד
מכללת הרצוג,"קמפוס היכל שלמה, רחוב המלך ג'ורג' 58 ירושלים",ירושלים,יונינה,"<a href=""tel:02-5889004"">02-5889004</a>","<a href=""mailto: tiyulim@herzog.ac.il""> tiyulim@herzog.ac.il</a>",קורס בעברית בלבד
מכללת עמק הירדן,"המרכז האזורי צמח, עמק הירדן 15132",עמק הירדן, דגנית ליש,"<a href=""tel:04-6653610"">04-6653610</a>","<a href=""mailto:courses@kinneret.ac.il"">courses@kinneret.ac.il</a>",קורס בעברית בלבד
